main_image_id,image_path,color,model_name,product_type,style,material,fabric_type,pattern,item_shape
71agP6m-f9L,92/9277663f.jpg,Sily274,,SAUTE_FRY_PAN,,Aluminum body,,,
91AkaSJJ0JL,89/89b25762.jpg,,,ART_AND_CRAFT_SUPPLY,,,,,
61vFnM5v8ML,34/34075727.jpg,,,VITAMIN,,,,,
71XdkmQwm4L,99/99026a4b.jpg,,,VEHICLE_LIGHT_BULB,H4,Metall,,,
816qE9ljSPL,75/75347621.jpg,Dark Bronze,,BED,,Metal,,,
81Op4I7Xx-L,25/25a823e0.jpg,아이보리,,STOOL_SEATING,,灰石色,,,
71a5AHzDkPL,4d/4d231f38.jpg,,,VEGETABLE,,,,,
61ZA1cbvFgL,69/69bbc351.jpg,White,,DESK,Curved Desk,Wood,,,Rectangle
91vd7GHEbtL,75/751fd5e0.jpg,Nude,,WALLET,Wallet,Synthetic,,,
71XxzLT1+GL,84/84a58b14.jpg,Aspecto de gamuza arena.,Marsh_syntetic,BOOT,Botas Chelsea de ante,,,,
71+kIaM4XKL,7d/7d4829ea.jpg,,,FOOD_SERVICE_SUPPLY,,,,,
81GzbnbSv3L,a1/a15bff75.jpg,Hammertone Grey,,STORAGE_HOOK,J Hook,,,,
71W4Hn06F8L,46/46fb261f.jpg,Red/Black,,JANITORIAL_SUPPLY,Fine,,,,
81SuWpevLuL,da/da45b27a.jpg,,,MOUTHWASH,Mouthwash,,,,
71sAITreztL,3a/3ada1295.jpg,银色,"14k White Gold Baby Curb Chain Necklace, 24""",NECKLACE,链子,ゴールド,,,
61fkSr5RncL,cb/cb7b881e.jpg,,,RING,リング,,,,
71Gq3sZPJcL,30/30a766c6.jpg,,Collins,BOOT,Collins,,,,
61919kaRV5L,52/52c4895f.jpg,"Infradito Colorati Estivi, Con Finte Perline",,STORAGE_HOOK,Singolo,,,,
612JU-VmugL,eb/eba31846.jpg,Níquel cepillado y cromo.,,LIGHT_FIXTURE,Classic,Vidrio,,,
91-6fLd1ocL,f8/f866274a.jpg,,,FRUIT,,,,,
71To9i6LdxL,a3/a39a5707.jpg,Beige Beige,Leather Sports,SANDAL,Leather Sports,,,,
81tRDPRZ5JL,a3/a330765e.jpg,,,STEERING_WHEEL_COVER,,,,,
51EO9EvDtJL,18/18b4435f.jpg,Naturel,,HOME_MIRROR,Étagère,Chêne sauvage,,,
61pBheVtZ2L,d9/d9f7fd08.jpg,,,COMPUTER_COMPONENT,,,,,
819g3wGQerL,c3/c3775840.jpg,Multi,,WALL_ART,Gold,Wood,,,
91SyTyHGEVL,ba/ba887359.jpg,,,PORTABLE_TOOL_BOX,25 Compartments,,,,
41vVpsXspnL,13/133f897c.jpg,White,,FOOD_SERVICE_SUPPLY,Knives,,,,
91lmVGLTeHL,42/42d2e49c.jpg,,,OTTOMAN,,,,,
71j1lAARQjL,76/760040cd.jpg,,,BUILDING_MATERIAL,Steel,,,,
A1n4N5gV92L,5b/5b9e1da4.jpg,Storm,,SWATCH,,,,,
71q-sJXmxgL,83/8345198a.jpg,哑光黑色,,LIGHT_FIXTURE,Candelabro de pared,玻璃,,,
71TyaMnuJiL,d4/d432b0d4.jpg,,,AUTO_ACCESSORY,Totalmente sintético,,,,
714tziR6tbL,14/1448e5b6.jpg,Roble,CANDY,BED_FRAME,Cama Doble sin cabecero,Madera,,,Rectangular
81jzQXgQz7L,0b/0b501e55.jpg,Charleston,,BABY_PRODUCT,,,,,
51A4x1InX6L,9e/9e204109.jpg,Gebürstet Edelstahl,,TOWEL_HOLDER,,,,,
61OppQDolyL,ec/ec6821ea.jpg,,36985,BOOT,High Slippers,,,,
81by0OVM05L,97/97bb693d.jpg,Transparente,,DRINKING_CUP,vasos highball,,,,
412J+QtS+DL,18/18984b83.jpg,Brushed Nickel,,LIGHT_FIXTURE,,,,,
813iInJp+wL,18/18eb16af.jpg,Green,SX-6QTG,DUTCH_OVENS,,Cast Iron,,,
71ikePs8N1L,85/859b96b8.jpg,,,SAUCE,,,,,
71ACaY7F6lL,4d/4d6640e4.jpg,White,,LABEL,,,,,
815ZHqiP8xL,97/972997b4.jpg,黑色,,DESK,黑色,玻璃,,,L-Shape
71EmIXNkLPL,9c/9c9ea154.jpg,नीला,,FILE_FOLDER,,प्लास्टिक,,,
51aRFMzIrzL,9d/9d516830.jpg,ZILVER,,ACCESSORY_OR_PART_OR_SUPPLY,,,,,
5155XfzpsVL,fa/fad977d5.jpg,Amarillo Dorado,,FASHIONRING,,,,,
41xOWrCNBeL,6a/6a986586.jpg,블랙,,PLANTER,,炻器,,,
81VUDFO5i0L,68/6817c80a.jpg,Black,,FLAT_SCREEN_DISPLAY_MOUNT,Flat to Wall,,,,
91K5vwekiEL,ca/caf8d395.jpg,Bleu,,SUITCASE,,,,,
71HRDcsHNYL,e7/e79384f4.jpg,,,MAJOR_HOME_APPLIANCES,Standard,,,,
915ZLS2xIIL,3a/3ace1a12.jpg,,,BAKING_PAN,,cast iron,,,
61UgtJOu+EL,7c/7cd66b2d.jpg,Con Rayas,,BODY_POSITIONER,Sin paneles,,,,
716qKBgRhqL,a9/a9956c55.jpg,,,SHAMPOO,洗发水,,,,
51fl7xySpzL,7f/7fb1fc18.jpg,,,ACCESSORY_OR_PART_OR_SUPPLY,,,,,
71QsTypcaIL,99/99b3fdc2.jpg,0,,SKIN_CLEANING_AGENT,Olio di mandorla,,,,
81JDgUVpInL,7e/7e27d2e7.jpg,,,BREAD,,,,,
81j+OEte41L,71/71a89642.jpg,,,FILE_FOLDER,,,,,
81V5PqZxNCL,66/6606cd45.jpg,Brushed Silver,,TOASTER,,,,,
518H1Tl+7RL,bf/bf1ec9ff.jpg,,,COOKIE,,,,,
719ucOI-xIL,5c/5c885b49.jpg,Marrone Snake,Flat Gladiator,SANDAL,Sandali alla schiava,,,,
8180pt3g1-L,8e/8efa7e47.jpg,Gris,,BODY_POSITIONER,,,,,
71fqDhB6fCL,13/130c53e5.jpg,,,TOOTHBRUSH,,,,,
51eaGPizCIL,c2/c2fa67da.jpg,Negro,,FOUNTAIN,Repuesto,,,,
71zvflS2LAL,d2/d2dbc31c.jpg,,,BEAUTY,,,,,
31c5++pL6LL,df/dfd0e3cd.jpg,Oak,,DRESSER,Chest of Drawers,Wood,,,Rectangular
71kuDDc2n6L,bd/bd06eb10.jpg,,,FOOD_SERVICE_SUPPLY,,,,,
61yZBg+wnZL,98/987acfec.jpg,,,STORAGE_BAG,,,,,
91Acj9zBREL,b2/b2f51fa8.jpg,Red,,EXERCISE_MAT,,,,,
811z2q0srLL,ad/ad19f58a.jpg,Oak,,DESK,4-drawer Desk,Wood,,Single,Rectangle
611nK7D6kQL,1b/1b9a8b59.jpg,Cromo Pulido,3 Function,SHOWERHEAD,,Acero inoxidable,,,
81N-Hg1GKrL,ec/ecc1e7aa.jpg,Neon sarı,,PORTABLE_ELECTRONIC_DEVICE_COVER,,,,,
81zWKUvpREL,5a/5ab713fd.jpg,,,GOLF_CLUB_BAG,,,,,
917lBW3lavL,89/899c6de9.jpg,Gray V,,SWEATBAND,,,,,
81c9VHiTeOL,20/20bd30c9.jpg,Black,,WALL_ART,,canvas,,,
71as3D39H3L,ee/eee1d3ab.jpg,,,PLIERS,,,,,
71+uDTQ8kZL,6a/6aa03a14.jpg,,,RING,リング,,,,
51fKvE+4m9L,7b/7b63bbdb.jpg,,,ABIS_DRUGSTORE,AZ67,,,,
715k6ikONUL,17/17b3fc02.jpg,白色,,FIGURINE,,合成树脂,,,
91zgZWHoVoL,87/8706d6be.jpg,Rosado,,SUITCASE,,,Polyester,,
71Ft0APVNJL,c0/c0673b42.jpg,,,HOME_LIGHTING_AND_LAMPS,,,,,
71KFSn3BSyL,c2/c23bd107.jpg,,,PROTEIN_SUPPLEMENT_POWDER,,,,,
81q3vXy1zwL,d6/d6081309.jpg,Navy Blue,,LUGGAGE,Large Duffel Bag,,nylon,,
51mLJZ5TG3L,33/334bb1dd.jpg,Black,1101703,SCREEN_PROTECTOR,,Tempered_Glass,,,
71k7KigbXfL,c1/c1285034.jpg,भूरा,,DRINKING_CUP,,तांबा,,,
81csJz1C6aL,d7/d7e307b5.jpg,,,WRENCH,,,,,
91rU1dpY3eL,46/463696e9.jpg,Verde,,BACKPACK,55 L,,,,
71uh1hmZ68L,38/38f61fd1.jpg,,,OUTDOOR_RECREATION_PRODUCT,Extragrande,Constructed of high density polyester with waterproof backing,100 % Poliester,,
813jtzoQV4L,43/436ff308.jpg,Anthracite,,FLAT_SHEET,Flat Sheet,Cotton,,Solid,
81AB1U5ohrL,f1/f154daaf.jpg,,,JEWELRY,,Resina sintética,,,
817b07mMqbL,a4/a4946ea3.jpg,Creme und Ton,,VASE,,Stoneware,,,Round
814Rlb+sToL,1b/1bfc67fc.jpg,Blue,,BACKPACK,,,,,
71gnoA4o5dL,89/8980d511.jpg,,,PRINT_COPY_PAPER,A4 - 70 GSM - 2500 Sheets,paper,,,
81Ln6A2MKfL,5a/5a53222e.jpg,,,FISH,,,,,
41NbyYyMr4L,9f/9f101b62.jpg,,,RING,リング,,,,
615zjnz86DL,10/10563d9a.jpg,fuchsia,,ACCESSORY_OR_PART_OR_SUPPLY,,,,,
41X5AqYWFcL,7d/7d8f4a54.jpg,,,BISS,,,,,
61L4ZeTFB5L,2e/2e7cdbc8.jpg,Black_99218,,HAT,,,,,
415u0U9HVaL,bc/bcad273b.jpg,Transparent,,DRINKING_CUP,Lowball,Glass,100% Others,,
61gdgINJA9L,26/268bd582.jpg,zwart,,STORAGE_HOOK,4 haken.,Edelstahl,,,
71GiJ5B7zwL,1b/1ba2915e.jpg,,,FOOD_SERVICE_SUPPLY,Border,,,,
81fu88RxbJL,3d/3d4edef3.jpg,,,WALL_ART,Contemporary,canvas,,,
718uqAx7etL,e2/e21333f3.jpg,,,BARBELL,,,,,
61xWt-WvPXL,af/afec9480.jpg,ನೀಲಿ,,BOTTLE,,ತುಕ್ಕಹಿಡಿಯದ ಉಕ್ಕು,,,
31bSiqK35KL,dc/dcc08b0f.jpg,"Amarillo, Púrpura, Azul, Naranja",DAGA524840,DRINKING_CUP,,Porcelano,,Multicolor,
81PfS2vxWpL,ed/eddc54df.jpg,,,LEGUME,,,,,
61ULZ+5-7EL,be/be5a2532.jpg,,,MEDICATION,,,,,
71yx9Kj8wKL,d6/d6bafa58.jpg,zwart,,BATTERY,AAA,,,single,
81kJHshiAGL,c1/c1ad5034.jpg,그레이,,STOOL_SEATING,,,,,
71j2+EVL9GL,b3/b3765e4a.jpg,Off- White,Crossover Leather Platform,SANDAL,Crossover Leather Platform Sandal Shoes,Leather,,,
61OQ3-sUjuL,1a/1add91c4.jpg,,,SCREEN_PROTECTOR,,,,,
91TTaawylIL,43/43e521dd.jpg,Parchment,,PILLOW,,,Cover: 100% Polyester; Insert: 100% Cotton; Stuffing: 100% Polyester,solid,Round
71Taj1sLkZL,e7/e71e89cd.jpg,シルバー,,FLATWARE,スクエアブラシ,ステンレス鋼,,,
81-IEym8SML,6a/6ab1f3e0.jpg,Koraal,Baseball Cap,HAT,Honkbalpet,,100% katoen.,,
71TMl0Hh4xL,00/009d1908.jpg,Weiß / Schwarz,,PLANTER,,,,,
71K23BPxnJL,a4/a4a8022b.jpg,,,PORTABLE_ELECTRONIC_DEVICE_STAND,,,,,
91LBJzJrxOL,fd/fd17ad95.jpg,Purple,,SUITCASE,Underseat Luggage,,Polyester,,
91c5lOSKU9L,c7/c7a8be85.jpg,Black,,BACKPACK,,,,,
71v5Nj5mA2L,08/08983f35.jpg,그린,,SUITCASE,26 英寸,聚碳酸酯,,,
91idiy5km1L,7c/7c9680b4.jpg,Red,,SUITCASE,,Others,,,
51H6pd-Ou3L,77/771ec6a2.jpg,,,FOOD_STORAGE_BAG,,,,,
51oYdOUt-4L,8f/8f8b4a0e.jpg,,,NUTRITIONAL_SUPPLEMENT,Coenzyme Q10 + Vitamin D3,,,,
81bktZB+hiL,2d/2d4d2406.jpg,,,NUT_BUTTER,,,,,
61431PkUl3L,7d/7d29b779.jpg,,,ABIS_LAWN_AND_GARDEN,,,,,
71WiS0sbsaL,02/02a63028.jpg,,,FLATWARE,,,,,
51riJgX1yiL,e6/e6625bc1.jpg,White Eye,,SLEEP_MASK,,,,,
91k1bmNXujL,8a/8a6741dd.jpg,Double Chocolate,,CAKE,,,,,
51ITsE1yLNL,76/760da8f7.jpg,Purple,,CARRYING_CASE_OR_BAG,"iPad  9.7""",,,,
61n1Z2oiu0L,bd/bdd6603f.jpg,白色,,INSTRUMENT_PARTS_AND_ACCESSORIES,,,,,
71rpbLdpveL,fa/fadab561.jpg,,,EDIBLE_OIL_VEGETABLE,,,,,
61M+YZ1DTnL,be/be4a44d8.jpg,رمادي (Polished Chrome),Water Purifying,SHOWERHEAD,ShowerHead,塑料,,,
71vwiq6G1yL,a9/a9559973.jpg,Purple,,FURNITURE,Contemporary,Leatherette,,,
51Z3yDlrRVL,45/4557af1a.jpg,Polished Steel,,TOOLS,,,,,
A16LhpbVagL,c4/c493531e.jpg,Multi,,WALL_ART,Contemporary,Cotton,,,
51t5YYCgagL,88/8886aa95.jpg,,,FOOD_STORAGE_BAG,Quart + Sandwich Storage Bags,,,,
71Ib4jITIOL,9a/9a5fd8ef.jpg,Blanco,,FURNITURE,,,,,
711YzY1iOsL,a6/a6fbb6b4.jpg,,,LIP_COLOR,100 Shades Of Love,,,,
91YYT+Vb9kL,f1/f161a1f3.jpg,Iris,,HAT,,,100% Cashmere,,
71KUO44oz8L,3a/3a578d70.jpg,Transparent,,JAR,Single,Plastic,,,
819ej2wnxjL,84/84922d00.jpg,블루,,STOOL_SEATING,,,,,Round
81Nx9IRFDOL,40/40529ab2.jpg,Stainless Steel,,FOOD_SERVICE_SUPPLY,,,,,
31B9UyM9xAL,97/97856bdf.jpg,White,,HOME_LIGHTING_AND_LAMPS,Twilight Star,Plastic,,,
81w1Ec7IcyL,f2/f25922a3.jpg,,,JUICE_AND_JUICE_DRINK,,,,,
81Cujw36fgL,5c/5c1aab93.jpg,Gris Claro,,BASKET,,,,,
516lQ7YNepL,f1/f1b50c8b.jpg,,,VITAMIN,,,,,
71IOdgKWfbL,9a/9a25a497.jpg,브라운,,STOOL_SEATING,,,,,
61GrdbLRhvL,5f/5f7520a4.jpg,,,NUTRITIONAL_SUPPLEMENT,,,,,
81Wa2IfCbPL,a6/a64103b9.jpg,,,HERB,,,,,
81lwga3GVEL,aa/aa824349.jpg,,AmazonBasics Weather Camping Envelope Sleeping Bag With Tote,SLEEPING_BAG,Medium Weather,150D Poly &Velvet,100% Polyester,,
81w7j+ThTaL,2b/2b912cfd.jpg,,,BEAUTY,,,,,
61diKtvVmJL,cf/cfdc6b96.jpg,,,COFFEE,Only Coffee Capsules,Silver,,,
71hx3tn8LJL,39/39acd396.jpg,Blanco,,TOASTER,,,,,
91BPcP79pqL,ec/ec221fdf.jpg,블루,,STOOL_SEATING,altura del mostrador,灰石色,Flannigan Midnight- Navy,,L-Shape
A1UnxyAzh7L,ba/bae6dff9.jpg,ബഹുവർണ്ണം (grey::grey::black::black::black::black),,BACKPACK,,നൈലോൺ,,,
91TvD83RT6L,64/645e0d9a.jpg,Kolsvart,,SUITCASE,,,,,
619VtCedLLL,da/da9ce71b.jpg,,,SHAMPOO,,,,,
71+XigRS3BL,62/62d3307b.jpg,Assorted,,MARKING_PEN,Fine Point,,,Single,
71q-q23QR5L,63/63655a98.jpg,,,COMPUTER_ADD_ON,5-Pack,,,,
81Cjcivr-lL,30/300ec0ab.jpg,പർപ്പിൾ,,JEWELRY_STORAGE,,സാറ്റിന്‍,,,Rectangular
51i3u5TW-EL,c9/c9e7780d.jpg,Ottone Anticato,,STORAGE_HOOK,Cirque,Ottone,,,
41C73X9qS1L,37/3790b140.jpg,Matt Nero,,TOILET_PAPER_HOLDER,,,,,
71WbmlY9oML,23/23f87b53.jpg,Taupe,,BABY_PRODUCT,,,,,
51PaNdJIs1L,22/22466319.jpg,Grey,,CARRYING_CASE_OR_BAG,"iPad 12.9""",,,,
71N+985-6FL,d3/d3247c72.jpg,,,HOME_LIGHTING_AND_LAMPS,4000K,,,,
71zVB+etfML,80/80ebd6bc.jpg,,,DAIRY_BASED_DRINK,,,,,
515KvLHBuNL,e1/e18509f7.jpg,,,COFFEE,,,,,
B1alLyD4mbS,ea/eab9207f.jpg,Blue,,PILLOW,,,,,square
A1gFR+zdgYL,d3/d339bd6d.jpg,Aqua Scroll,,FLAT_SHEET,,100% Cotton,100% Cotton,,
81L-I9M1SpL,5f/5fde3231.jpg,Brown,Modern,OTTOMAN,Modern,Leather,Faux Leather,Solid,Rectangular
61w6+9TkKaL,f0/f08839e1.jpg,Grigio E Rosso,,BUCKET,,,,,
51XbqBgQ6UL,53/53688c36.jpg,White,,CHARGING_ADAPTER,98W,,,,
71EVi--zRzL,b9/b9f4f31f.jpg,,,VIDEO_GAME_ACCESSORIES,,,,,
712nk6YYhwL,a2/a2bc06c2.jpg,Blue Flower,,PILLOW,"Round Seat Cushion, Pack of 2",spun_polyester,Polyspun,,Round
71OBAUOh9XL,f3/f38a5eed.jpg,Blanco,,HOME_LIGHTING_ACCESSORY,Enchufe plano con conexión a tierra,,,,
91Ru1D-Pz2L,ad/ad55d7dd.jpg,,,CANDLE_HOLDER,,,,,
71XWyAWig6L,7e/7ee7d70a.jpg,Black,,ELECTRIC_WATER_BOILER,Gooseneck Kettle,,,,
815BTyMnjbL,36/36fdb2d2.jpg,Hot Pink,,STORAGE_DRAWER,,,,,
81wUl1HhHXL,f2/f28ecaa2.jpg,Khaki,Baseball Cap,HAT,Baseball Cap,,100% cotton,,
61QQpNfxu6L,b7/b7c59021.jpg,,,HERBAL_SUPPLEMENT,,,,,
71A1wVqL2dL,04/048ae557.jpg,Green,,FLAT_SHEET,Flat Sheet,Cotton,,,
31jMAK3lxdL,f6/f63318ac.jpg,,,FOOD_SERVICE_SUPPLY,Cuchillos de cocina y Santoku,,,,
819YiQI5uEL,2a/2a153993.jpg,,,NUTRITIONAL_SUPPLEMENT,,,,,
91CoFU40LwL,5e/5e364005.jpg,Red,,PILLOW,High Back Chair Cushion,spun_polyester,Polyspun,,Rectangle
71xPj6TLXlL,f2/f2f623d4.jpg,哑光黑色,,LIGHT_FIXTURE,Vanity Light,玻璃,,,
610Xl-07C4L,e6/e6c99363.jpg,,,BEAUTY,,,,,
71RUVnrYK4L,36/368888b9.jpg,粉笔色,,STOOL_SEATING,,,,,
71xoAj7IVfL,b2/b2dc4132.jpg,Aqua,Sydney,SANDAL,Sydney,,100 % synthétique,,
81Fa7BX2G4L,79/79e65108.jpg,,,DAIRY_BASED_CHEESE,,,,,
A1NK9-tAGDL,83/83a061b0.jpg,Siyah,,PORTABLE_ELECTRONIC_DEVICE_COVER,,,,,
61KWel+43LL,8c/8c611684.jpg,B-marron,,WALLET,,,,,
81UP-+Lgb4L,1f/1fa8e1f8.jpg,zwart,,SUITCASE,,,,,
711kPliU+vL,d0/d0701af6.jpg,rood,,FOOD_PREPARATION_MOLD,,Silikon,,,
71S0acBFNSL,2d/2d84ad5b.jpg,Black,,CLOTHES_HANGER,,,,,
910-tkmQhUL,67/67d799f5.jpg,,,DRINK_FLAVORED,,,,,
71BFlh3oi2L,9c/9cc96527.jpg,Grey,,CABINET,Wardrobe,Wood,,,Rectangle
81bFFYNyl8L,5f/5f5feeeb.jpg,Gris/Crema,,HEADBOARD,Transicional,plywood and metal legs,,,
71ureZdhgoL,4a/4a2c26d3.jpg,,,SKIN_CLEANING_AGENT,,,,,
71r7YYu1pFL,2e/2e472998.jpg,,,FITNESS_BENCH,,Faux Leather,,,
910G9YjXgPL,5b/5b7d5256.jpg,ಬೆಳ್ಳಿ,,SCISSORS,,ತುಕ್ಕಹಿಡಿಯದ ಉಕ್ಕು,,,
61x60ycJjVL,35/3593c67b.jpg,,,HARDWARE,,,,,
61uSxEY0-iL,0b/0b7baf38.jpg,Red,,LABEL,,,,,
71BCFipjJcL,18/184de6fe.jpg,Color 11,,HAT,,,,,
91vCdyl6W1L,9d/9d01da8a.jpg,Purple,,INPUT_MOUSE,,,,,
81EsLRmXtSL,ff/ff49bb29.jpg,Black,,EXERCISE_MAT,,,,,
81dt8OYUJGL,98/98d62a6b.jpg,"Bianco, giallo",,WRITING_BOARD,,,,,
71hthgrxHaL,5d/5d7606b8.jpg,red,,TOY_SLIME,slime activator,,,,
51LwRklOg7L,75/75fde56b.jpg,Polished Chrome,Pro-Style Spring Sprayer,FAUCET,,Plastic,,,
71Ai4KR19YL,80/80edc1f9.jpg,,,NUTRITIONAL_SUPPLEMENT,,,,,
61dAZFFmfWL,a0/a0dcbdf1.jpg,,,MAJOR_HOME_APPLIANCES,Premium,,,,
61lh74y3KML,b1/b16f4dbd.jpg,നീല,,JAR,7 Piece,പ്ലാസ്റ്റിക്,,,Round
71R8D1gMRsL,ed/eddf0f7f.jpg,Black,,HEADPHONES,on-ear,Leather,,,
91owBnhcKKL,ac/ac1be99b.jpg,ചാരനിറം,,SUITCASE,,abs,,,
614HoKONGjL,3c/3c3e3bd5.jpg,White,,COMPUTER_ADD_ON,,,,,
814StBX0TaL,00/008ea219.jpg,,,VITAMIN,,,,,
81DwsGUkjpL,31/31fe7656.jpg,,,PANTRY,,,,,
715whs284TL,ea/ea752656.jpg,Antique Brass,,LIGHT_FIXTURE,Mid-Century Modern,Vidrio,,,
81KeF19Ap9L,ad/adb6fc1e.jpg,,,SAFETY_SUPPLY,,,,,
71D42mIvrkL,e2/e2869f6f.jpg,Black,,EXERCISE_MAT,TPE+Suede,,,,
41oaQspV3eL,dd/dd5ccb93.jpg,,,RING,リング,,,,
81PLqxtrJ3L,99/9942fd1c.jpg,black,,KEYBOARDS,Keyboard only (1-Pack),,,,
81xW8KBHNfL,73/7396d315.jpg,,,SAUCE,,,,,
81IKhAtSxEL,3c/3c80536a.jpg,5 verschillende kleuren,,THERMOPLASTIC_FILAMENT,,PLA,,,
713059ugd+L,77/7708523b.jpg,米色,,HEADBOARD,Ribete para clavos.,木头,,,
71rrM8Y8AFL,fe/fe9a4ee1.jpg,,,BEAUTY,,,,,
81qNWaFJNIL,89/892247b4.jpg,,,PLANTER,Cruz suiza,炻器,,,
71-brRPzb4L,0e/0e1d37ae.jpg,black,,FLAT_SCREEN_DISPLAY_MOUNT,TV Trolley,,,,
71KvdY2c4uL,b4/b41acad8.jpg,,,AUTO_PART,,,,,
71CSZrfEioL,4c/4cdccf8d.jpg,Gold,N-7976,SANDAL,N-7976,,,,
81HI2CE9k-L,e0/e0e26614.jpg,베이지,,DESK,书桌,桦树色,,,
61zZwJEZMSL,28/2803b11b.jpg,White,,ELECTRIC_FAN,Economy,,,,
71YUwqYNV9L,80/8023f92a.jpg,"Tan, Brown",,WALLET,Wallet,अन्य,,,
81CIoCkuZIL,12/1218f194.jpg,,,MECHANICAL_COMPONENTS,,PLA,,,
A1OLhJcZj8L,12/12e1cc8c.jpg,Gris,IPAD1704192H,PORTABLE_ELECTRONIC_DEVICE_COVER,"iPad 9.7""",Cuero sintético,,,
81TcYSUEcML,bf/bf6be423.jpg,,,BASKET,,,,,
71BLCosYLqL,b6/b67be426.jpg,,,NUTRITIONAL_SUPPLEMENT,,,,,
61ShqTo+4zL,78/78a000de.jpg,,,SKIN_CLEANING_AGENT,,,,,
61cmAGoSNAL,fb/fb440af7.jpg,പിങ്ക്,,DRINKING_CUP,,,,,
712UJ9VM2LL,f4/f4c49f89.jpg,Nickel,,PUMP_DISPENSER,Foaming,,,,
61z0anI1HwL,6f/6fa6c7c8.jpg,Gray,,FILE_FOLDER,,,,,
71BGLa7IFtL,a8/a88f0fef.jpg,Black,,HEADPHONES,Pro,Plastic+Metal,,,
51az09MLpTL,1b/1b53d9dd.jpg,,,VITAMIN,D3 + Biotin,,,,
71F4YqJ35EL,45/45f8e240.jpg,నీలం మరియు తెలుపు,,PLACEMAT,,పి.వి.సి,,,
61vOLKxp6RL,ea/eace4dc2.jpg,White with Amazon logo,,OUTDOOR_RECREATION_PRODUCT,,polyester,100% POLYESTER,,
71OQ4BiD3uL,f0/f0d50e0a.jpg,,,BUCKET,,,,,
71kQs1yw1eL,7e/7e4b108e.jpg,Stainless Steel,,FOOD_SERVICE_SUPPLY,Cake Server,,,,
61ibdeLuGGL,ae/ae98c6b2.jpg,,,JANITORIAL_SUPPLY,,,,,
611gTTP-vxL,23/23d14cb6.jpg,,,WINE,,,,,
81Lx3+3vRVL,c7/c78e9af6.jpg,,,POWER_SUPPLIES_OR_PROTECTION,,,,,
81H+W7lPwkL,92/9280033e.jpg,,,AUTO_ACCESSORY,Totalmente sintético,,,,
81j26pEFUjL,4a/4ab3b63a.jpg,,,DRINK_FLAVORED,,,,単品,
61suLh8LhRL,c1/c1defe6f.jpg,,,BABY_PRODUCT,Video,,,,
51WNGbMvRTL,02/024687a0.jpg,,,DAIRY_BASED_ICE_CREAM,,,,,
71oODJCTTnL,95/950ff680.jpg,Brown Napa Tan Napa Tan,Arthur_hs01,BOOT,,,,,
7155d7ViiwL,5b/5b898fee.jpg,,,FAUCET,Short Standard,Brass,,,
71+DPwPKNSL,c3/c30213f3.jpg,,,CHOCOLATE_CANDY,12 x 100g,,,,
71qu35cdnFL,56/56c9523f.jpg,,,AUTO_OIL,0W-20,,,0W-20,
71c-bTaBCPL,71/71dd9bb7.jpg,Nickel,,HOME_MIRROR,Peaked,nickel,,,Rectangular
41lKEKf6QYL,87/8737a1c6.jpg,Black,,STROLLER,,,,,
61ktQcEbDfL,43/43ed87db.jpg,玫瑰金,,CLOTHES_RACK,,金属,,,
A1-34CnxNxL,c6/c656a1c3.jpg,Red,,BACKPACK,Traditional Backpacks,Polyester,,,
61LPDenIf2L,81/815d8bbf.jpg,,,NECKLACE,,,,,
81K6-CiMYTL,8b/8bc02ba2.jpg,,,HERB,,,,,
71ZHZc4KzyL,26/26ebd271.jpg,,,TOOTHBRUSH,,,,,
71HX9GAS6iL,02/02e426bd.jpg,Nero,,PORTABLE_ELECTRONIC_DEVICE_COVER,,Silicone,,,
51TACPHFKsL,b3/b32d5a3d.jpg,,,WASTE_BAG,Trash Bags + Multipurpose Trash Bags,,,,
717qrhYsufL,20/204395df.jpg,Brown,,EXERCISE_MAT,,,,,
9110ddCt87L,7f/7fae93ab.jpg,,,FRUIT,,,,,
619P9VWEt-L,3d/3d75dbff.jpg,0,,PROTEIN_SUPPLEMENT_POWDER,0,,,,
81ipv9CBXjL,ae/aee05a44.jpg,,,CONDITIONER,,,,,
61RncWPQ5DL,f8/f8be765d.jpg,,,CANDY,,,,,
81CsjuexjyL,90/90242f52.jpg,,,NUTRITIONAL_SUPPLEMENT,,,,,
818qlmYY2eL,05/05267d7e.jpg,,,SCREEN_PROTECTOR,,,,,
71PA5AoMqpL,f3/f3be134c.jpg,Red,,WHEEL,swivel,,,,
71H+9r50mDL,f9/f9ef85a5.jpg,vit,,BISS,,,,,
71Ss1jEI0cL,fe/fe000c4f.jpg,,,WHEEL_CUTTER,,,,,
91fU8pUKNML,f8/f8faa3d5.jpg,Black,Electric Food Preserver,FOOD_DEHYDRATOR,,,,,
71dfYJpWmxL,ca/cac2da4e.jpg,Tansparent,,STORAGE_BAG,,,,,
617xzouBm3L,94/94ea3f9d.jpg,,,SKIN_CLEANING_AGENT,,,,,
51c8rzAbapL,5b/5b938c7b.jpg,,,ACCESSORY_OR_PART_OR_SUPPLY,,,,,
91JTk9HAvZL,1d/1d6bfa5f.jpg,,,RECREATION_BALL,4.5kg,,,,
51dZrMGoBZL,45/45b711a7.jpg,Blanco,,ELECTRONIC_ADAPTER,5-팩,,,,
81iBcUaNjiL,b8/b890e2e1.jpg,തവിട്ട്,,CABINET,സമകാലികം,Engineered Wood,,,
81W3t134L2L,4f/4f95771c.jpg,Grey,,STOOL_SEATING,0,,,,
71L9t4bA9UL,bb/bb93be28.jpg,"Weiß, Gelb",,WRITING_BOARD,,,,,
71ZU+Krfb2L,88/88d06ab0.jpg,,,BEAUTY,,,,,
61z7JUYjd8L,f6/f6d7ea5e.jpg,白色,,STORAGE_HOOK,2 件装,木头,,,
51xZdrJfCzL,e6/e68d596a.jpg,Black,AmazonBasics In-ear Headphones with Mic,HEADPHONES,,,,,
51rPvT3vZVL,5d/5d382daa.jpg,Verde,,JANITORIAL_SUPPLY,tapa doble vuelta,,,,
71vAFB98nDL,a4/a42fccb4.jpg,Béžová,Veranda Haltbare Möbelabdeckung für runde Garten-Essgruppe – M,FURNITURE_COVER,,Textil,,,
71o4LACPdFL,c6/c6f9ee1d.jpg,Paquete de 1,,CONDITIONER,,,,,
61XW4DgKPcL,d5/d54fa929.jpg,,,WHEEL,,nylon,,,
71qfoohduFL,1e/1e58180d.jpg,,,CLEANING_BRUSH,matta,stål,,,
713b7HDccSL,51/51ff4093.jpg,,,BREAKFAST_CEREAL,,,,,
81K+Co6J7TL,d2/d2e5d0fa.jpg,Walnut,,JANITORIAL_SUPPLY,3/8 inches - Thick,Rubber,100% Carpet - Vinyl,,
51wsC2fqnfL,5d/5dc5f4d0.jpg,Pattern 1,,HAT,,,,,
71UfKIVpQbL,42/4269d3b4.jpg,,FBA_GS2015094PS,PLIERS,,,,,
81lT9yr6oxL,9f/9f420943.jpg,Blue Navy,,TOTE_BAG,,Aluminium,,,
71tFcWMqtpL,e1/e1ee995f.jpg,Plateado,,HARDWARE,,,,,
71lJeDn1e2L,23/23064375.jpg,Marrón,,FREESTANDING_SHELTER,Cenador con luz LED.,,,,
71eUSStvXrL,a0/a03d6bb8.jpg,Earthen,,FILE_FOLDER,Mensile (da gennaio a dicembre),,,,
61sd1wEtYbL,28/2856b543.jpg,Blanco,Garment Metal Rack PI-B2,CLOTHES_RACK,2 estantes,Madera contrachapada,,,
61sp4r1fEBL,5b/5b4331b3.jpg,Nickel Plated-Steel,,HARDWARE,1 Pair,,,,
51TmwGAJKJL,c1/c18f8f60.jpg,,,AUTO_ACCESSORY,,,,,
71uWL-8B4YL,d1/d18deb38.jpg,Black,,SANDAL,Strappy Gladiator,,,,
81jXIdOHWVL,4e/4e91c57b.jpg,黑色,,LIGHT_FIXTURE,经典,玻璃,,,
71LcDcByXLL,62/62a15bb0.jpg,,,SHAMPOO,,,,,
814Po3MBRsL,bb/bb71d053.jpg,,,SHELF,,,,,
91z2paQhFlL,fc/fcde649c.jpg,,,RECREATION_BALL,,PU,,,
617mS0nH-AL,d5/d5e4dda3.jpg,亮黄铜色（Polished Brass）,Modern,LOCK,Orientación hacia la derecha,锌,,,
51mXrVzc6hL,f0/f02bae22.jpg,,,WINE,,,,,
616EY0oRsWL,da/da8d9fa5.jpg,,,COMPUTER_COMPONENT,,,,,
61CwUisBUoL,04/04f23efe.jpg,černá,,ABIS_LAWN_AND_GARDEN,,,,,
71-vYZTChSS,bb/bbd504b4.jpg,,,TOOLS,,,,,
81FMFscE-eL,43/43f6eb88.jpg,Grey/Black,,SAFETY_SUPPLY,,,,,
818jVVlF-yL,c6/c6dd3b63.jpg,,,VITAMIN,,,,,
61xbXMoNvrL,02/02ab952d.jpg,നീല,,JAR,3 Pieces,പ്ലാസ്റ്റിക്,,,Round
612WYwE+HxL,0f/0f62302e.jpg,White,,ELECTRONIC_CABLE,,,,,
71vjzrjug8L,a7/a7677df7.jpg,,,MAJOR_HOME_APPLIANCES,Standard,,,,
71-VcFMHtRL,9d/9dec3b98.jpg,,,PANTRY,,,,,
71uw1pctRkL,0b/0bb52591.jpg,,,ABIS_LAWN_AND_GARDEN,,,,,
611mptzzCUL,70/70ba1e5e.jpg,Blanco,,DESK,Escritorio,Madera,,,Rectángulo
91z61O+rz6L,b6/b6cc720f.jpg,Negro,,SAFETY_SUPPLY,,,,,
51p5GpyBSpL,e0/e0adc7b5.jpg,,,HERBAL_SUPPLEMENT,,,,,
71EYRYzFKIL,30/30e0cc33.jpg,ചാരനിറം,,WASHER_DRYER_COMBINATION,,Rust free metal body,,,
71SSeyLdK4L,f4/f43f0df1.jpg,Blue,,FLASH_MEMORY,,,,,
91PQv3bPOmL,5d/5dbc05f7.jpg,Negro,,LIGHT_FIXTURE,Colgante Canopy,Metal,,,
91DLTjslezL,08/085a5cae.jpg,,,ICE_CHEST,,,,,
711sbjztlzL,3d/3d9ed89e.jpg,white,,DRINKING_CUP,,Stainless Steel,,,
71Xq6I3c0bL,a5/a5586145.jpg,黄铜色,,LIGHT_FIXTURE,,金属,,,
71Mis+yXfcL,0b/0b9e7ec0.jpg,Svart,,LUGGAGE,,,,,
71-hku1aHlL,a0/a0817893.jpg,Coñac,Aria,BOOT,Aria,,100% cuero,,
91J18NrjEnL,9f/9f00e90e.jpg,Orange,,BACKPACK,,,,,
81H0g4E1Q8L,72/72695f72.jpg,,,PERSONAL_CARE_APPLIANCE,,,,,
91gy9EBbgcL,8a/8aace636.jpg,,,CABINET,5-Section without Bench,Wood,,,
713WBzB3A6L,e3/e364d290.jpg,,,HERB,,,,,
81dhtqtVpnL,31/31327e64.jpg,Amarilla,,LUGGAGE,,,,,
71Fa1V7YgpL,36/367689ff.jpg,Negro,,SHELF,,Iron,,,
71X1sWLyZBL,3e/3e70c26b.jpg,Marrón topo,,BABY_PRODUCT,,,,,
61FYNJHvDkL,8a/8af5e885.jpg,Negro,WA20PLS,PLUMBING_FIXTURE,,,,,
71Bn-FcDyxL,62/6271415b.jpg,Black,,INSTRUMENT_PARTS_AND_ACCESSORIES,Two Feedback Colors,,,,
81i3s3GYAjL,3b/3bd0fa5d.jpg,棕色,,LIGHT_FIXTURE,乡村风,,,,
51Y--p9slIL,a3/a3a80dfd.jpg,,,COMPUTER_COMPONENT,,,,,
91ftq7PCaGL,25/255c8b17.jpg,,,WRITING_INSTRUMENT,Crayons,,,,
61K0Kl+g1tL,51/513ae4c3.jpg,Black,,WIRELESS_ACCESSORY,1-Pack,,,,
81R4fhiRzoL,c3/c3d08032.jpg,Olive,,SUITCASE,18-Inch,,,,
7104uA3PvEL,83/83148e2e.jpg,Yellow-gold-plated,,FASHIONEARRING,Heart-Shape,,,,
71DO4Q8BE8L,ae/ae71d810.jpg,블루,,HEADBOARD,Sin clavos.,Stone,,,
41JlkMip1iL,4b/4bba7284.jpg,,,BEAUTY,Tratamiento de manchas,,,,
71H8Acx9C+L,f7/f746f533.jpg,,,PRINT_COPY_PAPER,Carta (21.59 cm x 27.94 cm),纸,,,
81xASqPPCfL,6e/6e1610af.jpg,シルバー,,BRACELET,,,,,
71HN-h-txBL,42/42dfbed7.jpg,Black,,ELECTRONIC_ADAPTER,Paquete de 1,,,,
91oT0JhVfFL,7c/7c69912f.jpg,Black,,WALL_ART,Contemporary,Paper,,,
81w+x5qf9oL,e9/e9113a13.jpg,Armada,,PORTABLE_ELECTRONIC_DEVICE_COVER,"iPad Pro 12.9""",,,,
612c1IN1vyL,df/df1ffb48.jpg,Marrón Topo,Inclinable,BOOT,Inclinable,Ante,100 %  gamuza,,
61pZU0uEd9L,4a/4aa2a07e.jpg,,,TEA,,,,,
61MwDDum3sL,d5/d527ec2c.jpg,Neon Blue & Red,,VIDEO_GAME_ACCESSORIES,Paquete de accesorios,,,,
81S4CogKczL,fb/fb5e001f.jpg,,,CE_ACCESSORY,,,,,
51Ze+5FgaXL,e7/e7c17897.jpg,白色,,WRITING_BOARD,,铝,,,
61kwezp50wL,1d/1dab161f.jpg,BRON,Spano Women's Casual Thong With Ankle Strap Sandal,SANDAL,Spano dames Casual string met enkel riem sandaal,,100% synthetisch,,
811-aQpuioL,10/1034fc22.jpg,Blue,"Sodalite Stretch Bracelet With Blue Onyx Bezel Bead Accent, 7.5""",BRACELET,,Not applicable,,,
81OAauKOmBL,53/53b6b2ba.jpg,Pizarra,,OTTOMAN,,,tela,,
61HE+MOaR9L,42/42884a05.jpg,,Amazon Brand - Presto! Air freshener Starter Kit Plug-In Diffuser and Refill,AREA_DEODORIZER,Diffuser + bijvullen,zilver,,,
71c-ZSFmENL,3e/3e1eb115.jpg,,,JANITORIAL_SUPPLY,4-pack,,,,
61JDI7DySHL,a4/a453c571.jpg,Satin Nickel,AB-KF707-SN,FAUCET,,Plastic,,,
61IzJHjC7LL,3e/3ebb13aa.jpg,Black,,DRESSER,Contemporary,Engineered Wood,,,
71CivTqf9kL,65/6511da43.jpg,,,SHELF,,,,,
71jve7IDT1L,9b/9b027f66.jpg,Camoscio Nero,Gracie Block Heel Strappy Sandal,SANDAL,Gracie Block Tacco Strappy Sandalo,,Pelle e Tessuti,,
716nOd842uL,b7/b70382f5.jpg,Error:#n/A,,RUG_PAD,ERROR:#N/A,Plástico,,Sólido,Rectangular
81Augm1-OcL,69/69051948.jpg,,,AREA_DEODORIZER,Lavender Mist,,,,
81AmrD30jWL,58/589e2b2f.jpg,Khaki,,PILLOW,Bench Cushion (Poly Batting),spun_polyester,Polyspun,,
61C0z2YgdOL,16/1627470a.jpg,Vernickelter Stahl,,HARDWARE,,,,,
51B2GhH3rGL,27/27f7e8e8.jpg,,,CAKE,,,,,
81F9TjtsSZL,20/20a6130f.jpg,,,NUTRITIONAL_SUPPLEMENT,,,,,
51HNr8nR9FL,11/110f2ef0.jpg,,,FOOD_STORAGE_BAG,加仑,,,Bags + Freezer Gallon Bags,
81w+y3RwqiL,d6/d6e6eadd.jpg,Noir,,COMPUTER_COMPONENT,,,,,
416wBPbeZEL,dd/ddb2d783.jpg,Silver,,LIGHT_FIXTURE,,,,,
81FoJpSdYOL,42/42dafae1.jpg,,,SHIPPING_BOX,,硬纸板,,,
81F+vhzpclL,03/032a6fec.jpg,,,PRETZEL,,,,,
51JBbhzo8sL,d4/d4972a6c.jpg,,,JANITORIAL_SUPPLY,Sin microfibra.,,,,
81G5H5IG8KL,83/83800f59.jpg,,,MAJOR_HOME_APPLIANCES,Advanced,,,,
71HVEsaaWHL,3d/3dd99c72.jpg,,,DAIRY_BASED_DRINK,,,,,
917n6yhJK2L,e2/e22694a7.jpg,Denim Wash.,,FLAT_SHEET,Bedlaken,Mikrofaser,,,
61dw6pwLL7L,64/64a37173.jpg,,,NECKLACE,,,,,
71cmo0lGOzL,f2/f2bb6217.jpg,,DT-120,AUTO_ACCESSORY,Compact,,,,
51OFiLElQ+L,10/10bad9bb.jpg,,,PUMP_DISPENSER,,,,,
51eX+mHxs+L,eb/eb848b05.jpg,,,WASTE_BAG,厨房,,,,
91sO7nm9nqL,dd/dd85c6af.jpg,blå,,STORAGE_BAG,,,,,
619r1Cw+VrL,99/99255f2f.jpg,,Frame 08 Non-polarized Retro Round Sunglasses,EYEWEAR,Frame 08 Non-polarized Retro Round Sunglasses,,100%Metal/Acetate,,round
91WvgcIBmqL,b9/b9e6fff7.jpg,Silver,,THERMOPLASTIC_FILAMENT,1-Pack,,,,
81f8EZGI+EL,08/08c4b2d5.jpg,Black,,HARDWARE,Single,,,,
71+RFKWPDtL,91/91f30b5a.jpg,,,HERBAL_SUPPLEMENT,,,,,
71DW1stVnvL,53/53f3d849.jpg,奶油色,,SUITCASE,71cm,,,,
81-h9TTpC2L,cb/cbef982c.jpg,Grey,,LUGGAGE,International Carry-on,,,,
61IQeNE-rJL,74/7444297a.jpg,,,MICROPHONE,,,,,
81YdcleYo2L,2a/2a1a74bf.jpg,Teak Finish,,FURNITURE,Contemporary,Sheesham wood,,,Rectangular
51HwfW8BZBL,aa/aac0a59b.jpg,,,CLEANING_AGENT,,,,,
91151k8qowL,d0/d0633334.jpg,,,POWER_SUPPLIES_OR_PROTECTION,,,,,
71xHtcQEgxL,ef/efc8cbdd.jpg,,,ELECTRIC_FAN,Moderno,,,,
71soCftGUuL,ab/abf7ccb4.jpg,Large Flower/Light Blue/Black Camo/Pink,4-Pack Kids Fashion Face Mask,CHILDRENS_COSTUME,4-pack Face Covering,,"Print: 50% Cotton, 50% Polyester; Solid: 100% Cotton",,
91X4fkKKlaL,d5/d59ed7d5.jpg,,,WALL_ART,Contemporary,canvas,,,
81tzKKNF0oL,08/08709985.jpg,,,ACCESSORY_OR_PART_OR_SUPPLY,,,,,
61i5kr8XOcL,4f/4f533cc1.jpg,,,TOOLS,,Steel,,,
71GVDPaRYmL,3c/3c94298e.jpg,,,INCENSE,,Sandalwood,,,
61yP9dDzP9L,cf/cf54eebd.jpg,लाल,,THERMOS,,स्टेनलेस स्टील,,,
81KutjZQeLL,90/901bad06.jpg,Gray,,SPEAKERS,,,,,
81VsfQKePwL,d9/d9d913f7.jpg,Black,,FLAT_SCREEN_DISPLAY_MOUNT,Swivel and Tilt,,,,
71Z1Li+YPYL,2c/2ca96808.jpg,Uni Americana,6-pack Burp Cloth,BABY_PRODUCT,6-pack Burp Cloth,,100% Cotton,,
71352QRH7+L,80/80424930.jpg,,,MAJOR_HOME_APPLIANCES,Advanced,,,,
71ruKCPD1TL,c8/c82a3de7.jpg,,,SAUCE,,,,,
61EHONUficL,a1/a16360e2.jpg,Navy/Royal Blue,,UMBRELLA,,,,,
91wa8akASgL,46/46e5ee9f.jpg,,,ANIMAL_LITTER,,,,,
51nDjUqHsXL,1b/1b7e3196.jpg,,,BABY_PRODUCT,Mobile with batteries,,,,
71OMTThkpZL,cc/cc33201e.jpg,0,,SKIN_CLEANING_AGENT,Iones de plata y aceite de almendra,,,,
91B5nnM9IqL,bf/bf4c902d.jpg,,,SAFETY_SUPPLY,,,,,
519WMv2Xd9L,81/81c4e566.jpg,,,TOOLS,Levier,Laiton,,,
A1IyhxJtMxL,b1/b1870ef8.jpg,,,PAPER_PRODUCT,,,,,
71ceNP5PhXL,52/5236cd12.jpg,,,ACCESSORY_OR_PART_OR_SUPPLY,,,,,
614Up2UknML,de/def67f2d.jpg,Negro,WA15PLS,PLUMBING_FIXTURE,,,,,
9149-9nXazL,0d/0d51371f.jpg,Ice Blue,,STORAGE_BINDER,Mini Photos Album,,,,
51bUrcWb7JL,64/64087ecd.jpg,,,MINERAL_SUPPLEMENT,,,,,
814SP3ZY5XL,90/90d681de.jpg,,,RING,リング,,,,
519rSFjWRyL,a7/a770bb0c.jpg,White,SM-O4000-240-2H,LIGHT_FIXTURE,2-heads,Aluminum,,,Taper
81GYwHB4XrL,3b/3b3de1fc.jpg,,,HOME_MIRROR,Antique,iron,,,
71GKq8mf7pL,31/31ddf82b.jpg,Grau,,BAKING_PAN,Single,,,,
41j-h4Sbv7L,d6/d637e9fb.jpg,White,,BISS,FR,,,,
81ALLF22z0L,d0/d02c8abe.jpg,Grau Charcoal Suede,Zip Worker,BOOT,Zip Classic Worker Boots,,,,
71lY5DjQFjL,30/30af69c7.jpg,Blue,,NECKLACE,,,,,
91IPKJ9o8xL,3d/3d87b5fb.jpg,Sage,,PILLOW,,,"Face: 100% Cotton; Reverse: Cotton Duck, Solid Reverse",geometric-pattern,square
81FW7pcPxzL,22/22a7272d.jpg,Silver,,FASHIONNECKLACEBRACELETANKLET,Created blue sapphire,metal,,,
81OHF2+ZlBL,5f/5f0c26ac.jpg,,,SAUCE,,,,,
51FX+4fki4L,21/216e4964.jpg,Blanco,,COMPUTER_ADD_ON,Paquete de 5,,,,
91XbfBplSLL,6e/6e66e541.jpg,Multicolor,,WALL_ART,Abstract I,canvas,,,
71WMxQbEY7L,75/752494a3.jpg,,,PLUMBING_FIXTURE,,,,,
91JFHn5JFpL,43/430509f3.jpg,,,BISS,,,,,
71wEH7ld6xL,18/18769c74.jpg,Schwarz,,LUGGAGE,,Stoff,,,
61fCE7+SWfL,31/31fcabcf.jpg,,,COOKIE,,,,,
81D9jrAoL2L,78/7820b74b.jpg,,,STORAGE_BINDER,,,,,
51DQ-jiyMbL,b9/b969a0bd.jpg,Satin / Nickelfarben,Pro-Style Spring Sprayer,FAUCET,,Messing,,,
61RliL3XDLL,df/df213d59.jpg,,,CANDLE,,Soy Wax,,,
61zMLF9nofL,4f/4f628a35.jpg,,,SCREEN_PROTECTOR,,Verre trempé,,,
51LKzG7UT8L,27/278d42a7.jpg,Assortis,,MARKING_PEN,,,,,
714qfIoYZiL,d2/d2d85986.jpg,Maple,,INSTRUMENT_PARTS_AND_ACCESSORIES,3-pack,,,,
91Tnnu22yIL,7f/7ff19bfc.jpg,Multi,Gold Tone Sea Life Charm Bracelet,BRACELET,,Metal,,,
91Mn8mdJXqL,84/840f3893.jpg,,,COFFEE,,,,,
71IdUIDcKFL,16/162bf3db.jpg,,,JANITORIAL_SUPPLY,acciaio,,,,
71kvPht2-eL,10/1026ca28.jpg,Negro,IPAM0311WDR1TZ,CARRYING_CASE_OR_BAG,,,,,
618UglkPUyL,1b/1b5984ce.jpg,,,KITCHEN_KNIFE,,,,,
91b9sh6OdnL,bd/bdfdfb2e.jpg,Color5,,HAT,,,,,
71fqZbyDPzL,69/694af580.jpg,Zwart,Morrison,BOOT,Enkellaarzen,,,,
61vf1g28qCL,08/083a0b59.jpg,Noir,,BACKPACK,,,,,
81ne3WaR5JL,8c/8cbc3619.jpg,,Flynn,BOOT,Chelsea Boots,,,,
91CSZeCMu+L,1b/1baadaa7.jpg,ಕಿತ್ತಳೆ,,SPEAKERS,,,,,
81Lvxy2PLgL,c8/c81b8104.jpg,,,EDIBLE_OIL_VEGETABLE,,,,,
91gMSWhZu5L,ce/ce815391.jpg,,,PACKAGED_SOUP_AND_STEW,,,,,
81Nb326dbGL,6c/6cff4ef5.jpg,,,CHARGING_ADAPTER,,,,,
81bmXS8r5BL,8e/8e3382a3.jpg,Brown Tawny Croc,N-7529sleek,BOOT,N-7529sleek,,,,
A1BREIumPIL,6d/6dabb836.jpg,Mist Blue,,FURNITURE_COVER,Accent Chair,,,,
81HZACWhLkL,09/0993663c.jpg,,,LUGGAGE,,,,,
81pcoPEltoL,b6/b634f18d.jpg,,,DAIRY_BASED_ICE_CREAM,,,,,
71HhBRyzBtL,83/83338d02.jpg,Walnut and Black,,STORAGE_HOOK,,灰石色,,,
71pfRxg2abL,87/87a87106.jpg,:: ఎరుపు,,DRINKING_CUP,,,,,
81-1tk7r0jL,53/537b3bee.jpg,Şarap Kırmızısı,,FLAT_SHEET,,,,,
51Fho5oVboL,5b/5b6c0edd.jpg,,,BEAUTY,Tratamiento completo,,,,
415X3XMT3KL,77/772f54e7.jpg,,,DRINKING_CUP,,,,,Flute
71eAQ2CyfWL,65/65bbf0d2.jpg,Negro,,LUGGAGE,,,,,
81aa9E67DgL,d2/d23c8ef0.jpg,,,FLAT_SCREEN_DISPLAY_MOUNT,,,,,
71V4qi7AwQL,18/18838650.jpg,,,SHELF,Étagère standard,Bois,,,
814Gy3l1HyL,1f/1f002cf3.jpg,,,SHIPPING_BOX,,,,,
61nb12SzXWL,9b/9b03a751.jpg,白色,,HEADBOARD,Traditional,木头,,,
61Cg0BFAimL,f4/f4147e40.jpg,Coñac,,OTTOMAN,Otomana,,Top-grain Leather,,
812UJwipoFL,54/54f10d89.jpg,,,HAIR_COMB,,,,,
81LlSptcloL,27/27af0ad6.jpg,Navy Blue,,BACKPACK,,,,,
515jaJ6GFrL,8f/8f8b8aaa.jpg,,,CAMERA_FLASH,Flash + 4 piles AA rechargeables,,,,
71az0KQn13L,b3/b3566754.jpg,블랙,,STOOL_SEATING,草拟凳,铬黄色,,,Round
71fZWbC6XbL,0e/0ec6315d.jpg,Beige,,ABIS_HOME_IMPROVEMENT,12-Piece,,,,
71bKhGUwz3L,c2/c2c79aaf.jpg,,,SLOW_COOKER,,Tempered Glass,,,Oval
91hMEapl1vL,8c/8c84f132.jpg,,,DRILL_BITS,,,,,
A1k6YX6MfCL,c1/c165dc1d.jpg,Lemon,,PILLOW,,,"Front Cover: 63% Polyester, 32% Acrylic, 5% Linen; Back Cover: 100% Polyester; Insert: 100% Cotton; Shell: 100% Polyester;",,square
51loW8RKrcL,8a/8a072136.jpg,Satin Nickel,,DOORSTOP,,,,,
71gbxmafmaL,8f/8fa630ff.jpg,蓝色,,FREESTANDING_SHELTER,Mayor durabilidad,涤纶,100% 폴리에스터.,,Square
713jEi2jA-L,5f/5fe2361c.jpg,,,FOOD_SERVICE_SUPPLY,,,,,
61HzRIA3p+L,d4/d419bccb.jpg,绿色,,UMBRELLA,,,,,
61reph606jL,19/19d08303.jpg,,,RING,リング,,,,
71bniTyv5kL,7b/7b3cf4b3.jpg,Standing,,WRITING_BOARD,Bloc-notes chevalet,,,,
613jL3B7XZL,aa/aae19e17.jpg,White,,WIRELESS_ACCESSORY,2-Pack,,,,
71wGqDQqN4L,00/00ac0126.jpg,Candy Cane,FG-03961,STRING_LIGHT,,Plastic,,,
511vpforHVL,f6/f63ff518.jpg,,,FOOD_STORAGE_BAG,夸脱,,,Bags + Snack Storage Bags,
71CI6wzAIfL,81/8155c1df.jpg,,,SAUTE_FRY_PAN,13-Inch,,,,
71owDZxAMfL,1a/1aeb861e.jpg,Black,,BABY_PRODUCT,,Polyester,,,
81IRxn2-Z5L,88/88f2a22b.jpg,,,OTTOMAN,,fabric,Fabric,,Rectangular
81SC5jS2iOL,9c/9c2f8315.jpg,,,JUICE_AND_JUICE_DRINK,,,,,
61GwUNmW7KL,a8/a807b5bd.jpg,,,INSTRUMENT_PARTS_AND_ACCESSORIES,,,,,
71tHu61vhvL,59/59cce854.jpg,Beige Colors,,INSTRUMENT_PARTS_AND_ACCESSORIES,Guitar Finger Picks,,,,
51ONF0S2ScL,52/5298ab7e.jpg,,,DISHWASHER_DETERGENT,,Various,,,
91eib2w03oL,b8/b8f781f6.jpg,Series#15,,HAT,,,,,
814U+sW9c2L,dd/dd96afd1.jpg,,,VITAMIN,,,,,
81ucP3X-d8L,b8/b85af0cb.jpg,,Drill & Driver Accessory Kit,DRILL_BITS,,Alloy Steel,,,
91Bf5gG25iL,65/655addda.jpg,Negro/Anaranjado,,FOOD_SERVICE_SUPPLY,Borde de seguridad - Naranja,Goma,,,
71DPA3KrtKL,6f/6f71fc5e.jpg,"White, Nature Board",AMZ-40EFT-NW,DESK,easy assembly,Metal,,,Rectangle
71zA0LsYWZL,20/20bf047c.jpg,,,DAIRY_BASED_DRINK,,,,,
51XUajZgvSL,3e/3e6fc70e.jpg,,,DRINK_FLAVORED,,,,,
61Jw6vnuPCL,4f/4f94e8d9.jpg,White,,WRITING_BOARD,"3 in 1 combo board, Aluminum Frame",,,,
611uWHLCh7L,8e/8e4a319b.jpg,Others,"Samsung Galaxy Tab S4 10.5 Inch (SM-T830,SM-T835)",SCREEN_PROTECTOR,,Plastic,,,
81pa6hu3JVL,a1/a1e8bb7a.jpg,,,SAUCE,,,,,
51aCwkbHYFL,bc/bcdcc37a.jpg,,,RING,リング,,,,
716-Oqj9NiL,15/151a1274.jpg,,,WATER,,,,,
71KLzDbfsJL,fc/fc66ba44.jpg,Yellow,,CARGO_STRAP,,,,,
71Hnx9P+tGL,2d/2dcf01a7.jpg,Beige Sand Suede,Chunky Leather Boat Shoe,BOOT,,Leather,,,
91SZBS938jL,00/006548ba.jpg,Carboncillo curioso.,,BED,Camas,灰石色,Curious Weave Charcoal,,
51X8K-Fzb7L,c0/c0c5222d.jpg,black,,HARDWARE,,,,,
91fyXB19OAL,50/50bd3a2e.jpg,Noir,,ELECTRONIC_DEVICE_DOCKING_STATION,Unique,,,,
71y45airrzL,73/736fa299.jpg,,,ABIS_PET_PRODUCTS,,,,,
81R4bF8sPxL,42/42fd6fbe.jpg,Black,T98ar7005s,SANDAL,Heels Sandals,,,,
61y4hTjgqTL,0e/0e9eb6e8.jpg,Negro,WABPU,WATER_PUMP,,,,,
61AcN8SbK5L,bb/bb746758.jpg,Svart,,SCREEN_PROTECTOR,6.1″,Härdat glas,,,
81re-M27deL,1d/1d652183.jpg,,,TOOTHBRUSH,,,,,
A1qluKhoN3L,2e/2e23e4d7.jpg,Grey With Red Whipstitch,,PILLOW,,,,,Square
71NHk5pGiaL,49/497cc13a.jpg,철,,HEADBOARD,Clavos,,,,
81Wyoq03gPL,80/80ced8c8.jpg,Cream,,AIR_PURIFIER,,Aluminum,,,
614errXLrOL,fe/fee2b3ec.jpg,Zwart,,PLUMBING_FIXTURE,Modern design,,,,
91w1rzHB2zL,86/86fe4263.jpg,Blue and Green,,PICTURE_FRAME,古董,,,,
61dximhXfPL,d9/d9f20d8d.jpg,zwart,,BOOKEND,7 inch.,,,,
61Onb9LSoUL,7e/7e087d1f.jpg,,,PANTRY,AAA,,,,
61PInOdBzmL,33/33def09f.jpg,Walnut & Black,,DRESSER,2 Drawer,Engineered Wood,,,Square
81vU1pkzEdL,a1/a121b208.jpg,White,,LABEL,1 Roll,,,,
61DfznSxZFL,25/256dd388.jpg,Brushed Nickel,,LIGHT_FIXTURE,Modern,Metal,,,
71aBqelkWqL,a1/a18a85fd.jpg,Negro,Test Fashion Sunglasses,SUNGLASSES,Gafas de sol de prueba de moda,,,,Ojo de gato
71XwwBIUK4L,24/2457b451.jpg,ബഹുവർണ്ണം,,WRITING_INSTRUMENT,,പ്ലാസ്റ്റിക്,,,
719BnZMKg4L,3d/3d98caf3.jpg,Gris,Mason,SANDAL,Mason,,100% sintético,,
71V82EVoR9L,79/79f8d571.jpg,,,PROFESSIONAL_HEALTHCARE,,,,,
61gPax2prLL,76/760973b0.jpg,Negro,,MICROPHONE,,,,,
61DjRAz8g7L,bc/bc66316b.jpg,ホワイト,"14K White Gold Adjustable Heart Lariat Sparkle Chain Necklace, 22 Inches",NECKLACE,ネックレス,金属,,,
71HkPWqlc4L,97/97e7e3b3.jpg,,,LAB_SUPPLY,,,,,
819hduztRQL,6a/6a0b7757.jpg,ಕಪ್ಪು,,BED_FRAME,ಕಂಟೆಂಪೋರರಿ,ಲೋಹದ,,,ಆಯತಾಕಾರದ
51S6BMK2CgL,32/3243c5ce.jpg,,,CLEANING_AGENT,,,,,
51jld5uxfHL,72/721abd4b.jpg,,,SNACK_FOOD_BAR,,,,,
719rtWQoQYL,7b/7b359fb8.jpg,黑色,,BED_FRAME,14 英寸,钢铁,,,
81v9VRr-gUL,68/68ce0e09.jpg,Dark Blue,,THERMOPLASTIC_FILAMENT,,PLA,,,
61H-gSFt08L,d9/d9a2c6a2.jpg,Grey,,FLAT_SHEET,,Cotton-Blend,,,
81agpq2M1uL,86/861c5081.jpg,Black,,SUITCASE,48cm,,,,
81nPiM7rbEL,0d/0d295cfa.jpg,Oil-rubbed Bronze,,LIGHT_FIXTURE,"2-Light, dije",Vidrio,,,
81ikLOvZZuL,68/68cf9dfd.jpg,,,WEIGH_SCALE,,,,,
71NErRAZZnL,ad/adc81bd3.jpg,,,HOME_LIGHTING_AND_LAMPS,,,,,
81JkJeo0MzL,80/80306e9f.jpg,Black,,LAUNDRY_HAMPER,Collapsible Laundry Sorter with Magnetic Lid,,,,
91u--WkkjTL,b3/b372577c.jpg,Blancos con motas negras,,BISS,"Cut level 3 B, Polyurethane Coated, Touch Screen",,,,
51YWhEvn9FL,fa/fa38ea0d.jpg,Gepolijst chroomkleurig.,,TOWEL_HOLDER,Standaard,,,,
81HNhjZbQRL,b7/b7f4ae50.jpg,,,VEGETABLE,,,,,
51tyP2e0dzL,b8/b8e127e8.jpg,കറുപ്പ്,,CHARGING_ADAPTER,2-Port,,,Car Charger,
71CFzh9TsmL,21/2161a9d3.jpg,Black,USB4HUB3.0,MULTIPORT_HUB,,,,,
51nIWxKAnjL,c4/c4b1e88a.jpg,आइवरी (हाथीदांत का रंग),,ELECTRIC_FAN,,एल्यूमिनियम,,,
81oeG+JyUTL,59/591f6ad4.jpg,,,MINERAL_SUPPLEMENT,,,,,
81F6STdQADL,bb/bb57da80.jpg,,,SCREWDRIVER,,Alloy Steel,,,
81og5TkyyuL,e6/e6c07082.jpg,浅灰色,,OTTOMAN,,,织物,,Rectangular
81YZB2O2gzL,e8/e8171a9a.jpg,,,COFFEE,,,,,
510EUPNqR7L,f9/f9cb7607.jpg,Pink,,SHELF,3 Shelves,Fabric,,,
71INRpXIKmL,b4/b48ca32d.jpg,Red,,INPUT_MOUSE,Mouse,,,,
91yEJDVEeqL,2a/2ac9624f.jpg,blauw,,CLOTHES_HANGER,hangers,,,,
81Y5iC2SQqL,9a/9a617515.jpg,Red Speckled,,MUSCLE_ROLLER,24-Inch,,,,
71xzNbf4dpL,cd/cdfb82be.jpg,,,AUTO_ACCESSORY,longer handle,,,Single,
516lqeSsbVL,a8/a802f76f.jpg,Schwarz zwarte nubuck look,Marsh,BOOT,Chelsealaarzen,,,,
81d3L8ewFtL,59/59a4190c.jpg,Noir Black,Leather Shoe,SANDAL,Sandales Compensées,,,,
61VCj5J3aDL,54/543d0709.jpg,아이보리,,PLANTER,,炻器,,,
910UkvLqQ9L,88/88d050a5.jpg,,,PANTRY,,,,,
71zQAtFmnCL,c7/c7595ef4.jpg,,,BISS,,,,,
61JpCzMWrbL,53/53a162b0.jpg,,,SECURITY_ELECTRONICS,,,,,
A1FJ1W5lXlL,0a/0ad4c7ec.jpg,Charcoal,,SWATCH,,,,,
81NlJRqOjTL,68/682df8ab.jpg,,,COFFEE,,,,,
9165jf4Ro6L,f8/f8935e40.jpg,Blu,BTV2 BLUE,SPEAKERS,Altoparlanti,Plastica,,,
71Sh0YOz2tL,01/01682e4d.jpg,Wood,,HEADBOARD,Headboard,,,,
91h-anN9WIL,80/809687bd.jpg,gris,,SAFETY_SUPPLY,,,,,
71e0VfYxPXL,a4/a46d33b3.jpg,,,VITAMIN,,,,,
91fjxnjqfcL,40/40e0759c.jpg,Hanf,,OTTOMAN,,Stein,Textil,,
81ECPsEXVPL,7e/7e6ae3a3.jpg,,,WIRELESS_ACCESSORY,,,,,
51w3TAZkjTL,cb/cb9c61e2.jpg,,,CLEANING_AGENT,,,,,
71k6ST--EEL,bf/bf7dd546.jpg,,,FOOD_SERVICE_SUPPLY,,,,,
81HauIq+vvL,3e/3eaac8f5.jpg,ఆకుపచ్చ,,JAR,,ప్లాస్టిక్,,,Rectangular
71jGB4q3UML,3c/3c9d1131.jpg,gold,,TOYS_AND_GAMES,Solid Slime/Putty,,,,
81JhDrQmlhL,f7/f78b5eeb.jpg,,,SUNSCREEN,ReefFriendly,,,,
713-6q2jDfL,6b/6b0a68c0.jpg,,,ENVELOPE,,paper,,,
512xuzTmAVL,2c/2cc0a5d8.jpg,,,HAIR_STYLING_AGENT,,,,,
71l9hF4UGBL,ac/ac9cc538.jpg,Marrón,Sandalia de Tiras Casual Para Mujer Shogun,SANDAL,Shogun Women's Casual Strappy Sandal,,100% Sintético,,
91F5zLgoNfL,c3/c3192ad1.jpg,,,NUT_BUTTER,,,,,
91LlRCzrMYL,b1/b1265120.jpg,Black,,STORAGE_BINDER,Heavy-Duty D-Ring Binder,,,,
714SrJeaE4L,0a/0a1c1211.jpg,Negro,,CAMERA_LENS_FILTERS,,,,,
71r23LEPiNL,ed/ed03d36c.jpg,Red,,BAKING_PAN,,Silicone,,,
614LXtOa1uL,e7/e7108e97.jpg,,,FRUIT_SNACK,,,,,
61RJWGguupL,b7/b7ef69b1.jpg,Violett Lila,Avery Square Toe Two Strap High Heeled Sandal,SANDAL,Avery Square Toe Two Strap High Heeled Sandal,,100 % Polyurethan,,
81HrEHlquZL,eb/eb931820.jpg,,,AUTO_ACCESSORY,,,,,
61jj-knayWL,ee/eee5bd6c.jpg,,,DAIRY_BASED_DRINK,,,,,
81WjQhSS3yL,f9/f907a6d0.jpg,Negro,,BED_FRAME,All Season,Metal,,,
31nem4QjsOL,37/37b71264.jpg,White,,FLATWARE,Cucharas,Plástico,,,
615dXGPDZzL,dc/dc7bee63.jpg,,,OFFICE_ELECTRONICS,4:3 Monitor,,,,
31EzN-wuhNL,20/20169e95.jpg,SILVER,,WRENCH,,Legerat stål,,,
61UKOIb4uTL,1a/1ae38c4d.jpg,,,CLEANING_AGENT,,,,,
81Ntfw13t5L,66/66a486a8.jpg,カラー-クリア,,BRACELET,ブレスレット,,,,
51bW2oD1EmL,8b/8b649966.jpg,,,HOME_LIGHTING_AND_LAMPS,,,,,
61a3feSSPML,29/29ef8dde.jpg,Black,,CHARGING_ADAPTER,Stand,,,,
81FCShsmwML,5e/5e215735.jpg,,,PLANTER,,,,,
716sMx0KTtL,1c/1ca37ab8.jpg,,,MAJOR_HOME_APPLIANCES,Standard,,,,
61QAH-yQpPL,8b/8b3aa285.jpg,,,VITAMIN,C + D3,,,,
71zp5VfRHSL,ac/ac7a13c5.jpg,,,DAIRY_BASED_CHEESE,,,,,
81zEY7Tfr5L,c9/c90e544d.jpg,,,MEAT,,,,,
81zqOTgJWlL,56/5640c19d.jpg,,,SKIN_MOISTURIZER,,,,,
51pTodbbooL,05/050443fd.jpg,Gold,"10K Gold January Birthstone Charm, Featuring Cubic Zirconia",FINEOTHER,January,metalgemstone,,,
81Yjsh5C61L,ee/eeac4bb6.jpg,,,HERB,,,,,
613acZYA9+L,99/99548342.jpg,,,BABY_PRODUCT,,,,,
71oyTGlnnwL,bb/bb02a0ad.jpg,1 Pcs#- Off-white Letters With Stars,,HAT,,,,,
81sWBeUni0L,d3/d3ed06eb.jpg,Black,,STORAGE_BINDER,,,,,
51kmvd39yRL,96/96a80abb.jpg,,,PORTABLE_ELECTRONIC_DEVICE_COVER,,,,,
614hy+5NhiL,2f/2f54c67f.jpg,Blanco,,LABEL,,,,,
816VEEzhrGL,86/862c547a.jpg,天然,,FURNITURE_COVER,,灰石色,,,
511g5vUlQML,cc/cc6ea18c.jpg,,,COFFEE,,,,,
71QwIiiKz-L,1d/1d73f8af.jpg,Black (Black Black),FLASE,SANDAL,Flase,,,,
61-KiURAwtL,08/08094ada.jpg,Gepolijst chroom,,CLEANING_BRUSH,Toiletpapierhouder.,,,,
71sRCAw6vML,39/39d5de06.jpg,Teak Finish,,FURNITURE,Contemporary,Wood,,,Rectangular
61bNbsVFN2L,8f/8f55b179.jpg,,,HERB,,,,,
71ERd2zGTSL,3e/3e39c3e6.jpg,Black,,OFFICE_ELECTRONICS,12-Sheet Capacity,,,,
61F4khfHp6L,54/54bf7016.jpg,Light Pink,SXO-7QTQF,DUTCH_OVENS,,Cast Iron,,,
71Gndf7hbLL,23/230ecb8a.jpg,Noir Black,Myro,BOOT,Bottes montantes,,,,
8109BdugZDL,6b/6b3e5628.jpg,Grey,,EXERCISE_BAND,,tpe,,,
71cCnRZVQBL,43/43fef9ac.jpg,,,NECKLACE,,,,,
91mC-SYk3zL,e3/e3b6824e.jpg,Black,,SAFETY_SUPPLY,,,,,
71sV2DxXpUL,79/799d50e1.jpg,,,PROFESSIONAL_HEALTHCARE,,,,,
81t-liEgCOL,01/01e73249.jpg,,,SKIN_CLEANING_WIPE,Lemon,,,,
81742gTMzuL,36/36f40448.jpg,Black,,AUTO_ACCESSORY,,,,,
9178DoMRQQL,61/616190ad.jpg,Black,,SAFETY_SUPPLY,,,,,
51pDCHlhhqL,f4/f485744c.jpg,Clear,,DRINKING_CUP,"Stemless, Set of 6",,,,
61jF3UuK7nL,19/19bc14e5.jpg,മൾട്ടി (ബഹു),SOL-HD-110,STICKER_DECAL,,PVC Vinyl,,,
8194zRkYFnL,3c/3c0239bd.jpg,Linen/Black,,DRYING_RACK,,others,,,
81q93KNDy9L,b7/b7f92800.jpg,浅灰色,,OTTOMAN,,,,,
812XLVWC3LL,6e/6e0dc5de.jpg,Negro,,AUTO_ACCESSORY,,,,,
717O7vGzprL,03/036d59ee.jpg,,,CLOTHES_HANGER,Hanger,,,,
71P8BzFl7hL,fe/fe6b0e23.jpg,,,PANTRY,,,,,
610D0sGRzYL,68/6860cf35.jpg,Cookies & Cream,,PROTEIN_SUPPLEMENT_POWDER,100% Whey,,,,
714EbpY2Q5L,e1/e1b1e2bc.jpg,,,HAIR_STYLING_AGENT,,,,,
71oEVZbGoKL,e3/e3134b40.jpg,,,SKIN_CLEANING_AGENT,,,,,
51f3UuK34ZL,4c/4cc2e394.jpg,Multicolour,,JAR,,Plastic,,,
71thOOCzSwL,73/73a87a9a.jpg,Námořnická modrá,,ACCESSORY_OR_PART_OR_SUPPLY,,,,,
61-gi-sjK7L,e7/e7ae80a3.jpg,Flat Black,,PLUMBING_FIXTURE,Modern,,,,
91oiSVwU7OL,ce/ce8504bc.jpg,,MK-M110A1A,ELECTRIC_WATER_BOILER,,Acero inoxidable,,,
91rM4kyPf3L,69/696202d0.jpg,Black,,JANITORIAL_SUPPLY,6er-Pack,,,,
91h22IjKRhL,bc/bc940635.jpg,Black,,WALL_ART,Contemporary,,,,
91nkW8jz36L,9d/9dc64ff4.jpg,Orange,PLA 3D Printer Filament,THERMOPLASTIC_FILAMENT,1-Pack,,,,
71mzEWZiGML,51/513f0a02.jpg,Azul (Navy Navy),High Leather Ankle,BOOT,Botas altas de tobillo,,,,
31MpTPxK1LL,62/62741e22.jpg,,,NECKLACE,ネックレス,,,,
81cTjD-EVpL,92/926a3d72.jpg,Yellow,Spot,BOOT,Spot,,,,
91gib28LdWL,87/87a23610.jpg,Multi,Gemini Zodiac Sign Silver Tone Charm Bracelet,BRACELET,zodiac charm bracelets,Metal,,,
71Pko4ufv3L,af/af66ca9b.jpg,Lagoon,,HEADBOARD,Classic,,,,
41LaRIdyfML,ec/ec9c2519.jpg,,,OFFICE_ELECTRONICS,,,,,
51mTz8zhPZL,72/72c2c96a.jpg,White,,ACCESSORY_OR_PART_OR_SUPPLY,2 件装,,,,
91FPNoJyS6L,2c/2c96baea.jpg,Glass,,HOME_MIRROR,rustic,wood,,,round
51zMJSHFd2L,d2/d23f2796.jpg,Nero,,SPEAKERS,,,,,
71-H6ORhtZL,df/df3a0d3f.jpg,Dorado,,HEADBOARD,Modern,金属,,,
81Qu-KUp8EL,da/daff3502.jpg,,,DAIRY_BASED_CHEESE,,,,,
71eOjE2-PIL,36/36168b14.jpg,,,SKIN_MOISTURIZER,,,,,
51AIoNpB7oL,d3/d3eb8839.jpg,,,HARDWARE,,,,,
71hmD6a0MVL,0e/0ee16122.jpg,,,LAUNDRY_HAMPER,,,,,
A1g5aQZ-zSL,e5/e511ac51.jpg,Negro / Amarillo,,FOOD_SERVICE_SUPPLY,Borde de seguridad - amarillo,Goma,,,
61hkQyM+lrL,39/39b95a93.jpg,,,HERBAL_SUPPLEMENT,,,,,
91EuJeEnpML,f0/f01f306e.jpg,,,DRINK_FLAVORED,,,,,
81WtTWnEJ-L,47/47859e44.jpg,,,WRENCH,25-250 ft.-lb,,,,
910GlDcjlUL,e1/e18773fd.jpg,Black,,SUITCASE,,Others,,,
81kXQN4Kz5L,e3/e392cf7f.jpg,,,LUGGAGE,,,,,
41ScH-1tfdL,95/95ad2e1c.jpg,,,TOOLS,,,,,
61mCwV+Zg4L,63/630a714f.jpg,Brown (Tan),CHESTER,SANDAL,Leather Cross Over Sandals,,,,
71DT+8-uh4L,54/5477835e.jpg,Navy,Mason,SANDAL,Mason,,100% Synthetic,,
71OGGhwiPsL,0f/0fc4f57e.jpg,,,SAFETY_GLASSES,,,,,
91cadL1NagL,91/917dbe66.jpg,,,BISS,,,,,
817BzmDpFeL,fc/fc773421.jpg,,,SUITCASE,,,,,
71Bcjx8nAuL,a5/a5227b4f.jpg,Black,SOL_KA_102,COFFEE_MAKER,,Plastic,,,
51zJvY1yROL,49/49eee533.jpg,Blanco,,ELECTRONIC_ADAPTER,10 unidades,,,,
61IBuVW5IwL,2e/2ea1f5a0.jpg,,,CHOCOLATE_CANDY,chocolat au lait et noisettes,,,,
71etIytjQPL,49/4949b90f.jpg,,,FACIAL_TISSUE,,,,,
71uPx6uCIVL,5a/5a449007.jpg,,Albany,BOOT,Chelsea Stiefel,,,,
A1JJ8XhrtpL,a0/a0ecb82f.jpg,Grigio,,PORTABLE_ELECTRONIC_DEVICE_COVER,"AmazonBasics - Custodia per laptop, Business, 38 cm, grigio",Neoprene,,,
51EdNaiWHEL,99/99ef9c52.jpg,Brown,Honn,SANDAL,Honn,,100% Leather,,
818xuSLaXgL,31/317dd650.jpg,,,BATTERY,,,,,
610ZVbdnw4L,18/186da191.jpg,Black 03 V,,HAT,,,,,
61Kb5aBpE3L,f5/f5ce5849.jpg,multi,,CANDLE,,Wax,,,
913fQl3asjL,6b/6b4055c2.jpg,బూడిద రంగు,Animal Figures,TOY_FIGURE,Rhino,,,,
61zXdrQDEbL,ff/ff69ee2e.jpg,White,,POWER_SUPPLIES_OR_PROTECTION,Type L,,,,
81eu+GuuyJL,a9/a9337a82.jpg,,AmazonBasics AC Powered 2.1 30W Bluetooth Speakers with Subwoofer,SPEAKERS,,,,,
61p6LaJmPoL,87/871027e6.jpg,Oil Rubbed Bronze,,HARDWARE_HINGE,,,,,
61rhlEYZ7SL,26/2620bf2c.jpg,नीला,,PERSONAL_CARE_APPLIANCE,,,,,
71-48+H3vuL,a4/a4c2e1af.jpg,,Strappy Round Heel Leather,SANDAL,Sandali,Pelle,,,
81QpTppvb0L,ec/ecd01f4c.jpg,Nero,NC1407073,PORTABLE_ELECTRONIC_DEVICE_COVER,Confezione da 1,,,Single,
71CQzlyqq0L,90/904d7201.jpg,Bluetopaz,"Platinum Plated Sterling Silver Swarovski Paraiba Blue, Kashmir Blue And White Topaz Ring",RING,,Not applicable,,,
71ZzA8GV9ZL,d5/d5af7d00.jpg,,,RING,リング,,,,
51Y9zZ+UIaL,35/35b7cd93.jpg,,,DAIRY_BASED_DRINK,,,,,
71gDluuRkPL,68/68723148.jpg,,,BEAUTY,,,,,
616NzbfqOfL,27/27f939b3.jpg,,,CHOCOLATE_CANDY,,,,,
510OCQV4pkL,f2/f25f582d.jpg,,71026,SCREEN_PROTECTOR,,Tempered_Glass,,,
41QpMfrxFVL,b7/b7ea0eb1.jpg,,,COMPUTER_COMPONENT,,,,,
81tS8z5EuQL,fb/fb23795c.jpg,棕色,,BED,퀸 사이즈 침대,橡木色,,,
815rzi9qb-L,7d/7d4b950b.jpg,,Chukka-amz140,BOOT,Bottes,,,,
A1F3nD-ArcL,59/59f8e424.jpg,,,HERB,,,,"Chia Seeds, 200g",
81MwdWZ7QKL,6f/6f97dae1.jpg,Negro,OE-4014,PORTABLE_ELECTRONIC_DEVICE_COVER,,,,,
614D4mzSQNL,12/12053688.jpg,,,PAPER_PRODUCT,Without Pockets,,,,
815r7NK2HtL,62/62f50f43.jpg,Marble,,DISHWARE_PLACE_SETTING,,stoneware,,,
81f0HjdI5sL,29/291670e4.jpg,Yellow,,JEWELRY_STORAGE,,Cotton,,,
41LRZcGpCYL,3f/3fba2f26.jpg,Gray,"5x Schuko, 2m",STICKER_DECAL,,plastic,,,
51kPi9spDzL,4e/4ec89c6f.jpg,Negro Mate,,TOOLS,,,,,
6173kIkoc8L,1d/1d19b90f.jpg,White,,DESK,Desk,Wood,,,Rectangle
71j5JB0GXqL,fa/fa6657ee.jpg,Azul,,EXERCISE_MAT,TPE+Suede,,,,
71IBbQdkvsL,1c/1cda1898.jpg,Black,,CHARGING_ADAPTER,,,,,
81yaw--v8AL,33/3302e53b.jpg,Variados,,STORAGE_BINDER,5 cm,,,,
81oiRStI8GL,bc/bca5d91b.jpg,White Gloss With Oak Sonoma And White Mat Elements,,CABINET,Moderno,Madera,,,
61hW9Uu4KML,64/6476bfe5.jpg,Driftwood,,SWATCH,,,,,
81C0gh5+55L,93/9330cc22.jpg,Rood,,WRITING_INSTRUMENT,,,,,
71zuh4TYMWL,5a/5ab6b114.jpg,,,LIP_COLOR,Mauve Beauty,,,,
71PK828K+WL,f5/f51ddf64.jpg,,,EDIBLE_OIL_VEGETABLE,,,,,
A1uNO0zI16L,eb/ebaaf5a6.jpg,Earth Tones,,PILLOW,,,"Front Cover: 50% Polyester, 50% Rayon; Back Cover: 100% Polyester; Insert: 100% Cotton; Stuffing: 100% Polyester.",print,
71G9oOd08iL,7a/7a648e86.jpg,6 Pcs-dunkelblau,,STORAGE_BAG,,,,,
71UyH6uEvqL,bc/bc053a7e.jpg,,,FOOD_SERVICE_SUPPLY,,,,,
71CqtOqzxuL,2e/2efc30ed.jpg,Blanco,,BISS,"2 White rolls, Pure cellulose, 1630 sheets",,,,
91vvXwAW5BL,2f/2f6db4e1.jpg,Transparente,,BACKPACK,Mochila mini,PVC,,,
51l-Sb-MCwL,6d/6d11ec69.jpg,Multicolor,,DRINKING_CUP,Set of 3,Plastic,,,
61puXAmHy7L,3a/3a121378.jpg,Brown,,BASKET,Set of 2 Medium,Plastic,Plastic,,
71G-sRw6juL,3e/3e05bc52.jpg,,,CLOTHES_HANGER,,,,,
A1dmkWauhlL,c8/c8ba5947.jpg,Terracotta,,PILLOW,,,Cover: 100% Polyester. Insert: 100% Cotton. Stuffing: 100% Polyester. Trim: Spun Polyester.,,Rectangular
81Wtn6OpcYL,13/13c90396.jpg,黑色,,LIGHT_FIXTURE,经典,玻璃,,,
81VtvcWmc6L,55/551934fc.jpg,,,AUTO_ACCESSORY,,,,,
71MLhh+ZNwL,c4/c4b233cb.jpg,,,SHELF,,,,,
71AT8nKgQwL,e2/e24f6b7d.jpg,Bronze Huilé,,TOILET_PAPER_HOLDER,Moderne européen,,,,
81qfFTEcvqL,82/82db05ac.jpg,,,COMPUTER_ADD_ON,,,,,
61os5Vj7tFL,4a/4aa44b36.jpg,",","and Gourmet Sandwich Maker,",COUNTERTOP_GRIDDLE_APPLIANCE,,,,,
71bXD+d4rqL,a3/a3467afc.jpg,크롬,,LIGHT_FIXTURE,,玻璃,,,
61NqXjGQrrL,18/18eba6ae.jpg,Oil-Rubbed Bronze,Rounded,HARDWARE_HINGE,Rounded,Steel,,,
91H+JhNA7HL,70/700ea297.jpg,,,BASKET,,,,,
815G-GZxcUL,c0/c0445347.jpg,Negro,,KEYBOARDS,Teclado mecánico,,,,
61PwyH4VpQL,08/084c75fa.jpg,,,HERB,Curry en poudre,,,,
61hGGdhUlbL,72/721f05cc.jpg,,,SHOE_INSERT,,,,,
61jp5HUeI5L,42/42e075d6.jpg,,,INSTRUMENT_PARTS_AND_ACCESSORIES,,,,,
814wU2EYqSL,47/473cc6d9.jpg,Grey & Black,,CLOTHES_RACK,,Metal,,,
91Mr9zN+2vL,5d/5dd16a2f.jpg,,,CARRYING_CASE_OR_BAG,,,,,
51qurxl0+nL,96/96546e70.jpg,,,DAIRY_BASED_DRINK,,,,,
719mYJ4lLgL,05/05e45df3.jpg,Rosa Dorado,,SUITCASE,,,,,
71R7-xmZJoL,b7/b7b55076.jpg,,,FOOD_SERVICE_SUPPLY,Cuchillos de cocina y Santoku,,,,
71HFgV-qd2L,aa/aac981fc.jpg,,,STOOL_SEATING,餐椅,,,,
51MQkUM6NiL,8a/8a57cb6c.jpg,,,DAIRY_BASED_CREAM,,,,,
81-TlEqhAeL,c2/c2163127.jpg,Rojo Negro,,JANITORIAL_SUPPLY,,Goma,,,
61+vxibPZXL,99/9911aa1f.jpg,,,PANTRY,50 Stück,,,,
91IiuDVenPL,7e/7e0d3f26.jpg,Gris,,BABY_PRODUCT,Fitted Sheet,100% cotton,,Solido,
91i71B8KyaL,e7/e7b1a999.jpg,,,CABINET,,Nylon,,,Rectangle
71OM6wLN8HL,a5/a59b3fcf.jpg,,,JANITORIAL_SUPPLY,,,,,
71i6E7uQzxL,fe/fe1187ce.jpg,,,WIRELESS_ACCESSORY,,,,,
71GatfGLrtL,34/34c6a471.jpg,,,SAUTE_FRY_PAN,with helper handle,,,,
818cXoRBViL,9e/9eba73c9.jpg,,,VITAMIN,,,,,
81aEZAay9TL,1a/1a07ef95.jpg,Bleu Marine,4 Pack Cap And Mitten Set,HAT,4 Pack Cap and Mitten Set,Coton,100 % coton,,
710M1CD6xDL,b6/b66448d1.jpg,White,"Lulabelle Children'S Rhodium Plated Sterling Silver Round Created White Sapphire 2.5Mm Open Heart Stud Earrings And Pendant Necklace Jewelry Set, 16""",FINEOTHER,,Metal,,,
71bBCGN2uuL,61/61e07dcf.jpg,Grigio,,STOOL_SEATING,Set da 2 sgabelli da bar,Tela,,,
A1incutcChL,1b/1b4aaea2.jpg,Coal,,OTTOMAN,,,tela,,
61mtVEp7zcL,b1/b1c0a927.jpg,Red,,FILE_FOLDER,,,,,
61jD0sEClKL,ec/ec6c6f78.jpg,Black,,SPEAKERS,,,,,
81l1ybScYML,c0/c00f638c.jpg,,,SKIN_MOISTURIZER,,,,,
51d7GxoKQFL,59/59c144b0.jpg,groen,,WRITING_INSTRUMENT,Duimkappen.,,,,
5154lL0w0vL,f4/f4c29cc4.jpg,,,WASTE_BAG,Kitchen + Sandwich Storage Bags,,,,
31ZGZeYe5gL,b5/b5d412e8.jpg,Verpakking van 6 stuks.,,LOCK,,,,,
71vUMFizV4L,ff/ffdda28f.jpg,Black(black Black),Mid Height Faux Fur Lace Up,BOOT,Ankle boots,,,,
51f4-7vQzLL,e5/e55070fa.jpg,,,VITAMIN,B12 Methylcobalamin + Biotin,,,,
51hr1HPEWQL,67/679093b2.jpg,Bronce Frotado con Aceite,Two-Handle High-Arc,FAUCET,,Metal,,,
61svSmu6J0L,e4/e49a9211.jpg,White,"10k White Gold Diamond Accent Cross Ring, Size 9",FASHIONRING,,,,,
81Cbo+MWmoL,16/16e1ab2b.jpg,assorted color,,FILE_FOLDER,2 pocket folder with 3 hole punched,プラスチック,,,
81qsF98aAeL,dc/dc134e63.jpg,Espresso,Newbury Wood Kitchen Cart,FURNITURE,Scandinavian,Wood,Na,,Rectangular
8191I59XaJL,26/26366fb4.jpg,黑色,,POWER_STRIP,AmazonBasics,,,,
71pGpl8xpQL,4b/4b0bb817.jpg,,,OFFICE_ELECTRONICS,,,,,
71DqIlTti2L,ab/ab12f2b6.jpg,,,CAKE,,,,,
81cVhl8HXmL,4a/4a744c83.jpg,Spinnsol Cocoa,,BED,beds,灰石色,Spinsol Cocoa,,
A1iZ-LWjg9L,0c/0cdd18b7.jpg,svart,,BACKPACK,51 fack med justerbar framväska,,,,
81Sv2Ga68fL,d9/d9c34cc0.jpg,zwart,,SUITCASE,,,,,
61t-tD9aoXL,9a/9a9d94c4.jpg,Weiß/Graues Holz,,ABIS_DRUGSTORE,ovaal.,,,,
813VXAsl1wL,74/742f7adb.jpg,Blanco,,SEALS,MERV 11,,,,
6155QQQkAkL,40/402edad6.jpg,,Washington,EYEWEAR,,,,,
71CA-rsYM0L,e3/e3dc8884.jpg,,,BEAUTY,,,,,
81QuV7Vk-9L,60/60b1b8bd.jpg,,,VASE,,炻器,,,
81wrnVlO-AL,04/04bb22e5.jpg,White,,FINEOTHER,,,,,
715fXgERtvL,35/35613c66.jpg,Negro Black,Strippy Wedge Espadrille,SANDAL,Alpargatas,,,,
51hcvQpeD6L,36/36c2d9c1.jpg,गहरा ग्रे(स्लेटी),,WIRELESS_ACCESSORY,,नायलॉन,,,
91XDgq-FYIL,4f/4f5f46e7.jpg,Grey,,SAFETY_SUPPLY,,,,,
41wZQ1Jv2GL,44/440f5142.jpg,,,FURNITURE_COVER,Lounge Deep Seat Sets,,,,
A1mFdNiAPGL,8c/8c8dabc6.jpg,Haze,,SWATCH,,,,,
71YFqJ7k5lL,5d/5df2bfbf.jpg,Green,,DUTCH_OVENS,,,,,
61rwWjt9jPL,62/62e8a5cd.jpg,Fácil de usar.,Camping Lantern,OUTDOOR_RECREATION_PRODUCT,,Plástico,,,
61FoIFIRO6L,bc/bce3733d.jpg,White / Dark Grey,,ABIS_DRUGSTORE,Oval,,,,
61vcME3WtRL,2d/2d9ccea0.jpg,doorzichtig,,SCREEN_PROTECTOR,,Temperglas,,,
61v0Y+N2TUL,81/81bd6536.jpg,브라운,,STORAGE_HOOK,单面,木头,,,
9151stjrJDL,29/293d1c16.jpg,Grey,,LUGGAGE,,,70% Cotton/30% Polyester,,
81XVi7KyCIL,ab/ab31df6f.jpg,Yellow,,PRINT_COPY_PAPER,Letter,,,Single,
71lJwrbR+0L,6f/6f64ffd0.jpg,,,ABIS_KITCHEN,,,,,
61njxbPskoL,27/27f6c48f.jpg,,,JANITORIAL_SUPPLY,,,,,
51JfeQ+D7SL,3e/3e83edd4.jpg,White,SM-1700-180-2H,LIGHT_FIXTURE,2-heads,Plastic,,,Taper
81iCxoJTdML,fd/fddc2110.jpg,,,CAMERA_BAGS_AND_CASES,,,,,
917wmkYaf7L,85/85693d19.jpg,Negro,,SHELF,Seis cubos,,,,
A1lziyBO5wL,0c/0cf3cad5.jpg,,,PACKAGED_SOUP_AND_STEW,,,,,
71SXZyPSi8L,ed/edc4585f.jpg,,LED High Bay 18000 Lumens,HOME_LIGHTING_AND_LAMPS,,Plastic,,,
51zlvLH1nKL,53/53b8d953.jpg,,,BATTERY,Cargador + 4 pilas AA 500 ciclos,,,,
81Sgm3Uc5JL,36/36a15278.jpg,,,LEGUME,,,,,
71lcsh7ulBL,91/91b42341.jpg,,,HOME_LIGHTING_ACCESSORY,,,,,
71w-Thd+N7L,83/833db583.jpg,,,HOME_LIGHTING_ACCESSORY,,,,,
71e45trRPkL,41/41634c2d.jpg,Negro,,POWER_STRIP,Carcasa de acero,,,,
61M6kiqSSZL,32/32aa7842.jpg,Zwart,,FOOD_SERVICE_SUPPLY,Bestek,,,,
61LR-BQONtL,fa/fae6a663.jpg,grijs,Ravenna Hochwertige Abdeckung und Schutzhülle für Gartensonnenschirm,FURNITURE_COVER,,Kunststoff,polyester,,
71Uz1k2pw8L,e3/e3702be8.jpg,,,SKIN_CLEANING_AGENT,,,,,
61Xwk-1ihVL,d3/d36248ca.jpg,Blanco,,STRING_LIGHT,Bombilla G40,,,,
91gWe2TvsGL,52/5215dde5.jpg,White,soego_p19,HOME_LIGHTING_AND_LAMPS,,Acrylic,,,
81xUahfDEvL,7c/7c818b2c.jpg,,Liam,SANDAL,Liam,,,,
61k0A7dzJTL,cc/cc1cd234.jpg,Marrón topo,,BABY_PRODUCT,,,,,
715zkVCbZWL,09/0975827a.jpg,,,TOILET_PAPER_HOLDER,Classic Square,,,,
71EBcU66yWL,c9/c9501fc4.jpg,,,FLATWARE,Couronne,,,,
41nJqbcel6L,84/84c07d86.jpg,Transparente,,DRINKING_CUP,9 oz Antigua moda.,,,,
71sqtMSJzHL,f3/f3ca42bc.jpg,गुलाबी,animal,TOYS_AND_GAMES,,,,,
61aoj2IknYL,4b/4baf7f4f.jpg,,,MAJOR_HOME_APPLIANCES,Premium,,,,
61jXAiHEn3L,c4/c4ace4c2.jpg,Blue + Green,,CARGO_STRAP,,,,,
61Y6kSJQA3L,60/60d35481.jpg,,,FRUIT,,,,,
41IM7KXGJcL,a0/a0e72e39.jpg,,,LUGGAGE,,,,,
91TmUwoIlAL,1d/1d63e9eb.jpg,5 assorted colors,,MECHANICAL_COMPONENTS,TPU,,,,
618S8n83GSL,2d/2d331ff5.jpg,Clear,,DRINKING_CUP,15 oz. Highball,,,,
81ncblRXg7L,e1/e19a2e86.jpg,Braun Camel,Amz126,BOOT,chukka boots,,,,
81-w042ax3L,2a/2a56e4d7.jpg,Grey (Charcoal),,BOOT,,,,,
51D5Ed6HKmL,17/17553a99.jpg,White,,FASHIONRING,,Precious Metal,,,
711mVLq7enL,c0/c080a957.jpg,블랙,,FURNITURE_LINER,,聚丙烯,,,
71BgIndz44L,e9/e992a4e4.jpg,Nickel,,HOME_MIRROR,Peaked,nickel,,,Rectangular
91T-WO0eIOL,32/32ef904f.jpg,Schwarz,,PORTABLE_ELECTRONIC_DEVICE_COVER,,,,,
81lWS4Ho9NL,3b/3b3be156.jpg,,,BREAD,,,,,
81WSfvXZ0KL,1a/1ab9a0e6.jpg,,,SUGAR,,,,,
91YHh0DRHVL,9a/9a6e28a1.jpg,Brown,,WALLET,Leather RFID Blocking Passport Wallet,,,,
61psxYOd+VL,77/77d1bc46.jpg,,,NECKLACE,ネックレス,,,,
81KQ2R-qIuL,06/06021c55.jpg,Linen,,OTTOMAN,,,tela,,
811XLscbV5L,f6/f6351b14.jpg,Anthrazit/Nickelfarben,,DRYING_RACK,1 Matte,Stoff,,,
71QfkvQJwyL,33/33e37ab6.jpg,,,NECKLACE,,,,,
71EISmQI-FL,82/8288c2a4.jpg,Grey/Copper,,PLANTER,,,,,Square
61Pr9yrtMzL,b3/b3643303.jpg,blue,,ACCESSORY_OR_PART_OR_SUPPLY,,,,,
61NbCSRHnZL,35/3565ed91.jpg,,,NECKLACE,,,,,
71BM2t3qC4L,77/77227398.jpg,Yellow Gold,"14k Yellow Gold Plated Cubic Zirconia Bar Necklace, 16""+2"" Extender",NECKLACE,,,,,
71mbNRBSGTL,a6/a630503c.jpg,Green,,STRING_LIGHT,G40 Bulb,,,,G40
51buTh-zNML,93/93bb638c.jpg,,,BOOT,Nash Oval Heel Ankle Bootie,,Suede/Textile,,
61IkudM79LL,d0/d09ef1de.jpg,काला,,BACKPACK,,पॉलिएस्टर,,,
61UDQTcn7JL,f1/f166b44f.jpg,Zwart,Strappy Slide Flat Sandal,SANDAL,Strappy Slide Vlakke Sandaal,,100% polyurethaan.,,
81J4Q43MfJL,4f/4f7302c4.jpg,,,LAUNDRY_DETERGENT,,,,,
61clhl8sH0L,c3/c3e45bd0.jpg,,,JEWELRY_SET,セット,,,,
71L-lRA1rUL,78/78328c2a.jpg,Aluminum Frame,,WRITING_BOARD,Montura para pared,Aluminio,,,
A15EpvMATEL,32/32afa28f.jpg,Black Circle,,PILLOW,Lounger Cushion,spun_polyester,Polyspun,,
61eF5Pu-S7L,15/150effc5.jpg,,,PORTABLE_ELECTRONIC_DEVICE_MOUNT,,,,,
71Uli6SWVYL,e3/e3fe09b8.jpg,Black,,WRITING_INSTRUMENT,Precison Pack,rubber,,,
81O896dP8oL,61/6100789f.jpg,,,VITAMIN,,,,,
71tT2a-EffL,0e/0e6b5489.jpg,Silver,,LICENSE_PLATE_ATTACHMENT,4-Hole,Stainless Steel,,,
81xrA9Ng8lL,d0/d0f6afda.jpg,Salt & Pepper,,SAFETY_SUPPLY,,,,,
71YOrkZZgIL,6e/6ec08b64.jpg,Dorado,,LIGHT_FIXTURE,,,,,
61BriSqZ8zL,bc/bc669bd2.jpg,Negro,,POWER_STRIP,Carcasa de acero,,,,
91SBpfzn99L,dd/dd37b6b5.jpg,,,FRUIT,,,,,
71ZTeOhUFKL,db/db387af8.jpg,シルバー,,NECKLACE,,,,,
818NG90HjzL,1d/1dc8a3f1.jpg,,,LUGGAGE,,,,,
71O9YqqblfL,d8/d892ab4b.jpg,,,FAUCET,palanca,cromo,,,
51SB2QBX2AL,92/928c36e1.jpg,,,DRINKING_CUP,,,,,
71sjVdrZ-YL,72/72264fee.jpg,Blanco Brillante,FG-03959,STRING_LIGHT,,Plástico,,,
71Wf5Wkf3ZL,e0/e0a63be5.jpg,Espresso,,BENCH,,Madera,,,
61orGbZyWvL,9e/9ef58ccf.jpg,,,JUICE_AND_JUICE_DRINK,,,,,
514PAqNegQL,65/6571b6bf.jpg,,,WINE,,,,,
81ZXKmr793L,0e/0ef6f584.jpg,,,HERB,,,,,
A1tygVzxYgL,72/72300263.jpg,Grigio cenere,,PORTABLE_ELECTRONIC_DEVICE_COVER,,EVA,,,
711CcZr9JHL,e7/e7f8545f.jpg,,,LEGUME,,,,,
81G3jkuYPQL,11/111139b8.jpg,0,,SAUTE_FRY_PAN,Wok anti-adhésif pour induction,Titane,,,
914TKkPd-GL,7a/7ab0f8a3.jpg,브라운,,CLOCK,,金属,,,
616nBpxLZdL,20/208bd166.jpg,,,ABIS_BOOK,,,,,
B1dZVR9c-6S,4f/4f2030ce.jpg,Midnight,,OTTOMAN,,,,,
61saisWYIfL,57/57b78512.jpg,,,BATTERY,16 AA Batterien + Batterieladegerät,,,Single,
91nn2DTsLUL,1c/1c51f7b5.jpg,Black,,PORTABLE_ELECTRONIC_DEVICE_COVER,1-Pack,,,,
91cdG1qOFvL,11/11060fd3.jpg,Aqua Blue,,BABY_PRODUCT,,Fleece,,,
71kU6m+TJ6L,9b/9bfeabba.jpg,,,TENT,4 personas,Poliéster,Polyester,,Dome
41ys+brX+PL,98/98b0e008.jpg,,,OFFICE_ELECTRONICS,,,,,
71JzWzHJpIL,fa/fa76cbe6.jpg,,,OFFICE_ELECTRONICS,Slim Privacy Screen,,,,
71TRVaDlV-L,10/10901ac5.jpg,Brown (Chocolate Chocolate),Leather Panelled Hiker,BOOT,Ankle Boots,,,,
81jayTK4LjL,87/872d9457.jpg,,DT-330,AUTO_ACCESSORY,2000 unidades,,,,
81fLL0zjO6L,0d/0d1a7fe8.jpg,,,COFFEE,,,,,
519JgCR0TvL,ad/adf06ac9.jpg,,,ABIS_DRUGSTORE,Regolare,,,,
71A+IptFmiL,b7/b7604fcd.jpg,,"w/ Precise Temperature Control,",COUNTERTOP_GRIDDLE_APPLIANCE,,,,,
41PLQWIMD6L,4d/4d474019.jpg,拉丝钢,,LIGHT_FIXTURE,Candelabro,金属,,,
811D+aroXzL,86/861d9243.jpg,Black,,LIGHT_FIXTURE,Modern,Textura,,,
81eotUbARNL,72/725ceb47.jpg,Multicolor,,SKIN_CLEANING_WIPE,Pack of 5,,,,
91yJN4rWWkL,e6/e6114a9c.jpg,白色（Marshmallow）,,OTTOMAN,,,직물.,,Square
713dCmznwdL,63/63984dd1.jpg,Přírodní,,STORAGE_HOOK,3 Hooks,Metall,,Standard,
51yl7KYWN7L,ae/ae950955.jpg,,,PRINTER,Set - mit 8 AA Batterien,,,,
61IKqT63h-L,84/84d52017.jpg,,,TOOLS,,,,,
91PjMDDbwRL,be/beadaba3.jpg,Blanc,,PANTRY,D,,,,
91pJbz4A0DL,8b/8b2e90cf.jpg,Blue,Asus Zenfone Max Pro M1,SCREEN_PROTECTOR,,Plastic,,,
51lQcXMtpEL,7f/7f40e2dd.jpg,,,CLEANING_AGENT,,,,,
91NrkmjOc1L,d4/d446c896.jpg,Black,,ELECTRONIC_DEVICE_DOCKING_STATION,Single,,,,
91uBUpAQnmL,3e/3e298056.jpg,ネイビー,Marled Beanie,HAT,,,コットン60%、ナイロン30%、ウール10%。,,
714YO79SjBL,9b/9b903568.jpg,,,CLEANING_AGENT,,,,,
71Fx3ObH+DL,80/804c940f.jpg,,,TOOLS,,,,,
817v1Zo1GFL,c3/c3590381.jpg,Bordeaux,Marled Beanie,HAT,,,"60% Coton, 30% Nylon, 10% Laine",,
71cCT9vQxYL,22/22f05eda.jpg,,,AUTO_ACCESSORY,Totalmente sintético,,,,
61718k58pjL,e0/e07eef99.jpg,,,MEDICATION,Tablets,,,,
91ILjaP0mnL,d7/d7bbce4a.jpg,Pink,,LAUNDRY_HAMPER,,Cotton,,,
81l9cd+H1wL,00/0098afed.jpg,Mahogany Finish,,FURNITURE,Contemporary,Sheesham Wood,,,Rectangular
91ChWNMvAfL,c7/c783b198.jpg,,,FRUIT_SNACK,,,,,
91jiAM4W5RL,a3/a33d8b16.jpg,grijs,,BISS,"Polyurethaan & polyester, touchscreen.",,,,
710x3SphOeL,39/39ace8b1.jpg,,,AUTO_ACCESSORY,,,,,
61ECg77FJFL,3b/3b8117b2.jpg,Linen,,OTTOMAN,,,,,
91ltLxqGEpL,71/717cb6e1.jpg,石色,,OTTOMAN,,灰石色,织物,Sitz,Rectangular
71FswpK4DhL,7f/7fadb731.jpg,黑色,"Classic Accessories Deluxe Riding Lawn Mower Seat Cover, Medium",VEHICLE_SEAT_COVER,,Textil,聚酯纖維,,
71XJGLDrIZL,b3/b31c6783.jpg,,,BEAUTY,,,,,
51T4+Zf4sYL,1b/1bd87657.jpg,,,ABIS_DRUGSTORE,,,,,
716du5W8jIL,e1/e1f88402.jpg,,,CONDITIONER,,,,,
A1ZXtLkQffL,37/3777608f.jpg,"12-Pound, Orange",,RECREATION_BALL,"5,4 kg",,,,
91ysdQ9StYL,3e/3e1a9e96.jpg,బ్రౌన్,Animal Figures,TOY_FIGURE,Baby Horse,,,,
71iJawUGp3L,d8/d8e3c35c.jpg,黑色,,HOME_LIGHTING_AND_LAMPS,Coastal,,,,
51ewDxqHa5L,1d/1dbab7b0.jpg,Polished Chrome,Two-Handle High-Arc,FAUCET,Lever,Zinc,,,
81jWIYLJnoL,15/1571e9c7.jpg,Blue,,PILLOW,Lounger,spun_polyester,Polyspun,,Rectangle
810AczrveiL,44/44de4631.jpg,,,KEYBOARDS,Nur Tastatur (1 Stück),,,,
719on7VPkLL,3c/3c75cbb7.jpg,,,BABY_PRODUCT,,,,,
A1NB5aPxALL,48/48b58282.jpg,石板灰,,OTTOMAN,,灰石色,织物,,
A1dZuPq3hbL,88/88cd7681.jpg,,,PHONE_ACCESSORY,,faux_cuir,,,
81-kEMOz8UL,57/57904a30.jpg,Silver,Q4U05PA0AT,RING,,Fine-other-material,,,
610DL+uHrBL,74/74d706e3.jpg,nero,,HEADPHONES,Leggere,,,,
61LlSMw683L,fd/fde034e2.jpg,Verde neón,,ELECTRONIC_ADAPTER,,,,,
61CrAXxf2AL,7d/7d4b6adf.jpg,,,COFFEE,,,,,
A1K2njS+iUL,c4/c491de93.jpg,棕黄色（Caviar）,,OTTOMAN,,Leinenoptik/Holz,织物,,Rectangular
61a+-E+cR1L,d5/d58e97c6.jpg,Black,,SHELF,Single screen stand,Wood,,Single,
81ffOXOHnFL,7f/7fc7f074.jpg,negro,,SUITCASE,,ABS+PC,,,
71M3Ikg4maL,b8/b86cd3ee.jpg,Natural,,STOOL_SEATING,,,,,
71ilcF64G-L,4e/4ef3fb63.jpg,,,WIRELESS_ACCESSORY,,,,,
712pSoGl3hL,91/91e4459a.jpg,,,VITAMIN,,,,,
71pAjdzwu-L,50/50b9506c.jpg,Gris Grey,Muck,BOOT,Botín de Ante,,,,
61HNeVPTIgL,87/870a6931.jpg,برتقالي,SoundLink Micro,SPEAKERS,con bocinas Midnight Blue,,,,
51Q2kc2nV3L,bb/bb6d8031.jpg,zwart,,HARDWARE,"30,4 cm x 20,3 cm",,,,
81HiFTrTxsL,84/84fb950b.jpg,,,SAFETY_SUPPLY,,,,,
71WZpBqeY9L,be/befcc429.jpg,White,,DESK,Double Bed,Wood,,Single,Rectangle
61bRhi4apKL,7c/7cc3d296.jpg,Cream,,FLAT_SHEET,Flat Sheet,Microfibre,,,
71T3QGAy8xL,b8/b8cd6451.jpg,Negro,,CAMERA_OTHER_ACCESSORIES,,,,,
71AUBcgHbGS,6a/6a9e2c96.jpg,White,,DESK,,Glass,,,
613bJAY-vPL,11/1136a623.jpg,Yellow,,SELF_STICK_NOTE,For Dispensers,,,,
71yi3XhHtvL,9b/9bbd2ab8.jpg,White,,DESK,,Metal,,,Rectangular
41hfdPiWYLL,0b/0b1d427e.jpg,,,COMPUTER_DRIVE_OR_STORAGE,Festplatten + Zusatz-USB-Kabel,,,,
81lUqe51loL,96/96604f50.jpg,Blue,"PBH-108031  36"" 30%ACRYLIC",JANITORIAL_SUPPLY,Paquete de 6,,,,
61J7jQQAI1L,4e/4e7c0ddc.jpg,Black,,WRITING_INSTRUMENT,Precison Pack,Rubber,,,
81s844798vL,42/42ac33d3.jpg,,,MILK_SUBSTITUTE,,,,,
5155WXF9XPL,86/8615c306.jpg,Transparente,,DRINKING_CUP,Vaso de tubo ondulado,,100% Others,,
71Ql-w1ZMsL,2c/2cf63bcf.jpg,Azul,,STOOL_SEATING,,金属,,,
91nt7+LxNcL,c3/c3c4450c.jpg,,,SNACK_FOOD_BAR,,,,,
41NWEFkKPeL,15/15520adb.jpg,,,COSMETIC_BRUSH,,,,,
91nH1bJtYTL,cc/cc7fea9c.jpg,,,LEGUME,,,,,
716vdWfenAL,26/261daf7a.jpg,Zwart,,SHELF,5-planken,staal,,,
51FOrty0GmL,13/13b91e0a.jpg,,,DRINK_FLAVORED,,,,,
71yF2saO48L,07/0701d05f.jpg,,,MAJOR_HOME_APPLIANCES,Premium,,,,
71A0euRpv6L,53/5343f310.jpg,0,,FILE_FOLDER,90 Micron,Plastica,,,
81x6a9eGHvL,cb/cb3d25e3.jpg,red,,DISHWARE_PLATE,3 Compartment Plate,,,,
71jj-o10m-L,45/45a5b0fc.jpg,ಬೆಳ್ಳಿ,,KITCHEN_KNIFE,,ಪ್ಲಾಸ್ಟಿಕ್,,Knife Set,
81Q3z1PQ1GL,d2/d2a66a78.jpg,Silver,,INPUT_MOUSE,,,,,
51IUEnMouqL,31/311176eb.jpg,,,HERB,,,,,
811Q+-JHY2L,00/00103517.jpg,Black Nappa,,WALLET,,,,,
71OOYxYvUfL,3a/3ab302f2.jpg,Farblos,April,FASHIONNECKLACEBRACELETANKLET,April,metall,,,Rund
91kmpFrbtjL,cb/cbf6362a.jpg,,,PANTRY,,,,,
51CgCrj6ZXL,cb/cb15e9b3.jpg,Black,EB02BK,HEADPHONES,auriculares con micrófono,,,,
61gi1PbTPdL,9b/9bd81c87.jpg,,,HERB,,,,,
61NU2UnuwGL,25/25003c1e.jpg,Old Skool Pro,Strappy Slide - Sandali Piatti,SANDAL,Strappy Slide - Sandali piatti,,100% poliuretano,,
71cfYi-eDOL,c0/c02e7178.jpg,Dark Peach,,WALLET,Wallet,अन्य,,,
81zl3FMp9wL,e5/e5bf1b74.jpg,Blue 02 V,,HAT,,,,,
8182ImQggKL,e2/e2659010.jpg,Black,,CLOCK,,MDF,,Wall Clock,
81usVjhYEML,3a/3a7870bf.jpg,,,WASTE_BAG,,,,,
616jT3TNoDL,c5/c5fc64a7.jpg,Argenté,,MICROPHONE,,,,,
91yAkHU-gpL,87/876446bf.jpg,黑色皮革,,OTTOMAN,,皮革,,,
716bPL-8klL,b5/b562595e.jpg,wit,,CHARGING_ADAPTER,Pad,,,,
61vFikuEvSL,b3/b37e75f1.jpg,Negro/Rojo,,CHARGING_ADAPTER,4 puertos,,,,
71JHRwh2zEL,65/6501ad04.jpg,,,HOME_LIGHTING_AND_LAMPS,,,,,
61r+rCcf-lL,fb/fb77faa5.jpg,Flat Black,,TOILET_PAPER_HOLDER,Moderno,,,,
61jX8bbxZcL,63/63840d26.jpg,Black,,CLOCK,,Plastic,,Wall Clock,
613hFElstdL,e7/e7232a3f.jpg,,Stella Pull-on Kitten Heel Boot,BOOT,,,,,
719BylvNA2L,5c/5c357fcd.jpg,,,ELECTRIC_FAN,3 Speeds,,,,
61M5NFa3zFL,0d/0d525a38.jpg,Sky,,UMBRELLA,,,,,
713sJ8M+4JL,72/7295477a.jpg,,,BEAUTY,Shampoo,,,,
51XLz+PvboL,34/34c23847.jpg,Rojo(Team Red),Logo Slides,SANDAL,Logo Slides,,sintético,,
81qkTfv+rOL,11/11afd68b.jpg,,,BATTERY,,,,,
81VnOPdxK-L,f7/f7a00df7.jpg,,,TELEVISION,32 Zoll (Mod. 2021),,,,
616T8TacIML,ef/efa9d31c.jpg,White/Brass,,PLANTER,Single Pack,Brass,,,Square
71PcxQ0XtQL,96/963cadf0.jpg,,,NUTRITIONAL_SUPPLEMENT,,,,,
91wUlNLaGhL,e4/e470098e.jpg,Black,,FOOD_SERVICE_SUPPLY,3-Shelves,,,,
81kd5uzXntL,a0/a0651ce3.jpg,,,JEWELRY_STORAGE,,Tablero de fibra de desnsidad media,,,
81IZdx5q5KL,01/0194c862.jpg,Humo,,JANITORIAL_SUPPLY,,Goma,,,
51iYl2JNNvL,ee/eeecb571.jpg,Creative Wave,,PORTABLE_ELECTRONIC_DEVICE_COVER,,,,,
81frwr7L9HL,8a/8a293295.jpg,,Andy Classic,BOOT,Chelsea Boots,,,,
719BqIYPIHL,75/75b970a3.jpg,White,,BASKET,,,,,
81WvCKBCsHL,b1/b15784a1.jpg,Chaps Saddle,,OTTOMAN,,木头,Top-grain Leather,,
81Z1Y37odXL,d3/d3a5ca6b.jpg,,,WRENCH,,,,,
8149ALLFINL,42/42596ff7.jpg,,,ACCESSORY_OR_PART_OR_SUPPLY,,,,,
816kbXzn09L,e4/e4e660c0.jpg,,,NUTRITIONAL_SUPPLEMENT,,,,,
717c7M1SJ-L,09/0966081e.jpg,灰色（Brushed Nickel）,,ELECTRIC_FAN,0,,,,
81cZCgTuWQL,d1/d111f2ff.jpg,BLACK,ZH1708094,OUTDOOR_RECREATION_PRODUCT,Small,Constructed of high density polyester with waterproof backing,100% Polyester,,
610iWdG82AL,dd/dd384eff.jpg,,,POWER_SUPPLIES_OR_PROTECTION,1500V,,,,
91B64C2m6QL,70/70351a6b.jpg,,,PORTABLE_TOOL_BOX,調節可能仕切り,,,,
71FPB87U-JL,f4/f40db086.jpg,ホワイト,"Sterling Silver Diamond Accent Mom And Heart Charms Pendant Necklace 18""",NECKLACE,,Not applicable,,,
61mmgNX8BnL,6f/6fb99f96.jpg,Quercia,,CABINET,Mobile da ingresso,Legno,,,
51L8ntRO-ML,0f/0f12d686.jpg,Polerade kromfärger,,TOWEL_HOLDER,klassisk,,,,
71I9IFG3PzL,38/384b77a0.jpg,ಹಸಿರು,,ICE_CUBE_TRAY,,ಪ್ಲಾಸ್ಟಿಕ್,,,
A1vohfMPqRL,d1/d180cdde.jpg,,,SECURITY_ELECTRONICS,,,,,
61fuDPUlSZL,8c/8c49483d.jpg,Crystal White Pearl,10K Gold Made with Swarovski Birthstone Stud Earrings,FASHIONEARRING,June,pearl,,,Round
51ZiSw5RnLL,2c/2c2166f4.jpg,نيكل لامع,Modern Two Handle Goose Spout,FAUCET,,黄铜,,,
61q1-5vcN2L,40/4002fb9a.jpg,,,WINE,,,,,
81FUXLkgB1L,e9/e92a2bf3.jpg,Blue,,PILLOW,Bench Cushion,spun_polyester,Polyspun,,
71RTHhs4p8L,22/223cb742.jpg,Black,,SUITCASE,,,,,
51oYcwKgpvL,2c/2c9aae64.jpg,Black,1101692,SCREEN_PROTECTOR,,Tempered_Glass,,,
61Ol4LWtJ5L,be/be186918.jpg,,,ASTRINGENT_SUBSTANCE,,,,,
91Twwqk08xL,5b/5ba97ade.jpg,Black,,SUITCASE,21-Inch Cabin Size,,,,
71tMxRqlGuL,af/afdbe67e.jpg,,,BEAUTY,,,,,
51JfzJo+RzL,01/016329a5.jpg,Dark Grey,,COMPUTER_ADD_ON,Type-C to Type-C,,,,
61RWVLg1meL,b7/b7223055.jpg,Brown_69505,,HAT,,,,,
515SWZ7T+4L,cf/cfc18de1.jpg,Gold,December,FINEOTHER,December,metalgemstone,,,
71FxyuBbzJL,b8/b8099182.jpg,,,FOOD_SERVICE_SUPPLY,,,,,
61eOwEFnOiL,52/52a52f05.jpg,Satin Nickel,,LOCK,,,,,
81Nb5iKnBSL,7f/7f4a7397.jpg,Grey,,SUITCASE,23-Inch,,Polyester,,
91gGcCidk5L,e2/e273022b.jpg,黑色,,SUITCASE,Juego de 3 piezas,聚碳酸酯,,,
618hstDx5qL,43/4337fac2.jpg,,,VITAMIN,B12 + C,,,,
71pyP5nlUTL,25/259e28f7.jpg,,,STAPLER,,,,,
81ryBuVE31L,43/43586018.jpg,Red Speckled,,MUSCLE_ROLLER,12-Inch,,,,
713J0IqPqnL,dd/dd4be977.jpg,White,,STORAGE_BINDER,,,,,
71YpspDLmtL,f4/f4aa2652.jpg,,,SHIPPING_BOX,,,,,
81J3bluaEOL,ac/acb912b5.jpg,,,EXERCISE_MAT,,,,,
6188LOidxRL,d6/d65b6d7f.jpg,Alpine White,,DRESSER,Chest Of Drawers,,,,
610XCt+VmIL,ba/bad201fd.jpg,Black,Maui,SANDAL,Maui,,100% Leather,,
71iexRNjFeL,0f/0ffc7e84.jpg,,,WILDLIFE_FEEDER,Hummingbird - Comedero (6 estaciones),钢铁,,,
615r5OZWyeL,4b/4b7803a9.jpg,,,NECKLACE,,,,,
91LrBjLWAgL,47/4700d46a.jpg,,,HERB,,,,,
810pw5R9h2L,9d/9d17891a.jpg,Brown,,BED,,,,,
91NZOQ6FqKL,07/07d96e40.jpg,Blue,,SUITCASE,,फ़ैब्रिक,,,
81etYUJXxcL,f7/f70c1445.jpg,"Set of 6, Purple",,STORAGE_BAG,,,,,
51GoLcoXsRL,1e/1e91b371.jpg,,,JANITORIAL_SUPPLY,,,,,
91yWMt5roRL,85/85e66b1a.jpg,Python Print Embossed Leather,Kennedi Pointed-toe To-the-knee Slouch Boot,BOOT,Kennedi Pointed-toe To-the-knee Slouch Boot,,Embossed Leather,,
415W01x3YTL,56/56ba597b.jpg,银色,,LIGHT_FIXTURE,empotrado,金属,,,
61XRyYcJ42L,1a/1a06f19a.jpg,White,,FOOD_SERVICE_SUPPLY,Beverage,,,,
61-Qb44YnKL,60/600affe8.jpg,,,SKIN_CLEANING_WIPE,,,,,
81SE2qGOKqL,e5/e50f4124.jpg,black,,STORAGE_BINDER,pack of 20,,,,
91OSodp3hCL,0e/0e0d2191.jpg,Citron,,PILLOW,,,Cover: 100% Polyester; Insert: 100% Cotton; Stuffing: 100% Polyester,,Round
41Blvpmn8vL,5e/5e92b58c.jpg,,,DRINKING_CUP,,paper,,,
61lQBKC66jL,12/12af0f80.jpg,,,DAIRY_BASED_CHEESE,,,,,
81MYW5LKtNL,72/72580ae1.jpg,,,COMPUTER_ADD_ON,,,,,
51M4KETSrFL,a6/a63d08a6.jpg,Gepolijst chroom,,CLEANING_BRUSH,Handdoekrat,Chrom,,,
81n+7x5VKOL,39/39e31de0.jpg,아이보리,,HEADBOARD,存储,灰石色,,,
71o136IN6SL,db/db450763.jpg,Black,,CLOTHES_HANGER,,,,,
51kyFzvVi4L,b0/b07715d2.jpg,,,FOOD_STORAGE_BAG,夸脱,,,Bags + Sandwich Storage Bags,
61ahowDs7wL,1b/1b95abd0.jpg,Rood,,WHEEL,,,,,
51Fn+upie9L,41/413df066.jpg,Blanco,,OFFICE_ELECTRONICS,Paquete de 12,,,,
71A32tUg5SL,15/15a4e1b3.jpg,Cognac Leather,Cedar Casual Double Band Sandal,SANDAL,Cedar Casual Double Band Sandal,Leather,100% Leather,,
61UkbGKYUJL,2f/2f7e6411.jpg,,,FLAVORED_DRINK_CONCENTRATE,,,,,
71VhDRzXUAL,5f/5f6ce8e5.jpg,Weiß / Schwarz,,PLANTER,1 Items,,,,
71e6gpxfb+L,c5/c5bf6c4e.jpg,Black,,KEYBOARDS,,,,,
71b-uAGUSXL,70/70df945e.jpg,,,BEAUTY,,,,,
511YpmuLCnL,cf/cfaea53e.jpg,Others,Samsung Galaxy J2 (2018),SCREEN_PROTECTOR,,Plastic,,,
91uj9CYZC+L,3e/3e51a5e8.jpg,Blu Navy,,BACKPACK,,,,,
51VKAF1hNFL,db/dbb50742.jpg,古铜色,,LIGHT_FIXTURE,Mid-Century Modern,玻璃,,,
6136qWciZuL,fd/fd082b1a.jpg,,,NECKLACE,垂饰,マルチカラージェムストーン,,,
81--UvT5iZL,0b/0b7aaa45.jpg,Azul Marino,,SUITCASE,Maleta rígida,ABS,,,
81y7FerQ++L,be/bed6e0c4.jpg,,,AUTO_ACCESSORY,Láser 20 m,,,,
912GBI0CGDL,ef/ef14ab3a.jpg,藏青色,,BACKPACK,35L,,,,
81nvC1VdiFL,7e/7e5f0208.jpg,베이지,,STOOL_SEATING,,青铜色,,,
810v5fqc-AL,34/3464b5b1.jpg,Black,,KEYBOARDS,,,,,
A1OohsjP+XL,ff/ffb3d561.jpg,Grau Floulard,,FLAT_SHEET,,Baumwolle,100% Cotton,,
61UGadurnLL,fe/fefaa5b2.jpg,Silver,,SCREEN_PROTECTOR,,Zinklegierung,,,
91HTEauK-iL,a4/a4a5f029.jpg,그레이,,STOOL_SEATING,,木头,,,Rectangle
61UlFmff2EL,1f/1f3384a9.jpg,White/Dark Tan,,PLANTER,,Metallo,,,
91X3bd8ay4L,7f/7f1556cd.jpg,,,HERB,,,,,
518TuuWi1uL,89/896f616f.jpg,,,FOOD_STORAGE_BAG,Gallon + Sandwich Storage Bags,,,,
81aq4TrRYML,bb/bb039a7e.jpg,블랙,,OTTOMAN,,,,,Rectangular
81JpuOqoLSL,00/0003658b.jpg,,,CRACKER,,,,,
71v-xd2dsLL,b9/b9a6dea9.jpg,Yeşil,,HEADPHONES,,,,,
91M2lfe4fWL,7a/7afe7ae4.jpg,Brown Crazy Horse,,SUITCASE,,Cuir,,,
81871DQNiAL,d7/d72b9517.jpg,,,COFFEE_MAKER,,,,,
B19fYOhsSIS,bb/bb630442.jpg,Bear,,OTTOMAN,,,tecido,,Square
81xDw4f9EPL,1d/1d41d731.jpg,,,BEAUTY,,,,,
81G3wUWhCEL,9b/9b9c8fdf.jpg,نيكل (Brushed Nickel),,LIGHT_FIXTURE,contemporáneo/moderno/elegante,glas,,,Pendant
71MREpM+kiL,ff/ff99f200.jpg,ホワイト,"Sterling Silver Infinity Pendant Necklace, 18""",NECKLACE,,金属,,,
612cvRfjXIL,ee/ee1a4880.jpg,,,CLEANING_AGENT,,,,,
81kzKWXaCyL,ca/cab89faf.jpg,,,COFFEE,,,,,
51lMg01h-GL,55/559e75dd.jpg,,,HARDWARE,,,,,
91MX+BsWCvL,dc/dcd6b35a.jpg,,,THERMOPLASTIC_FILAMENT,,,,,
813Zj9f2HtL,39/39c0634d.jpg,,,BEAUTY,,,,,
81FbcB5bv8L,09/09c18bab.jpg,Pink,,BACKPACK,,others,,,
91crlW4vSGL,f5/f59e8849.jpg,Negro,,WALLET,,Cuero,,,
615u8lI8FbL,aa/aa16e4ae.jpg,,,VITAMIN,Multivitamin + D3,,,,
716PwYx9s2L,7e/7eab0a32.jpg,Colori fluo assortiti,,CARD_STOCK,,,,,
81vVhNmk8JL,d9/d90860f6.jpg,black,,COMPUTER,,,,,
61JPBRnSx+L,99/9905212d.jpg,Oak Sonoma,,DRESSER,Commode,,,,
71Ugb27rEpL,e0/e09e0847.jpg,Verde,,ARTIFICIAL_TREE,,,,,
71pgocVXfkL,f1/f165350c.jpg,,,BREAD,,,,,
71J2Gre3OXL,2c/2c5fa77e.jpg,,,SHAMPOO,,,,,
81fKGswaSmL,d7/d7e63bcc.jpg,Black,,WALL_ART,Contemporary,,,,
A108DRjcJTL,b4/b4d1d308.jpg,Mustard,,OTTOMAN,,,Fabric,,
71rYCcL-ewL,39/3975566c.jpg,,,TOWEL_HOLDER,,,,,
7184YYmvCJL,3e/3e2e87af.jpg,10X42,10x42,BINOCULAR,,Gomma,,,
71agbvOuPrL,66/66836fce.jpg,,,HOME_LIGHTING_AND_LAMPS,,,,,
81VPBNfG6hL,5f/5fc91986.jpg,ブルー フラワー,,UMBRELLA,,,,,
71l2IErhhvL,2d/2da344ad.jpg,Blauw,36944,SANDAL,Hakken Sandalen,,,,
81x5gbISj-L,97/97236ccf.jpg,白色,,AIR_CONDITIONER,Window Mounted Air Conditioner with remote control,,,,
51HorBI4+cL,50/508facce.jpg,White,,BISS,IT,,,,
81VbDVjD0uL,73/73c99a34.jpg,Oak,,FLAT_SCREEN_DISPLAY_MOUNT,TV Stand,Wood,,,Rectangular
71Y+EJv-seL,0e/0eb1b6db.jpg,Light Blue,,SAFETY_SUPPLY,,,,,
51agMRh0xlL,59/594e91a7.jpg,white,,FOOD_SERVICE_SUPPLY,cutlery,,,,
71iHTERVyCL,74/74c0da48.jpg,Negro mate,,LIGHT_FIXTURE,Candelabro,,,,
51L--ts-sQL,5c/5c47295a.jpg,Nero,,HEADPHONES,Chiusura sul retro,Silicone,,,
91kA5b2vu4L,0b/0b41e19a.jpg,Multi,,WALL_ART,Antique,canvas,,,
61o2z57A7sL,73/73b5f579.jpg,,,PANTRY,2 x 84 couches,,,,
61VJRBVjlVL,d0/d06301f2.jpg,,,INSTRUMENT_PARTS_AND_ACCESSORIES,Single,,,,
71jxqbGu2yL,f6/f61521fc.jpg,Blanc White,Darling-01w3-003,SANDAL,Sandales Compensées,,,,
819wAt+KWsL,aa/aa3860bd.jpg,2x Vin,,SUITCASE,,polyester,,,
81XNJxT8tjL,ac/ac35627a.jpg,,,DIETARY_SUPPLEMENTS,,,,,
51GFr6IY0dL,af/afa1ee8f.jpg,Digital,xible Rubber 0.5 Display Resolution with Hose and Quick,ELECTROMECHANICAL_GAUGE,Neutral,Plástico,,,
61iReZa+uVL,38/381b820b.jpg,Gris Foncé,,FLAT_SHEET,Flat Sheet,Microfibre,,Uni,
91wrU6zVgeL,23/23051aef.jpg,Mörk,,EXERCISE_MAT,,,,,
81OyBr5A4DL,59/59870224.jpg,Azul,,FLAT_SHEET,Hoja de Microfibra,Microfibra,100% Microfibra,,
61HuhUf3TfL,7d/7d1ae547.jpg,,,WINE,,,,,
51QLeEQpMjL,09/0981ace6.jpg,,,EDIBLE_OIL_VEGETABLE,,,,,
51RMKbX36WL,aa/aa98efe7.jpg,,,FOOD_STORAGE_BAG,Galão,,,Bags + Freezer Quart Bags,
61aShVRo2CL,51/513d4253.jpg,zwart,,CAN_OPENER,Stijlvol elegant modern praktisch,Vliesstoffe Pappe Plastik,,,Würfelform
91lgzGGykjL,56/5673a558.jpg,,,COFFEE,,,,,
71DxI8K9M6L,1f/1f32ba33.jpg,,,DRINKING_CUP,,Polietileno,,,
51wM8mGbmjL,6a/6a5e322e.jpg,اسود,,POWER_STRIP,Extension Cord + 200J Black Power Strip,,,,
31ybMQMcKeL,72/7299c162.jpg,Negro,WA7PJCW,PLUMBING_FIXTURE,,,,,
81GgJsk19AL,8c/8c163d82.jpg,ट्रांसपेरेंट,,JAR,,प्लास्टिक,,,
719Wn9PhCEL,ac/ac693166.jpg,,,VITAMIN,,,,,
61QYG6AifqL,8b/8ba45874.jpg,,,CLEANING_AGENT,,,,,
61LIu5iIykL,89/895d8d8f.jpg,Grigio Scuro,,FLAT_SHEET,Lenzuolo,Microfibra di poliestere,,tinta unita,
41X+8y6oLnL,db/dbf674ac.jpg,,,CABINET,,Madera,,,
61bmjTncLyL,81/81fae757.jpg,,,WINE,,,,,
81uHEsTxDPL,ac/ac76da32.jpg,Assorted,,WRITING_INSTRUMENT,,,,,
8151Ma-3alL,35/3521ac41.jpg,,,NOODLE,,,,,
71cW7VsTzXL,48/48f7975d.jpg,,,PORTABLE_ELECTRONIC_DEVICE_MOUNT,,,,,
612ep6byB6L,98/9802b387.jpg,Wit,,STORAGE_HOOK,8 haken,,,Modern,
81uMyTPrFrL,84/84d2ab60.jpg,,,PAPER_TOWEL_HOLDER,,,,,
91X9GZdAl+L,2e/2ee47c9c.jpg,,,SAFETY_SUPPLY,,,,,
81Pw3AnR+mL,5b/5bff9d55.jpg,白,,BRACELET,,,,,
81Z1JzrGvmL,45/45a6fd18.jpg,干邑色,,OTTOMAN,,,皮革,,Round
713AGC5VNqL,26/26fa6be5.jpg,Black,,LOCK,Adjustable Keyed Cable lock,Silicone Rubber,,,
91Mb2i8VULL,79/795866a1.jpg,藍色,,SUITCASE,标准,أكريلونيتريل بوتادين ستيرين,,,
61ZlTUKVGVL,10/10129611.jpg,Grigio,,SHELF,,Polietilene,,,
A1aL4F7TYoL,5a/5af7249a.jpg,Midnight Blue,,BACKPACK,Traditional Backpacks,Polyester,,,
81bEGRbVSLL,ee/ee698760.jpg,Red,,SUITCASE,2-piece Set,,Polyester,,
61ltyWPhrGL,9c/9c1e8c8a.jpg,하얀색,,SHELF,现代,木头,,,Trapezoid
71M1nfKlVuL,d5/d5f6ecd5.jpg,,,PORTABLE_ELECTRONIC_DEVICE_STAND,,,,,
61gGEChBndL,19/19196356.jpg,白色,"Ameriwood Home Classic 5 Drawer Dresser, White",DRESSER,5 Drawer Dresser,خشب صناعي,,,Rectangular
61xclwLoujL,96/9630604a.jpg,,,PAPER_PRODUCT,,,,,
41U+ZrzaYkL,30/30394112.jpg,Grey,,BENCH,,Teak,,,
711FL024dZL,36/36cd8d28.jpg,"Blanco, amarillo",,WRITING_BOARD,,,,,
917JaDz9GLL,df/dfafed1c.jpg,Multicolor,,WALL_ART,Boho II,paper,,,
81+wph2strL,d3/d36ddb04.jpg,Glass,,HOME_MIRROR,Modern,metal,,,
91dRZSgdLBL,01/01aa9b1a.jpg,ಕಂದು,,CABINET,,ಪ್ಲಾಸ್ಟಿಕ್,,,
91CbEb08uYL,79/79ee576b.jpg,Black,,SPEAKERS,AC,,,,
81L9fz30-SL,72/72c40b98.jpg,Multicolor,,SKIN_CLEANING_WIPE,Pack of 3,,,,
81XcblSyA0L,25/254dee0a.jpg,,,LEOTARD,550078,,100% Cotton,,
71dH-v7pmWL,63/63d2d1a7.jpg,Flaschengrüner Stoff/Schwarze Beine,,STOOL_SEATING,Set met 2 barkrukken.,Fabric,,,
616b66xl+fL,2a/2a32db5c.jpg,Negro,,WIRELESS_ACCESSORY,,Alumínio,,,
71NxjUVLDRL,7d/7d7c280d.jpg,Cognac Suede,Campbell Espadrille Dress Wedge- High,SANDAL,Campbell Espadrille Dress Wedge- High,,100% Leather Upper,,
714A5Kib1AL,2e/2e54cf92.jpg,,,WATER_PUMP,,,,,
91WdPr2qecL,23/2341e5e9.jpg,Rojo,,LOCK,Cerradura de combinación,steel+crepe paper,,,
51eaZnR295L,99/99d63856.jpg,Black,,HARDWARE,20 x 13-Inch,,,,
91+wM-tTP2L,fd/fd11ac78.jpg,ചുവപ്പ്,,AUTO_ACCESSORY,,പോളിസ്റ്റർ,,,
A1Pyod51C3L,23/23082dbb.jpg,Gris,,WASTE_BAG,,,,,
71JMoO6F8fL,66/669be937.jpg,Silver/Brown/Black/Red,"Silver-Plated Crystal Dog Body Pendant Necklace, 18""",NECKLACE,,crystalmetal,,,
61kYZEzs5xL,58/58f7430b.jpg,Noir,Beau,BOOT,Beau,,100 % caoutchouc.,,
91--EgMA2bL,a7/a72e10df.jpg,,,BREAKFAST_CEREAL,,,,,
61nCQ+N5nmL,88/8822e985.jpg,beige,,ABIS_HOME_IMPROVEMENT,96 pièces,,,,
81GZHhCEwGL,8c/8c52bf8e.jpg,,,BABY_PRODUCT,,,,,
616nBeQr-PL,ce/ce6dc410.jpg,,,WINE,,,,,
51Z6xX1sJAL,8a/8a04bdaa.jpg,,,COMPUTER_COMPONENT,,,,,
810YQQGjD8L,e6/e6acd646.jpg,,,NUTRITIONAL_SUPPLEMENT,,,,,
711BQldJGAL,da/da150eaa.jpg,,,FLAT_SCREEN_DISPLAY_MOUNT,,,,,
81pHMi4qOaL,c8/c8960314.jpg,블루,,STOOL_SEATING,,,,,
91ibVf0x7EL,42/4259188b.jpg,నారింజ,,BEAN_BAG_CHAIR,సమకాలీన,లేథెరెడ్,,,Teardrop
61Y6x1KzCIL,1b/1b6b83e6.jpg,Black,,POWER_SUPPLIES_OR_PROTECTION,400VA,,,,
71aiPY1Qm8L,7f/7f6591c7.jpg,Ivory,,CLOTHES_HANGER,,velvet,,,
71uL8Wij-uL,f8/f8b3f7b4.jpg,クリア,,BRACELET,ブレスレット,,,,
81EyYDh0YBL,3b/3b48df99.jpg,Reclaimed Gray,,CABINET,,,,,
91GVmk4GvcL,2a/2a64b130.jpg,Charcoal,Cable Knit Hat,HAT,Cable Knit Hat,,"55% Cotton, 25% Modal, 20% Polyester",,
51kfYOn5r4L,68/68e1b27b.jpg,Equipo azul marino,Logo Slides,SANDAL,Logo Slides,,sintético,,
61OEL4DTDnL,58/58808c67.jpg,Negro (Polido Negro Polido),Dallow,BOOT,Dallow,,,,
91ZwSKDF-5L,27/275c11e4.jpg,Red,,SUITCASE,24-inch,,,,
71L5BVCSlwL,86/865c2e34.jpg,Ljusgrå,,LAUNDRY_HAMPER,,,,,
519dJhI7gLL,41/416acb35.jpg,,,BEAUTY,,,,,
81jxQYS+GjL,48/48b1671f.jpg,Black,,CLOCK,,MDF,,Wall Clock,
71ZnXY-g6CL,f3/f33dd7e0.jpg,,,SAFETY_SUPPLY,,,,,
71MuYOo0LWL,93/938617de.jpg,,,FIRST_AID_KIT,,,,,
A1rXGDubr5L,19/190b7346.jpg,,,NOODLE,,,,,
61TLAK+sHDL,41/410b7d6b.jpg,,,BEAUTY,,,,,
41DIUKEd-sL,80/80c9ba21.jpg,Negro,,CAMERA_BAGS_AND_CASES,Interior anaranjado,Nylon,,,
81K30uCzu7L,3b/3be1d28d.jpg,,,TOOLS,,,,,
61KgAKUK4dL,e0/e04975c0.jpg,,,ABIS_KITCHEN,,,,,
71SSyrDQ55L,1f/1fe85e5e.jpg,Beige,,NAIL_POLISH,Subtle Hues,,,,
71a88L4WrSL,39/39086e02.jpg,,,SKIN_MOISTURIZER,,,,,
81e0AAUIytL,20/20c377bf.jpg,,,AUTO_ACCESSORY,,,60% Polyester/40% Cotton,,
71uHIlSvLYL,c6/c66ea944.jpg,,,COOKIE,,,,,
61Wm8wda6-L,34/3440e317.jpg,,,SHAMPOO,2-in-1 + Body Wash,,,,
81y0R3N7U7L,45/451a7a32.jpg,Red-5681,,VITAMIN,,,,,
61dvMerAgGL,29/29c38700.jpg,बहु(मल्टी),,CANDLE,,Wax,,,
71lNFmE8i8L,16/16761103.jpg,Gris,,BATTERY,Paquete de 20,,,,
71PDZcnQBlL,86/868fa9f2.jpg,,,LADDER,钢,橡胶,,,
81GaotjXZPL,d0/d033b09c.jpg,Black Leather,Sharlotta Embellished Block Heel Ankle Boot,BOOT,Sharlotta Embellished Block Heel Ankle Boot,,Leather,,
71KhbOffg+L,29/2907e98b.jpg,Brass,,HOME_MIRROR,Round,brass,,,
51hIBB4RftL,3a/3a4fb889.jpg,,,CLEANING_AGENT,,,,,
61phkC1MI+L,3b/3b00b5d5.jpg,,,PROTEIN_SUPPLEMENT_POWDER,,,,,
5151+fWlzbL,e9/e9b22619.jpg,White,,BISS,SH,,,,
71dRkHuFtzL,70/70414ca6.jpg,roze,,COSMETIC_CASE,,,,,
71wGRSlTrZL,00/00d9ac29.jpg,레드,,PLANTER,plantador grande,炻器,,,
61QcWTL3hQL,c8/c8f0a702.jpg,"Set of 4, Purple",,STORAGE_BAG,,Polyester,,,
61n5j4vVxtL,3c/3c635481.jpg,Bordeaux Horn,Frame 12 Non-polarized Oversized Round Fashion Sunglasses,EYEWEAR,Frame 12 Non-polarized Oversized Round Fashion Sunglasses,,100%Metal/Acetate,,Oval
81TzodBC-HL,68/68dadeae.jpg,Carbón,,JANITORIAL_SUPPLY,,Goma,,,
91utVJWUqZL,fd/fd95ace8.jpg,深棕色,,VASE,,炻器,,,
91gnfzxQmJL,cc/ccbf4a5b.jpg,Gold,,WALL_ART,Contemporary,wood,,,
71Q09EcghJL,b0/b04c8936.jpg,red silk,Braylon Open-Toe Espadrille Wedge - Low,SANDAL,Braylon Open-Toe Espadrille Wedge - Low,,100% Fabric Upper,,
81Hg3pB0FVL,21/21db695c.jpg,Amarillo,,PAPER_PRODUCT,,,,,
71tva2GJZLL,44/44649c97.jpg,,,BREAD,,,,,
61tQT10dk9L,11/11fa5248.jpg,Rouge,,HEADPHONES,,,,,
71dNI5V1ycL,8a/8af189aa.jpg,,,COMPUTER_ADD_ON,,,,,
812wKVRkDLL,00/005246c7.jpg,Black,,KEYBOARDS,Keyboard,,,Single,
A1AV8kc3XSL,1d/1d5af4ae.jpg,Gold Leaf,,OTTOMAN,,,בד,,
81-Ux36zpsL,96/962a60bb.jpg,Black,,STOOL_SEATING,Counter Stool,faux_leather,,,
61O2zxoHF1L,c6/c6767f5c.jpg,,,ABIS_DRUGSTORE,Aloe Vera & à l’Extrait de Racine de Réglisse,,,,
71bLB7hpmAL,ca/caafce52.jpg,,,SANDAL,Wedge Strippy Sandal,,,,
812koBaN18L,ed/ed4aefc0.jpg,,,COFFEE,,,,,
91Z1z9--+SL,95/957e3d3c.jpg,Gris,,SUITCASE,,,,,
51Q3MSTwibL,2b/2be9eb0e.jpg,,,JANITORIAL_SUPPLY,,,,,
61O1SerTP4L,6f/6f5d9a01.jpg,May Boy,"10K Gold, AAA Cubic Zirconia and Simulated Birthstone Babies Boy Charm, May",FINEOTHER,Boys - May,Fine-other-material,,,
51SRfp8ZhoL,94/94aad3b8.jpg,,,WASTE_BAG,,,,,
91cSocAVlyL,79/7937ed8e.jpg,,,SAFETY_SUPPLY,,,,,
718LUgcetQL,6f/6f86230f.jpg,Brown (Sand),Leather,BOOT,Leather,,,,
81ucDsZ52DL,ff/ff2e336c.jpg,"Maroon, Tan",,WALLET,Wallet,Other,,,
919a8tYNwiL,65/65821491.jpg,,,COSMETIC_BRUSH,,നൈലോൺ,,,
61FkgXfvyxL,9b/9b8a19d3.jpg,,,BATTERY,Verpakking van 4 stuks.,,,,
71nna6fgZbL,20/20525999.jpg,灰色（Brushed Nickel）,,LIGHT_FIXTURE,0,木头,,,
71b3xX2lsDL,65/65a4ade4.jpg,,,SKIN_CLEANING_WIPE,,,,,
51BamG3W9fL,9c/9c6052b7.jpg,레드,,FREESTANDING_SHELTER,Pop Up clásico,布料,,,
71AsMGL9YtL,3a/3aa4f33b.jpg,,,FASHIONOTHER,,,,,
91pNixdYYnL,0d/0d079e54.jpg,,,MECHANICAL_COMPONENTS,,,,,
61mrcjLci0L,4d/4d9fc119.jpg,,,NECKLACE,ネックレス,,,,
71L+FsGqoHL,e6/e6cb7175.jpg,chêne,,INSTRUMENT_PARTS_AND_ACCESSORIES,Lot de 2,,,,
81C7z9qnMGL,9a/9a0a4735.jpg,रुपहला,,FLATWARE,With 6 Fruit Forks,Stainless Steel,,,
61TNUIpF9qL,5e/5eba30a1.jpg,,,MEDICATION,,,,,
A1bhPbh9iJL,43/437d4513.jpg,Gris,,FLAT_SHEET,Flat Sheet,Algodón,,Monocromo,
91k1IRnTt+L,07/077544aa.jpg,,,HERB,,,,,
71FVehlxeeL,1b/1b4f9d27.jpg,,,BEAUTY,,,,,
51U7vkJpWCL,ef/ef27de3d.jpg,Silver,Innis-s1a10,SANDAL,Sandals,,,,
51Is9UqjdNL,be/be8f45b7.jpg,,,FLAT_SCREEN_DISPLAY_MOUNT,Montaje de TV con cable HDMI,,,,
71OTJjIQ5yL,6e/6e36618f.jpg,실버,AmazonBascis Loft Bed,BED,Cama alta,钢铁,아니오,,Rectangular
61+04NfMIhL,75/7538a856.jpg,,,ANTENNA,Pasivo interior,,,,
615UQXOCsLL,f8/f86e6a2b.jpg,Black,,PORTABLE_ELECTRONIC_DEVICE_COVER,,silicone,,,
91M4PPsTf4L,11/1106cfef.jpg,Pink,,CLOTHES_HANGER,Einfarbig,,,Single,
A1c7f8JCbYL,e0/e06fe2e2.jpg,bleu,,JANITORIAL_SUPPLY,,,,,
51XCff4TaRL,a8/a894be43.jpg,silver,Sal Women's Thong Sandal,SANDAL,Sal - Sandalias para mujer,,100% sintético,,
41cat42DngL,e3/e3cb7651.jpg,Latón dorado satinado.,,LIGHT_FIXTURE,吊坠,玻璃,,,
91N-TNKY0kL,a1/a15f9e8a.jpg,,,NUT_BUTTER,,,,,
81koUFM-YzL,aa/aa94174e.jpg,シルバー,,NECKLACE,ネックレス,金属,,,
71T4IVkXOfL,5e/5ec45c45.jpg,하얀색,,PLANTER,花卉,陶瓷,,,
71o2f3qGdrL,b4/b4ad57d2.jpg,Blue&White,,BROOM,Standard Broom,,,,
A1GYft5ETNL,e3/e3150b52.jpg,Red,,PORTABLE_ELECTRONIC_DEVICE_COVER,,,,,
91ERbSb4NML,60/60ab5605.jpg,Negro,B081HLCCHF,BED,Bunk Bed,Hierro fundido,Ninguno,,Rectangular
81jkMaXu94L,a3/a30aeff6.jpg,Negro,PL200-48-BLK,STRING_LIGHT,Bombilla S14,,,,
61sxfV4mToL,60/6057fefe.jpg,Níquel,,PAPER_TOWEL_HOLDER,Nickel,,,,
5186ZVZA8AL,b7/b77b8a0d.jpg,,,PLUMBING_FIXTURE,Premium,,,,
81UWE3kdO9L,a7/a7a7af33.jpg,Blue,,MECHANICAL_COMPONENTS,,,,,
81cKJj2o80L,d8/d880326a.jpg,Ivory,,OTTOMAN,,,,,
51VzLNlFCwL,9f/9f148729.jpg,Black,,BODY_POSITIONER,Paneled,,,,
71Rb8z6XyML,7c/7c2e5017.jpg,Yellow Gold,,NECKLACE,,Precious Metal,,,
61tumfz2phL,ac/ac468c9e.jpg,,,TOOLS,,,,,
81oybYXSo0L,dc/dc2f0561.jpg,,,BOOKEND,,,,,
717aTpHY1BL,d9/d9515224.jpg,黑色,AB-P107,PLUMBING_FIXTURE,,,,,
81YvEjMLsxL,eb/eb11a94e.jpg,क्लियर,,SHELF,कंट्री रस्टिक,लकड़ी,,Modern,Square
81gQOyY4xgL,83/83941d6d.jpg,,,COMPUTER_COMPONENT,,,,,
81gCe+ue5ML,46/463a5477.jpg,Negro,,LIGHT_FIXTURE,Clásico,,,,
715AuE8PDCL,98/98b36d89.jpg,,,BREAD,,,,,
51RqSpzd1RL,4e/4e1a76b2.jpg,,Chorley,SANDAL,Open Toe Sandals,,,,
61QY+HfmlQL,ec/ecd8e371.jpg,,,STORAGE_BINDER,,,,,
71FooCH3HfL,d9/d990a9ae.jpg,金色,,LIGHT_FIXTURE,Candelabro de pared,玻璃,,,
810EKzAhuVL,71/71afbdf8.jpg,,,CLEANING_AGENT,,,,,
81ruL5SJGmL,88/8876988c.jpg,Candy Cane,,STRING_LIGHT,,,,,
71QaUbG7dVL,f1/f152848b.jpg,,,SNACK_FOOD_BAR,,,,,
711SxYaj7OL,cb/cbae3507.jpg,,,JUICE_AND_JUICE_DRINK,,,,,
81dnWSj7GvL,06/062fa295.jpg,,,HERB,,,,,
61Pkyu-3UoL,c0/c0ffe290.jpg,,,HERB,Nutmeg Powder,,,,
719ZF1nf8aL,b5/b56c54a5.jpg,,,AUTO_OIL,High Mileage - Synthetic Blend,,,5W-30,
41O8LvV0qcL,27/27b77a81.jpg,White,,AIR_CONDITIONER,2020 Model,Plastic,,,
81IcIRwcLwL,7a/7aa90236.jpg,Brown (Casual Tan),Divan,BOOT,Divan,,,,
91pkIIjWglL,97/97fe2e9b.jpg,V3red,,HAT,,,,,
91osgpyImeL,e0/e0438158.jpg,,,ICE_CHEST,,,,,
71aXxFbuS5L,33/3384dd59.jpg,,,LIP_COLOR,Royal Ruby,,,,
91HOW0vBDsL,6e/6e55da5f.jpg,,,RECREATION_BALL,10LB,,,,
61yN0fSaZaL,9f/9f5fb64f.jpg,,,DESK,,,,,
61-hjFFRj4L,37/37d21446.jpg,Espresso,,STORAGE_HOOK,Individuel,,,,
81ypLFXYdwL,9d/9dd14a75.jpg,,,SAFETY_SUPPLY,,,,,
61bEEe3FC0L,13/1314ca04.jpg,Blue,,OTTOMAN,,,,,
71QzFIBxSiL,3c/3cd48e61.jpg,Laser/Injet Printer,,LABEL,"2"" x 4""",,,,
61REikdM2mL,b5/b5a4e03e.jpg,,,SKIN_MOISTURIZER,,,,,
61qkS6wSVvL,59/59503397.jpg,Blu spa,,FLAT_SHEET,Lenzuolo,Microfibra di poliestere,,,
81LyYoqJ7DL,45/45451a5a.jpg,,,SNACK_FOOD_BAR,,,,,
614X8rBYv6L,14/14a9c7a5.jpg,,,SHELF,,,,,Triangular
61hFZ9ca3yL,05/0575a823.jpg,White,,FLAT_SHEET,Fitted Sheet,Cotton,100% Cotton,,
61TJwma2nHL,2b/2b50849c.jpg,,,MASCARA,Cat Lady,,,,
71jYkRvMYGL,ce/ce301cdb.jpg,Nature,,BED,Ariel,,,,
41mBJpyYbqL,1c/1ccc597d.jpg,White,,BISS,FR,,,,
81zjC77+K6L,00/0004bef1.jpg,Sienna Cherry,,BED,Antares,Engineered Wood,,,
71rnfC8XqKL,d1/d1b5dd4a.jpg,Gris,,BISS,Latex & Nylon,,,,
31cNJCDkEZL,e3/e3de25e7.jpg,,,SUNSCREEN,SPF 50,,,,
A13XbMERmHL,5a/5a1d1b5b.jpg,,,SNACK_FOOD_BAR,,,,,
51yx9WKZVpL,f5/f50fe7a3.jpg,White,,BISS,FR,,,,
51JLbZsmm5L,6a/6a9353b3.jpg,Pink_89142,,HAT,,,,,
61GeUkB5FRL,40/40a056b3.jpg,Blue,SOL_MH108,PORTABLE_ELECTRONIC_DEVICE_MOUNT,,,,,
61f1wzrV0DL,e5/e5a70567.jpg,Messing gepolijst,,LOCK,Deurvergrendeling.,,,,
71eQ2+4RCDL,f6/f64edaca.jpg,,,DAIRY_BASED_DRINK,,,,,
516yoBXPrDL,42/42e73ca2.jpg,,,RING,リング,,,,
71lqgKUfMiL,d6/d62e3b97.jpg,Black,Leather,BOOT,Leather Brogue Detail Chelsea Boot,,,,
91GBoEQLyQL,8f/8f7c6c92.jpg,,,SPEAKERS,,SILVER,,,
717Y-fiqlQL,c1/c11aba29.jpg,Black,,CHARGING_ADAPTER,6 puertos,,,,
61LHOYv5VGL,2d/2df83ad0.jpg,,,ABIS_DRUGSTORE,,,,,
61f6t-ilR6L,49/49e2aef8.jpg,,,TEACHING_EQUIPMENT,MUSIC,rubber wood,,,
911ufC8qJlL,0d/0d1fc908.jpg,Navy,,PORTABLE_ELECTRONIC_DEVICE_COVER,,,,,
7148REvZHPL,1d/1df14302.jpg,മൾട്ടി (ബഹു),SOL-HD-59,STICKER_DECAL,,PVC Vinyl,,,
61IGk+66OML,6f/6fdb6cf2.jpg,,Amazon Marke Mama Bear Ultra Sensitive Baby Feuchttücher Er Packung ' Tücher 100 Biologisch Abbaubar,SKIN_CLEANING_WIPE,Ultrakänslig (biologiskt nedbrytbar),,,,
61fGxaCQEQL,d9/d93f9426.jpg,,,WOUND_DRESSING,,,,,
81TGJoO7GWL,6b/6ba2d0db.jpg,,,NOODLE,,,,,
61GDpWbTvNL,be/be207e1a.jpg,,,AUTO_ACCESSORY,,,,,
71-jvU-jKpL,59/59d19878.jpg,,,SALAD_DRESSING,,,,,
91+S7jJfv7L,c7/c74091e0.jpg,,,SHELF,Removable Drawers,,,,
51kAmsnSraL,f0/f0c12fea.jpg,Others,Samsung Galaxy Tab A SM-T355,SCREEN_PROTECTOR,,Plastic,,,
817TGJRRUvL,fe/fe6426f9.jpg,,,SKIN_CLEANING_WIPE,,,,,
91iVNzZfLWL,9c/9cd7dbf2.jpg,,,HONEY,,,,,
81B-heqTGHL,06/06594a54.jpg,브라운,,OTTOMAN,Otomanas,,,,
81kGpdTAsdL,74/746f9978.jpg,Chrome,,CLOTHES_HANGER,hangers,,,,
81hhn39G8KL,06/06819102.jpg,Color F6,,HAT,,,,,
91XJ3H5QU0L,a1/a1c9be49.jpg,,,SAFETY_SUPPLY,,,,,
61vsi0bCv0L,4d/4d7fcc20.jpg,Natural,,HEADBOARD,Clavos,,,,
81NMBoBIqCL,f0/f0725e92.jpg,Bleu,,LAUNDRY_HAMPER,,,,,
81o5E8vzKHL,20/20602d1e.jpg,,,AUTO_ACCESSORY,Alto kilometraje - sintético completo,,,,
71W-sDXiEFL,c3/c31dd3a9.jpg,Blanco,,NECKLACE,,,,,
81DWdzrL2AL,90/9049e479.jpg,Zwart/Zwart,2-pack Knit Hat,HAT,2-pack gebreide hoed,,"57% Katoen, 28% Acryl, 15% Polyester",,
61ItRjg1iDL,7c/7c646404.jpg,kleur,,WRENCH,los verpakt,,,,
71KOzEFV57L,65/653d1e6b.jpg,Gris,,FLAT_SHEET,Flat Sheet,Coton,,,
41LLcWQJg9L,7b/7b036a7d.jpg,,,NUTRITIONAL_SUPPLEMENT,,,,,
71C1H8w8ALL,71/71127e4b.jpg,Red,,WIRELESS_ACCESSORY,,,,,
91zSBN4u9yL,e6/e6b43f58.jpg,Navy,Soft Cotton Cable Knit Beanie,HAT,Soft Cotton Cable Knit Beanie,Cotton,100% Cotton,,
71g0apaBX+L,fa/faeccf14.jpg,ಬಹು,,STICKER_DECAL,,PVC Vinyl,,,
81j0bwIBx5L,25/2591876d.jpg,,,SAUCE,,,,,
71H+hjZwDGL,62/6249243c.jpg,Brown (Chocolate Chocolate),Leather Casual Western,BOOT,Block Heel Leather Ankle Boots,,,,
81PudAiMWnL,82/829e3529.jpg,,,BREAKFAST_CEREAL,,,,,
71zywYOZEjL,9a/9a39fa40.jpg,,,COMPUTER_COMPONENT,,,,,
71gDaqcOjtL,a5/a5283fdc.jpg,Marrón Brandy Brandy,R2830,BOOT,Botinas,Cuero,,,
71i9lPcTAKL,5e/5e23eace.jpg,Beige,,FURNITURE_COVER,,Fabric,,,
517iHGx3zeL,ac/ac78d01c.jpg,白色,,FREESTANDING_SHELTER,Desplegable con un solo empuje.,布料,,,
71KKapAlAuL,24/2404f3b9.jpg,Blanc,,FURNITURE_COVER,,,,,
814-iDXK-LL,7a/7a6c43f6.jpg,Svart/silverfärger,,TOOLS,,,,,
71JlAZCNOBL,d2/d24838af.jpg,Marrón Choc,Botas Chukka,BOOT,Botas chukka,,,,
919x0Ud2NlL,02/0253d524.jpg,브라운,,STOOL_SEATING,,微纤维,,,
81kJvVreRWL,b8/b899e7e3.jpg,"Mustard, Rust",,WALLET,Wallet,अन्य,,,
51na3QLqUZL,89/89161dc2.jpg,Blanco,,WIRELESS_ACCESSORY,"91,2 cm",,,,
71WpzW6+OVL,58/58840a49.jpg,Turkoois,,SAUTE_FRY_PAN,,,,,
91X9nSie5uL,f1/f1d3d9d2.jpg,Multi,,WALL_ART,,canvas,,,
51QnVpEjGFL,ab/ab25eb60.jpg,Blue,,TRASH_CAN,10 Gallon,,,,
61ZinGtpQTL,9e/9e6d9fef.jpg,Satin Nickel,Traditional,TOILET_PAPER_HOLDER,Traditional,Zinc Alloy,,,
61UjP4xJ1ZL,0e/0e8625d2.jpg,,,ABIS_DRUGSTORE,Breakfast Bags,,,,
51X7+ppZhpL,87/872964e9.jpg,Black,,PERCUSSION_INSTRUMENTS,,,,,
71XVH0vLAJL,75/759275da.jpg,zwart,,HUMIDIFIER,Smart-apparaat.,,,,
91P0ag5DbhL,13/139f542d.jpg,,,BEAUTY,,,,,
61uWftZHSwL,aa/aae55be4.jpg,,,BEAUTY,,,,,
81r7nWUWOzL,09/090929a8.jpg,干邑色,,STOOL_SEATING,,,,,
61lrh2KwVUL,65/65f10e99.jpg,Brass Plated,,HARDWARE,,,,,
61HATKDQ5hL,fa/fad7d8db.jpg,Svart,,THERMOS,,,,,
611f0O-fIjL,e6/e61021ed.jpg,,,ABIS_VIDEO_GAMES,,,,,
71xZcye6bbL,f9/f9056acf.jpg,,,LIP_COLOR,Ultra nude,,,,
51RlbeJmW9L,77/77d343c3.jpg,White,,DRINKING_CUP,,,,,
91wIQWkCjNL,a9/a9842c99.jpg,Nero,,OTTOMAN,,Schiuma,,,
81BX9ruUEWL,e5/e5cee973.jpg,,,WATER,,,,,
618u9RZaqAL,3e/3e053640.jpg,,,BEAUTY,,,,,
61-aIjrffeL,d3/d3e7e706.jpg,Espresso,,STORAGE_HOOK,Singolo,,,,
516OPdfJvDL,09/09e47c79.jpg,,,PORTABLE_ELECTRONIC_DEVICE_COVER,Unique,,,,
81EF+Rpa-4L,5f/5f1bcc00.jpg,,,SUITCASE,,,,,
71CXbPy6I-L,91/91274f34.jpg,블랙,,HARDWARE,2 m,,,,
71Z3CIOXXPL,02/02a2e260.jpg,,,VEHICLE_MIRROR,,,,,
71+N77jF0RL,88/881adb83.jpg,,,CLOTHES_HANGER,Cintre,,,,
610PmZFLphL,77/77d45d76.jpg,シルバー,,NECKLACE,项链,,,,
61q1Pr4IHkL,e9/e9de4e2d.jpg,,,FILE_FOLDER,,,,,
41AGoFYjN2L,6f/6f840c00.jpg,,,FLASH_MEMORY,,,,,
A1U7-cpB0rL,cf/cf5925a0.jpg,,,BASKET,,,,,
51QsPVtI0DL,e7/e7c5a212.jpg,Black,,SHELF,4 Shelves,Fabric,,,
819rZ30xROL,1d/1d43a4d1.jpg,Gris Clair/ Pieds en Hévéa Finition Chêne Huilé,,STOOL_SEATING,Lot de 2 tabourets de bar,fabric,,,
91XIUIBmZ9L,35/35e64c05.jpg,,,MOUSE_PAD,Mouse Pad,,,,
71bWqriswmL,67/671a7f15.jpg,핑크,,PLANTER,花卉,陶瓷,,,
71v+PsjwA6L,9f/9f0a1012.jpg,Black,,NECKLACE,,,,,
71EhQDrCfvL,f2/f24e2582.jpg,Brown (Taupe),Carlisle,BOOT,Carlisle,,,,
612l10g0ZXL,83/831e1eee.jpg,,,RING,婚約指輪,,,,
81hYIzK+q8L,46/466292e2.jpg,白色/棕色,,SHELF,Estante,木头,,,
81eRBxZN5pL,4c/4cad6bd4.jpg,Red,36951,BOOT,36951,,,,
81cvrPv6GyL,6e/6e1cb757.jpg,Multicolor,,WALL_ART,Contemporary,Paper,,,
610W9J3NyfL,dc/dcd5c5af.jpg,Gold,"10k Yellow Gold Diamond Accent Cross Ring, Size 8",FASHIONRING,,,,,
71CoI0il8TL,76/76fa970b.jpg,,,AUTO_ACCESSORY,Totalmente sintético,,,,
8108V2xb4rL,d7/d7dd110e.jpg,Bourbon Suede,Mika Hiker Boot with Faux Shearling Trim,BOOT,Mika Hiker Boot with Faux Shearling Trim,,Suede,,
61-ecivYwZL,71/711861ea.jpg,White,,STORAGE_BINDER,,,,,
81TLsrOye0L,16/163cca64.jpg,Rosso,,DISHWARE_PLACE_SETTING,,Porcellana,,,
71krBBCM57L,82/82f026f2.jpg,Gold/Metallic Snake Embossed Leather,Lilly Block Heel Mule,SANDAL,Lilly Block Heel Mule,,Leather,,
91UcI0fAM2L,fc/fc0722c5.jpg,Red,,FOOD_SERVICE_SUPPLY,,,,,
717mDhbo6hL,62/6218fb49.jpg,,,BODY_LUBRICANT,,,,,
61Z0pSS7n8L,e1/e140e9bb.jpg,Naranja Citrus Naranja,90s Barely There Sandal,SANDAL,Sandalia de los años 90,,,,
71eXNfEZZGL,ad/adc4b077.jpg,BLACK,,AUTO_ACCESSORY,,,,,
91+HQ54T+TL,5b/5bf3c9d0.jpg,Grigio erica / Nero,Confezione Da 2 Cappelli Lavorati A Maglia.,HAT,Confezione da 2 cappelli lavorati a maglia.,,"57% cotone, 28% acrilico, 15% poliestere",,
A17Ljms5txL,9b/9b694d38.jpg,Beige,,OTTOMAN,,Marco de madera,Fabric,,
71XeVxZQFnL,cc/cc2dcd36.jpg,,,VITAMIN,,,,,
61BRn2QavnL,32/3260ce95.jpg,,,EYELID_COLOR,Rökiga ögon,,,,
81sIhK-mXxL,3b/3bdf7aa5.jpg,,,FACIAL_TISSUE,,,,,
716adCSh8QL,3a/3ab071b1.jpg,Negro,,FOOD_SERVICE_SUPPLY,Cuchillos de cocina y Santoku,Plástico,,,
61ZYkcaRjgL,6c/6c9c7d16.jpg,,,CAMERA_LENS_FILTERS,,,,,
91vn2eIS+YL,1d/1daa16b7.jpg,,,BABY_PRODUCT,,,,,
81A3QKrD1+L,6f/6f971bb3.jpg,,,JANITORIAL_SUPPLY,,,,,
519czaVgkpL,41/41f260e2.jpg,,,ABIS_DRUGSTORE,Anti-pollution,,,,
71LFni7QGtL,cf/cf00a434.jpg,Brown Tan,Open Toe Sandals,SANDAL,Open Toe Sandals,,,,
51X3tQa6VxL,40/40a5e180.jpg,Oil-Rubbed Bronze,Modern Pull-Down,FAUCET,,Brass,,,
51GFu7mpUOL,90/90fe5f62.jpg,Black,,HOME_MIRROR,Oblong Oval,glass,,,
71vkfyQzS+L,bb/bb6500c9.jpg,Rouge/Blanc/Point,,UMBRELLA,,,,,
81vRbtG1kWL,71/714d44ff.jpg,Black and Tri-Colour,,INKJET_PRINTER_INK,,,,,
71qX4NIvJWL,42/4250cdf8.jpg,White,,ENVELOPE,"Selbstklebend, Fenster",,,,
B1a6wLArfkS,65/65b764b1.jpg,Blue,,PILLOW,,"Front: 64% Cotton, 26% Polyester, 10% Rayon; Back: 55% linen, 45% Rayon",,striped,square
711UH0ewu4L,4b/4b2cf763.jpg,blanc,,STORAGE_BINDER,,,,,
71EsvnyJhUL,d8/d81f8764.jpg,"Set of 6, Purple",,STORAGE_BAG,,Nylon,,,
710sEut23uL,0e/0e58f24e.jpg,,,SKIN_MOISTURIZER,,,,,
91-6uHzZ5nL,a8/a8e7e385.jpg,ചാരനിറം,Animal Figures,TOY_FIGURE,Baby Hippo,,,,
91eYpQFAJcL,09/09e64210.jpg,,,SAFETY_SUPPLY,,,,,
71U1+90wHrL,91/91355c90.jpg,,,LAUNDRY_DETERGENT,,,,,
61FBwcgzs1L,b9/b9e59610.jpg,,,BATTERY,LR44,,,,
816w914TbpL,31/31be481c.jpg,그레이,,STOOL_SEATING,,,,,
71xR6WkmwML,83/838fa0f5.jpg,,,NUTRITIONAL_SUPPLEMENT,,,,,
31ssB6dfJ-L,87/878a1ca0.jpg,,,ABIS_LAWN_AND_GARDEN,,,,,
81lJaYh62qL,8b/8bc0420b.jpg,,,BLANK_MEDIA,,,,,
71MFMpof3KL,c5/c56b6361.jpg,,,LAUNDRY_DETERGENT,,,,,
81Ju-2m2aqL,89/893025f4.jpg,,,THERMOPLASTIC_FILAMENT,,,,,
51P+TvXbBzL,69/69fa6d6c.jpg,اسود,,INPUT_MOUSE,عبوة واحدة,,,,
910SrGbzKSL,be/be00d8d6.jpg,,,WRITING_INSTRUMENT,JUMBO,,,,
91GR72JIRZL,08/08fa286f.jpg,Negro,,FOOD_SERVICE_SUPPLY,resistente a la grasa,,,,
71DeVUdkOOL,36/36263041.jpg,Rachet,,CARGO_STRAP,Strap,Polyester,,,
61GX8C-KkXL,67/67feffa5.jpg,White,,ELECTRIC_WATER_BOILER,,,,,
815bYDF-AwL,62/62f98c9e.jpg,,,VEHICLE_INTERIOR_SHADE,,,,,
91vF6dGQeuL,a7/a7fda277.jpg,Blauw,,LOCK,Sleutelslot,,,,
61eD81qJqiL,89/897ab92e.jpg,zwart,,SCANNER,,4,,,
814eQm6AKML,39/395ab55e.jpg,Blue,,SPEAKERS,,,,,
71LzzRNUnjL,00/00af57d3.jpg,,,OFFICE_ELECTRONICS,,,,,
71GVNXMB0tL,11/1197dec2.jpg,,,ELECTRIC_FAN,,,,,
71lbdnPjrxL,0e/0e429963.jpg,Röd,,EXERCISE_MAT,,,,,
718hBiaZqlL,fe/fe3d3f35.jpg,,,CLEANING_AGENT,,,,,
71LeJqBYl+L,cb/cb7af0cb.jpg,,,COMPUTER_ADD_ON,,,,,
51OQi7tkyFL,69/69b85ca5.jpg,,,LUGGAGE,,,,,
51t5HrNrxAL,e0/e0cb9815.jpg,,,SNACK_MIX,,,,,
A1L0wK-1DZL,f4/f470edb3.jpg,Multicolor,,WALL_ART,Contemporary,canvas,,,
51+isEgEhzL,8b/8b5173b4.jpg,Green,,HEADPHONES,,,,,
81hyINreMzL,e0/e0db583d.jpg,,,MILK_SUBSTITUTE,,,,,
71XhvtBK8aL,1b/1bddf460.jpg,,,DRINK_FLAVORED,,,,,
71ukqBnKE5L,ec/ecae5417.jpg,,,SECURITY_ELECTRONICS,,,,,
718FVKYiCaL,6f/6fa63ab2.jpg,,,SAFETY_SUPPLY,,,,,
71drlAjFRKL,f9/f9af59f5.jpg,Anaranjado,Waist Trainer Belt,RECREATION_BALL,50 piezas,Plástico,,,
A1tV-GS4VqL,89/898fb3c8.jpg,Black,NC1612125K,BACKPACK,Amazonbasics Campus Backpack-black,Nylon,,,
81zA7VaoLRL,d2/d2c866a2.jpg,,,RECREATION_BALL,,,,,
71WGYolGJaL,b1/b19ca854.jpg,哑光黑色,,LIGHT_FIXTURE,吊坠,玻璃,,,
61iNNR9qOsL,0c/0cb9fe69.jpg,,,BREAD,,,,,
81IqCj538AL,b7/b76aba98.jpg,Black,,FLAT_SCREEN_DISPLAY_MOUNT,,,,,
71mAL8AUyhL,62/629b7ffa.jpg,Flat Black,,PLUMBING_FIXTURE,Standard,,,,
51rmAd5QUNL,d2/d2fa1a5c.jpg,,,HAIR_CLEANER_CONDITIONER,Shampoo + Moisture Conditioner,,,,
31cORc3cUXL,53/5392780f.jpg,クリア,,BRACELET,ブレスレット,,,,
81CDBixg6HL,19/19670212.jpg,,,MEDICATION,,,,,
512OfAaYArL,97/97b52ea9.jpg,Poppy,,DISHWARE_PLACE_SETTING,,ఇతరులు,,Floral,Round
71E+a81u36L,d8/d874cfb3.jpg,,,DAIRY_BASED_DRINK,,,,,
81N4ekUGM7L,e3/e3eca8f7.jpg,Black,,ELECTRIC_WATER_BOILER,,Plastic,,,
71IY91X6EPL,a0/a00e9a85.jpg,,,BAKING_CUP,confezione da 12,Silicone,,,
91vPocwEezL,7e/7e6b0619.jpg,Rustic Grey,,WALL_ART,Antique,wood,,,
91SreBItA1L,1d/1d4e08e6.jpg,rood,,SUITCASE,,Polyester,,,
91avLFD4VRL,52/52738f92.jpg,,,PORTABLE_ELECTRONIC_DEVICE_COVER,,,,,
71lRx4ugZbL,a0/a04693fe.jpg,,,HARDWARE,,,,,
611CamnzimL,79/790be218.jpg,,,RICE_MIX,,,,,
71rL9nEcmkL,ad/ad2b8618.jpg,Microsoft Surface Book,,OFFICE_ELECTRONICS,Privacy Screen,,,,
61rWLtn-ujL,7c/7c84f9e4.jpg,,,MECHANICAL_COMPONENTS,,,,,
710fvCK56EL,55/5581ab90.jpg,Black,Noah,SANDAL,Noah,,100% Synthetic,,
81pgA38Sn6L,11/11fcfea5.jpg,Vitt,,THERMOPLASTIC_FILAMENT,,abs,,,
81IzlzsRBcL,b8/b8e48d00.jpg,,,VITAMIN,,,,,
71arpCKu04L,69/699bbf09.jpg,Brushed Silver,,TOASTER,,,,,
81rB8iiIsTL,d6/d612692f.jpg,,,SKIN_CLEANING_WIPE,Unscented,,,White,
61vPbNm8joL,91/91771548.jpg,Vanille,,HAIR_REMOVAL_AGENT,Visage,,,,
81SAjMRjoqL,2f/2f5e840c.jpg,Noir Black,37281,BOOT,Botte chelsea,,,,
81gS-mk94ML,da/daf60810.jpg,Azul,,CHANGING_PAD_COVER,,,,,Rectangular
61Q4a8DIN5L,2d/2daebec7.jpg,,,SALAD_DRESSING,,,,,
51ZdSHtNIDL,4f/4f64430c.jpg,,,ABIS_DRUGSTORE,,,,,
81s6BuVG+kL,2d/2dcf58fa.jpg,Black,,LUGGAGE,,Fabric,,,
51IbXpplW9L,5e/5e9d39c3.jpg,,,NUTRITIONAL_SUPPLEMENT,,,,,
41BjBASg6UL,8a/8a5f4d14.jpg,Black,,REFRIGERATOR,690 L,Steel with glass finish,,,
61h9zCqPCkL,62/6295f823.jpg,Grey/Copper,,PLANTER,Single Pack,,,,Square
71UO5tQIwdL,f9/f94c1cbe.jpg,Black,High Heeled Leather,BOOT,High Heeled Leather Chelsea Boots,,,,
81bAwKKpIFL,00/0042d8df.jpg,,,JANITORIAL_SUPPLY,,,,,
81xyee3mtdL,f7/f7258ffd.jpg,Gris,,DESK,Escritorio 4-cajones,Madera,,,Rectángulo
91QT+FAx91L,47/4712d606.jpg,灰色,,FURNITURE_COVER,,灰石色,,,
71pjT+UPcKL,40/409188ed.jpg,Dimmig blå,,BACKPACK,,,,,
61N-NnlitFL,ea/ea73743e.jpg,White,,LABEL,,,,,
911zLc+ygEL,17/17b4e08b.jpg,海军蓝,,OTTOMAN,Ottoman,,Fabric Metal,,Rectangular
91gDxmp39FL,af/af3068ce.jpg,Black,,SHELF,5-Tier Wire Shelving,,,,
71wawwtreQL,62/627f01f7.jpg,Natural,,HEADBOARD,Headboard,Wood,,,
A1c5IHi2OCL,2b/2b9904d7.jpg,브라운,,BED,Chest of Drawers,木头,,,
51ajbLxUxvL,13/13346391.jpg,,,ELECTRONIC_ADAPTER,,,,,
711q-MiZ-fL,b0/b0c6d1f2.jpg,,,TOOLS,,,,,
61t3essVyXL,6e/6e219468.jpg,,,INSTRUMENT_PARTS_AND_ACCESSORIES,,,,,
41wnUUSuR4L,5d/5d904e8c.jpg,Black,,BED_FRAME,,,,,
71Bkv02jAKL,23/2395ebf8.jpg,Brass,,HOME_MIRROR,Peaked,,,,Rectangular
71-hqu0Q8VL,fb/fb095acd.jpg,,,BROOM,Medium Floor,,,,
71g6VYkrixL,30/307e14f1.jpg,,,NECKLACE,,,,,
718AhMKto8L,d7/d7567026.jpg,Black,,JUICER,,,,,
71fTyeOD5uL,a0/a05a8527.jpg,,,COFFEE,,,,,
71AhNt23vRL,c1/c1b2818b.jpg,Green,,STORAGE_BINDER,2-Inch,,,,
61m-iyrxoVL,36/36add1aa.jpg,블랙,,STOOL_SEATING,酒吧凳,皮革,Black Top Grain Leather -M2835 –k,,Rectangle
71L2hayeg9L,5b/5b6a4bc5.jpg,,,DAIRY_BASED_CHEESE,,,,,
610Y0MJespL,3b/3b4ab267.jpg,Grey,"AmazonBasics Patio Stackable Chairs Cover, Grey",FURNITURE_COVER,,Polyester,,,
91ZxB44u0lL,b1/b15f2e98.jpg,,,INSTRUMENT_PARTS_AND_ACCESSORIES,,,,,
71w29iPatBL,ee/eeb346cb.jpg,,,NECKLACE,项链,,,,
51ystkVWshL,ea/eaa4d9a6.jpg,,,NOODLE,,,,,
91EC01in0YL,cc/cc79eaa5.jpg,Lea382,,WRITING_INSTRUMENT,,,,,
71iVpmgWPgL,6d/6d13486a.jpg,Starv,,HAT,,,,,
81emUHimhSL,ed/ed5d7c30.jpg,Blue,,HEADPHONES,1-Pack,TPU,,,
71TDl0+dL9L,70/707a9d16.jpg,Vitt,,BISS,,,,,
51NRDTV9adL,ee/ee976709.jpg,,,VITAMIN,,,,,
71lMq8E2vlL,73/73395b59.jpg,,,RUG_PAD,,,,solid,Rectangular
61KEZUU1-KL,24/245c5a61.jpg,Magical Powers (Natural),,TOTE_BAG,Magical Powers,fabric,,,
916gIAWB4yL,63/634f8462.jpg,Gray,,STEERING_WHEEL_COVER,,,,,
61Xd6OHEh1L,6c/6c95c2b2.jpg,,,SAFETY_SUPPLY,,,,,
61ZgVVoubQL,f6/f6f1d616.jpg,White / Grey Wood,,ABIS_DRUGSTORE,Oval,,,,
61D1N8Y9LnL,70/709b732a.jpg,Charcoal,,SWATCH,,,,,
61dp+p+sHVL,4e/4e11d181.jpg,,,SKIN_CLEANING_AGENT,,,,,
71Pt3UjX2VL,4d/4d21de0e.jpg,Verde azulado,,WASTE_BAG,,,,,
91TZL9Ue-4L,5b/5b7397b7.jpg,,,LEGUME,,,,,
610qveABhTL,a8/a8617719.jpg,Cheese Puffs,,SNACK_CHIP_AND_CRISP,,,,,
81uh565q3HL,52/5203fd2a.jpg,,,WATER_PUMP,,,,,
71prEokXAwL,db/db3e5102.jpg,Orange,#_Gafur-1a,SANDAL,Ankle Strap Sandal Heels,,,,
81XB4TmC5SL,97/976eabdb.jpg,,,COFFEE,,,,,
61Q1noPmRXL,23/23b0bdd3.jpg,नीला,,DRINKING_CUP,,,,,
716Yz-XyZ7L,b8/b8935a1e.jpg,Red,,SAUTE_FRY_PAN,,Aluminium,,,
51YigxJv4qL,ac/ac540b69.jpg,黑色,,LEGUME,,,,,
61wCP9Ic+gL,75/755a0fd7.jpg,Blanc/bois foncé,,ABIS_DRUGSTORE,Ovale,,,,
91-MXLKSvkL,a1/a10b2b98.jpg,Series#6,,HAT,,,,,
61SPftlS4PL,3a/3a2e2c2c.jpg,Black,,SAUTE_FRY_PAN,,Aluminium,,,
91L64ZBpL8L,08/086b7902.jpg,Weathered Oak,,STORAGE_BOX,드레서,木头,,,
91eQpHQxQTL,4e/4e0590b7.jpg,,,DRESSER,,,,,
81FZH1jsQSL,91/912fdee0.jpg,,GAC-FP-1210,FUEL_PUMP,,알루미늄,,,
61-wgrM4QCL,86/862c766e.jpg,,,PROTEIN_SUPPLEMENT_POWDER,,,,,
91kW3buEC2L,61/61c4c8cd.jpg,,71pc Multi-Bits Set for Drill & Driver Accessory Kit,DRILL_BITS,,Alloy Steel,,,
71hKE5fT1kL,09/09cdae92.jpg,绿色,,LIGHT_FIXTURE,,玻璃,,,
A1m70n00A1L,78/78c930b6.jpg,Emerald,,OTTOMAN,,,Fabric,,
810MGG+1zlL,47/47e9342c.jpg,,,SKIN_CLEANING_AGENT,,,,,
81eOyZMQVFL,5c/5c96795d.jpg,grijs,Ravenna Hochwertige Möbelabdeckung für quadratische Gartenottomane/Sitzhocker,FURNITURE_COVER,,Textil,polyester,,
71tB0cCj2oL,91/919672d7.jpg,Ljusvit,,FLAT_SHEET,Deluxe lakan,,,,
81tAG+NkChL,25/259dddb0.jpg,0,,JAR,,,,,
51OkJWGFtDL,2f/2f9138d6.jpg,,,TOWEL_HOLDER,,,,,
61pY-k05ZpL,32/32c22fa1.jpg,Slate Grey,,SUITCASE,20-inch Cabin Size,PC,,,
A1CeonpBzXL,9a/9abf0c48.jpg,블루,,OTTOMAN,,Mezclilla,,,Square
913w57H8GvL,db/dbb4220c.jpg,Brown,,ABIS_HOME_IMPROVEMENT,,,,,
71k0-dk08AL,42/42e38527.jpg,金色,,LIGHT_FIXTURE,Mid-Century Modern,玻璃,,,
6185uHRkhrL,b0/b006a51d.jpg,White,,LABEL,,,,,
71VhmqPJ-6L,20/201e2a2b.jpg,Clear,,DRINKING_CUP,14-Ounce,,,,
81K9tt79yyL,ec/ec469a35.jpg,Red,,SUITCASE,,Others,,,
61bh7IVD3oL,10/107c0c1e.jpg,Veenbes,,DISHWARE_PLACE_SETTING,,,,Solide,
B1on2V7vpYS,b3/b3d6541a.jpg,Black,,WALL_ART,Gold,,,,
91vBEgs0DhL,b4/b4229fbf.jpg,Grey,,HOME_MIRROR,vintage,Fir Wood,,,Rectangular
812DQCR1mBL,ad/ad9ee4e6.jpg,,,PANTRY,,,,,
71bIYxb1SNL,a4/a4421c81.jpg,Light Blue,,SAFETY_SUPPLY,,,,,
71SB3QYBF0L,fa/fa588f8d.jpg,Green,R9AA2C610Q,FINEOTHER,,Metal,,,
51Gw8O8sHkL,47/4747fab9.jpg,Black,,ELECTRONIC_ADAPTER,5-Pack,,,,
71bpw01olfL,c7/c7018634.jpg,മൾട്ടി (ബഹു),,STICKER_DECAL,,PVC Vinyl,,,
61YK4F59XsL,b9/b9eabc5a.jpg,Black,,FLAT_SCREEN_DISPLAY_MOUNT,,Aluminium,,VESA 600x400,
81cZcnKeDVL,08/08f4e27d.jpg,水绿色,,STOOL_SEATING,酒吧凳,Holz und Schaumstoff,,,Rectangle
A1suqWP6-qL,9e/9e312a9d.jpg,काला,,PORTABLE_ELECTRONIC_DEVICE_COVER,"iPad 12.9""",Faux Leather,,,
7149h2-FyGL,8d/8dc56c3e.jpg,,,BEAUTY,,,,,
611ai6qze2L,7e/7e2611d5.jpg,दूसरे,,SAUTE_FRY_PAN,,अन्य,,,
71293fa78UL,1e/1e3b7c73.jpg,,,VEGETABLE,,,,,
91vWUlhoxQL,58/58216664.jpg,Brown,,BASKET,Set of 2 Medium,Plastic,Plastic,,Rectangular
91eO46trI8L,be/be21f02a.jpg,Black,,WALL_ART,Contemporary,Paper,,,
61OcmDHHGOL,07/07e8f301.jpg,,,TEACHING_EQUIPMENT,LEARNING & EDUCATION,Madera de caucho,,,
71ywMtfKb7L,dc/dc263ad8.jpg,,,BREAKFAST_CEREAL,,,,,
41IhgbS7T5L,a1/a15b35d8.jpg,Blue&pink,,HAT,,,,,
8164R+sfRlL,1c/1c3ad996.jpg,,,PANTRY,,,,,
A1kL6JpMwaL,96/9638051b.jpg,灰色,,PLANTER,,陶瓷,,,
71vo097TeVL,d1/d14ce7ed.jpg,,,BABY_PRODUCT,,,,,
71bZ30RipQL,f7/f77c7879.jpg,,,DISHWARE_BOWL,Single,Acciaio,,,
61K9SueTvuL,68/68f20638.jpg,,,HERB,,,,,
61YNU7BSZwL,17/17651731.jpg,,,MEDICATION,1000 unidades.,,,,
B1Sgy1DEK0S,d6/d669e437.jpg,Black,,WALL_ART,Gold,Wood,,,
616vPbNwg-L,2c/2ccebc4e.jpg,Azul,Poecent Sleeping Bag BG1002,SLEEPING_BAG,,Neofreno,,,sobre
81gONOBBf1L,f5/f50eb10a.jpg,Gris/Crema,,HEADBOARD,Transicional,plywood and metal legs,,,
A16JO6Tv4nL,c9/c93b9a3b.jpg,Light Grey,,SWATCH,,,,,
71Gv9+eHOFL,57/57f46051.jpg,,,TOOLS,,,,,
81e4OVMi8eL,a1/a17fab29.jpg,,,PLANTER,,炻器,,,
91NMrpSVlkL,a7/a78b7349.jpg,,,CAMERA_BAGS_AND_CASES,,,,,
81wdRNp8+ZL,d7/d74bfa98.jpg,,,PRINT_COPY_PAPER,,,,,
71vVaSX0uxL,8b/8bf7a40f.jpg,,,BISS,,,,,
61rY81jY2qL,83/830b7497.jpg,Green,,FILE_FOLDER,10-Pack,,,,
6159+fBLjwL,db/dbf4f50a.jpg,01#1 Pack Black 5,,HAT,,,,,
71jM6zxt1kL,9c/9c0ab2c0.jpg,,,CLEANING_AGENT,,,,,
71hm83WCN0L,8f/8f910b62.jpg,Cowhide Nappa Leather Brown,,WALLET,,Leather,,,
81nwhkLlTqL,83/83d615e0.jpg,Multicolor,,WALL_ART,Green Palm II,wood,,,Round
71AqR-o9PPL,38/382d30fc.jpg,Crème,,SUITCASE,,,,,
61AbOPkuAfL,cd/cd3e6ddb.jpg,,,SALAD_DRESSING,,,,,
7149ykWF+TL,1b/1b11e046.jpg,White/Brass,,PLANTER,2-Pack,,,,
A12dfaGP3gL,47/476be0ab.jpg,Grainsack Front / Leather Back,,PILLOW,,皮革,,,
61BbLoOk1hL,4d/4dad32a1.jpg,ಬಹುವರ್ಣ,,ELECTRONIC_ADAPTER,,,,,
A16uUAXk47L,fc/fc5bad35.jpg,黑色和金色,,BASKET,,,,,
81lhCMJDP3L,4c/4cec6967.jpg,నీలం,,AUTO_ACCESSORY,,మైక్రోఫైబర్,,,
71lgQURhrbL,25/25e78636.jpg,,,TOOLS,,,,,
71qo3ekTBnL,80/80deaec1.jpg,,,BREAD,,,,,
81oC62fEz3L,80/80f995c6.jpg,Blue,,WASTE_BAG,60-Count,,,,
71lMSiLJatL,cf/cf394df6.jpg,,,ANTENNA,,,,,
71hPJsFFnmL,d6/d61976f6.jpg,July Girl,"Sterling Silver, AAA Cubic Zirconia and Simulated Birthstone Babies Girl Charm, July",FINEOTHER,,Fine-other-material,,,
71-2lJsLqiL,4b/4bc6c646.jpg,,,SKIN_CLEANING_AGENT,Shampoo,,,,
41wrInkcHCL,aa/aaf7bc6a.jpg,اسود,,REMOTE_CONTROL,w/ 64GB SanDisk Memory Card,,,,
71Xe22Q7Z+L,94/94e0bec8.jpg,,,AV_FURNITURE,,,,,
519MAyMx8UL,03/034e1582.jpg,,,DRINKING_CUP,,rubber wood,,,
915mPJ0ix7L,8b/8ba13325.jpg,Blue,,CLOTHES_HANGER,,,,,
81oa6S-wUlL,a5/a507fbe2.jpg,Stainless Steel,,FOOD_SERVICE_SUPPLY,,,,,
81w1a02LoZL,63/639a4ae3.jpg,,,NECKLACE,套装,マルチカラージェムストーン,,,
61tLICEsVaL,50/50bf2246.jpg,transparant,,PITCHER,,Silikon,,,
71brzyr4fiL,35/35c91c9f.jpg,Blågrön,,STORAGE_BAG,,,,,
71+RKG3-r8L,93/9364e8b3.jpg,Coñac,Voltán.,BOOT,Voltán.,,100% cuero,,
915CT8kuE+L,73/73ab080d.jpg,Lagoon,,HEADBOARD,headboards,灰石色,Twill Performance Blue (Might Be Labeled Smoky Teal),,
71qmIR0TomL,63/639c57fe.jpg,,,SKIN_MOISTURIZER,,,,,
91JcJjRSoYL,90/90169b82.jpg,Bleu (Navy Blazer),77269,BACKPACK,Ceinture,,,,
71utZznY7mL,5f/5f7490df.jpg,,,HARDWARE,,,,,
81FpSo3CgzL,0a/0aeb03b3.jpg,石板灰,Ravenna,HEADBOARD,经典,Wood frame; Polyester,,,
51eLpNepAuL,d7/d77e3dcf.jpg,,,PASTRY,,,,,
816+Q+FLJwL,0a/0a6154e3.jpg,Turquesa,,LUGGAGE,,,,,
71TyLrc9FpL,67/67cd346c.jpg,,,KEYBOARDS,,,,,
71KBV7yGyaL,39/39093f2a.jpg,,,DAIRY_BASED_BUTTER,,,,,
71Kt566t2eL,35/35db699d.jpg,Blue,"Sterling Silver Blue Pressed Flower Round Pendant Necklace, 16""",NECKLACE,,Resin,,,
911O0vWUgJL,0b/0b058382.jpg,,,PANTRY,,,,,
81TRaEU8i7L,09/0921fe6d.jpg,Imperial Teak,,CLOTHES_RACK,Modern,Engineered Wood,,,
81GmgbzTsiL,07/07ce6f37.jpg,Red,,PILLOW,Lounger Cushion,spun_polyester,Polyspun,,
51EZQI69I-L,47/47fc2bee.jpg,,,HERBAL_SUPPLEMENT,Cranberry with C & E + D3 (125 mcg),,,,
71CLM-0AUGL,ec/ec98cc29.jpg,ゴールド,,NECKLACE,ネックレス,,,,
71hxooJM3oL,db/db2df3d4.jpg,,,COFFEE,,,,,
710AGLYh10L,ed/edcdc338.jpg,,,JANITORIAL_SUPPLY,6-pack,,,,
612DDWO68UL,12/12522f9d.jpg,,,STORAGE_RACK,,金属,,,
91XTHDiKdXL,7e/7eb13d84.jpg,Amarillo,,BISS,"Cut level 5 D, Plastic Dots Coated",,,,
918E5Rr1EeL,c0/c0575b66.jpg,,,SAFE,,,,,
61ltAM3HVTL,1d/1d44c776.jpg,:: ఎరుపు,,JAR,6 Pieces,ప్లాస్టిక్,,,Round
71RZUUimb9L,88/881a5d61.jpg,ゴールド,,NECKLACE,,,,,
61LiM7FFXeL,b9/b9e33275.jpg,Gold,,BEAUTY,,,,,
91UCgfyZEtL,10/108624f8.jpg,Black/Yellow/Gray/White,,FOOD_SERVICE_SUPPLY,,,,,
61czQbLX7VL,75/75a454b2.jpg,,,STORAGE_BINDER,,Bois,,,
61ECSTaNjFL,40/40cc6510.jpg,गुलाबी,,BABY_PRODUCT,,,,,
81wcJtD8WFL,44/4490ae9e.jpg,Natural,,HAT,,,70% Wool/30% Cashmere,,
61XCqEs6tvL,4b/4b497890.jpg,വെള്ളി,,JAR,,സ്റ്റെയിൻ‌ലെസ് സ്റ്റീൽ,,Container Set,Round
71wPv3BNMhL,ac/ac1f2d24.jpg,,,NOODLE,,,,,
71sE9rXwhSL,14/145b8c24.jpg,,,BATTERY,Pilas y cargador,,,,
91GXhRh6QML,64/64460354.jpg,Navy,,OTTOMAN,,stone,tela,,
81evQw6J89L,1d/1d6502d1.jpg,,,COFFEE,,,,,
71UkZlcSXIL,74/74c064f6.jpg,,,BREAD,,,,,
61uxXICKoRL,81/81442b58.jpg,Braun Summer Cinammon,Weave Block Heel Mule,SANDAL,Open Sandals with Wedge Heel,,,,
81bEUYqfTOL,cb/cbeab6e7.jpg,,,WASTE_BAG,270 Count,,,,
81yxpHbGqnL,57/574064e8.jpg,Gray,,SPEAKERS,Altavoz,,,,
813v8lPVptL,5d/5d438083.jpg,Blau Navy,Niko,BOOT,Ankle Boots,,,,
51ZVQF7TNFL,f5/f5046ad1.jpg,Rot,,COMPUTER_INPUT_DEVICE,Maus & Mauspad,,,,
61cy85gMn9L,c1/c19718a9.jpg,"4 Perles avec Collier de 45,7 Cm.","10K Gold Necklace with 4 Spacer Beads, 18""",FINEOTHER,,Autre matériau fin.,,,
61fCfSbcbFL,3b/3b25f888.jpg,,,FRUIT,,,,,
61RRUkDQ4tL,38/3891c041.jpg,Noir,,CHARGING_ADAPTER,Pas pour le mode TV,,,,
710tbS5qCNL,ed/ed09f172.jpg,Oil-Rubbed Bronze,,LIGHT_FIXTURE,Classic,Vidrio,,,
71D79YUcAfL,2a/2ae319e1.jpg,,,BREAD,,,,,
612gTKJ2dKL,e3/e32ee14d.jpg,,,JUICE_AND_JUICE_DRINK,,,,,
61jvpEctVKL,b2/b2ab6e54.jpg,,,LIGHT_SOURCE,,,,,
8155+xSFQ0L,e8/e8015cf7.jpg,3tier,,STORAGE_RACK,,,,,
91gjhhcsBaL,48/48a2e738.jpg,Verde azulado ahumado.,,OTTOMAN,,灰石色,직물.,,Rectangular
71j2WRV-zFL,8d/8d792fd7.jpg,,,BATTERY,AAA,,,,
61jp08n1gdL,aa/aa5c0ffb.jpg,Black,,ELECTRONIC_CABLE,,,,Single,
51RGlv9ewyL,2a/2aead1ab.jpg,,,BATTERY,AA+AAA Bundle,,,,
71+ULwUIHtL,1d/1d30273e.jpg,Plateado,,HARDWARE,,,,,
81gQtWK4pBL,ef/ef1d7ce3.jpg,,,HERB,,,,,
71uqdOSQi-L,5a/5a537918.jpg,Rouge,,CAN_OPENER,,,,,
614f6xffi+L,34/343be3fe.jpg,Brushed Nickel,,LIGHT_FIXTURE,0,Alabaster Glass,,,
91KR5fiCuBL,04/0420e326.jpg,,,SAFETY_SUPPLY,,,,,
810ywUcno-L,4b/4b3ab599.jpg,,,AUTO_OIL,常规,,,10W-40,
81Y3dd5sGTL,a7/a7378384.jpg,Black,,FLAT_SCREEN_DISPLAY_MOUNT,,,,,
71E5M2bsBkL,20/20e6531b.jpg,,,TEA,,,,,
81VB5eiwumL,72/722389d6.jpg,,,NUTRITIONAL_SUPPLEMENT,,,,,
615jH5OT-IL,e4/e4e091e9.jpg,wit,,HEADPHONES,In het oor,Kunststoff,,,
51Fu2OvpL+L,09/0913c1b9.jpg,Black,,FILE_FOLDER,1 pocket,,,,
81cgs1yAhpL,d9/d9ad69e5.jpg,Negro,,CAMERA_OTHER_ACCESSORIES,,,,,
614u3luoI5L,f6/f6545a7b.jpg,,,WINE,,,,,
71CKs9ItIfL,6d/6d61e617.jpg,ट्रांसपेरेंट,,JAR,,ग्लास,,,Round
81RLFHRczWL,10/10630161.jpg,SILVER,,PORTABLE_ELECTRONIC_DEVICE_STAND,Enda,,,,
810uq-UdXlL,41/410e3fef.jpg,,,SAFETY_SUPPLY,,,,,
51+cg9dx4AL,c3/c3e94869.jpg,,,PLUMBING_FIXTURE,,,,,
61hKnEPukwL,cd/cda3cc07.jpg,,,EDIBLE_OIL_VEGETABLE,,,,,
81QBxRkxYFL,97/97b57dd5.jpg,,,DRINK_FLAVORED,,,,,
71q96oc2GhL,e5/e5eacac0.jpg,,,CLEANING_BRUSH,Rustico,Metallo,,,
51mP8yrhxFL,b6/b6f2b560.jpg,Black,,JANITORIAL_SUPPLY,With Handle,plastic,,,
719HKukq3SL,a4/a4b280ab.jpg,,,TOOLS,Hammer,,,,
51kRz-75dwL,3f/3f51596e.jpg,,,SKIN_MOISTURIZER,Moisturizer + Mask,,,,
51XjEPulYxL,d3/d36acc3c.jpg,,,MOUTHWASH,Fresh Mint,,,,
71RB8g5fYVL,8c/8c9c4f6c.jpg,Noir,,CAMERA_TRIPOD,"1,78 m avec Poignée Gâchette",Plastique,,,
71U++UDqCdL,37/376a3dfe.jpg,Yellow & blue,,BATTERY,Alkaline battery,,,,
61lR93HHNiL,e6/e67e2bc9.jpg,ബഹു വർണം,,CANDLE,Set of 100,Wax,,Candles,
61AawFv1yJL,a0/a0461806.jpg,Rosso,,BAKING_PAN,,Acciaio,,,Rotondo
71WY2O-nTnL,c4/c42bc4bc.jpg,,,FLATWARE,Round,Stainless Steel,,,
81n3VU99pQL,c6/c67fd45e.jpg,,,MANUAL_SHAVING_RAZOR,,,,,
51GDJvp+MIL,6e/6e316e5d.jpg,Arabesque,,PLANTER,,Cerámica,,,
81nS-yZuH0L,bd/bd62baae.jpg,香槟银色,,HOME_LIGHTING_AND_LAMPS,Coastal,玻璃,,,
71+3WRlN0KL,d4/d430ea94.jpg,,,BEAUTY,,,,,
71icIVX+nAL,a6/a600b4a9.jpg,,,TRASH_CAN,rettangolare,Acciaio inossidabile,,,Rettangolare
71Z2f0bdBqL,c9/c9736322.jpg,,,SKIN_MOISTURIZER,,,,,
71iUS7Mdm0L,b0/b0802674.jpg,青铜色,,LIGHT_FIXTURE,现代,玻璃,,,drum
81TIcRGKJpL,21/2132a227.jpg,Black,,STORAGE_BINDER,Heavy-Duty D-Ring Binder,,,,
81z-avLg+nL,6a/6a2e2cd5.jpg,,,SKIN_CLEANING_WIPE,,,,単品,
61T7m0ZDMQL,d4/d4fbd643.jpg,Lot de 3,,TOILET_PAPER_HOLDER,,,,,
91v2RYQwQaL,d0/d04ace6c.jpg,,,THERMOPLASTIC_FILAMENT,,,,,
513yJiP7Y4L,00/00f7e9f7.jpg,,,MEDICATION,,,,,
81JhU-7SmvL,ca/ca3a48f0.jpg,Spinsol Cocoa,,HEADBOARD,headboards,灰石色,Spinsol Cocoa,,
81L4S+CKGbL,32/325d0bf2.jpg,Negro,,JANITORIAL_SUPPLY,,Goma,100% Recycled Rubber,,
71R-SqTv4QL,37/37c96b22.jpg,,,SHELF,,Iron,,,
71GEPoIlIJL,8b/8b9167b3.jpg,绸缎黄铜,,LIGHT_FIXTURE,0,Glass,,,
71jDo+meo9L,49/49cfe179.jpg,Black,,HOME_MIRROR,Standard,,,,Rectangular
71RKsC-rn6L,08/08243d15.jpg,,,MAJOR_HOME_APPLIANCES,Premium,,,,
61IG+nVZeyL,7a/7ac39337.jpg,Tortoise/Gold,Frame 09 Non-polarized Round Fashion Sunglasses,EYEWEAR,Frame 09 Non-polarized Round Fashion Sunglasses,,,,Round
717z2yUYN5L,0a/0a82a2a5.jpg,Impresora láser y de inyección,,LABEL,2.54 cm x 6.67 cm,纸,,,
71TbSxhZ+TL,1f/1fdc590e.jpg,,,BABY_PRODUCT,,,,,
81jlI09enGL,7b/7bd9af93.jpg,,,POWER_SUPPLIES_OR_PROTECTION,Mini-Tower,,,,
81-tD00h0JL,9b/9b9222e0.jpg,,,PACKAGED_SOUP_AND_STEW,,,,,
715CyilKEhL,41/41350e93.jpg,,,SHAMPOO,Shampoo,,,,
811tBgPAzKL,60/606ea017.jpg,Nogal,,JEWELRY_STORAGE,Glass Top,,,,
61lVWgoObJL,a0/a0ad584b.jpg,1 Pair Black/White Stripes,,HAT,,,,,
51eBjUN18mL,d9/d90d5724.jpg,Indigo Blue,,ACCESSORY_OR_PART_OR_SUPPLY,Indigo Blue,,,,
61KJkjEhuXL,bd/bd286e53.jpg,Yellow,,CARGO_STRAP,,,,,
81KNpreFohL,d5/d570d0a5.jpg,Acabado metálico.,King Metal Headboard,HEADBOARD,변천하는,金属,,,Rectangular
71yMuhxsL+L,49/49903fad.jpg,Black,,LEOTARD,,,,,
711BuKgY7bL,9f/9fbcfb5e.jpg,Black,,WIRELESS_ACCESSORY,Dual 10W Pad,,,,
71CltqHO96L,6d/6d2ffcaf.jpg,Brass,,ELECTRIC_FAN,Moderno,,,,
81LGcoIrZRS,9d/9dfa3775.jpg,,,BENCH,,Wood,,,
81v+TjlrcwL,04/048b63f9.jpg,Red and Green,,PLACEMAT,,pvc,,,
71GqdHyAEAL,10/1086453a.jpg,,,SUNSCREEN,SPF 30,,,,
91uc3GYHCzL,28/28f35571.jpg,Black,,STORAGE_BAG,4-piece Packing Cube Set - Medium,Polyester,100% Polyester,,
81hLcNoqO2L,32/32a168cd.jpg,,DT-9380,AUTO_ACCESSORY,4000 Count,,,,
813iZ9i2m8L,4a/4ae271b5.jpg,Black,,SHELF,Single,Plastic,,,
71gjcdJqBdL,5f/5fdc8e6a.jpg,Brown (Congo),Ida -2w4-10,BOOT,Ida -2w4-10,,,,
61SC3u25seL,8f/8f243e5c.jpg,,,STORAGE_BINDER,,,,,
71lSRW8RzrL,2f/2f21e54c.jpg,Wild Oak,,BENCH,Modern,Wild oak,,,
61gTaX+NuhL,2a/2acdd954.jpg,Pebble,Classic Accessories Veranda Patio Umbrella Cover,FURNITURE_COVER,,,,,
61dOf0fLnHL,b4/b4c072ba.jpg,65cm-Viola,,RECREATION_BALL,,,,,
61ZDjgX8mqL,35/354ca966.jpg,,,FOOD_SERVICE_SUPPLY,,,,,
81mX4Sa0xzL,94/9416c316.jpg,黑色,,PAPER_PRODUCT,方形,,,,
517oolO+GyL,21/214921d9.jpg,Oil-Rubbed Bronze,,STORAGE_HOOK,Top-bottom,,,,
81yFCdfRrPL,31/3135332f.jpg,,,NUTRITIONAL_SUPPLEMENT,,,,,
71GcceB4BVL,a9/a97b401d.jpg,Anaranjado,,HOME_LIGHTING_ACCESSORY,,,,,
51gz2g8SHxL,a7/a7bae45b.jpg,,,FOOD_STORAGE_BAG,加仑,,,Bags + Sandwich Storage Bags,
81RFCZvPN4L,40/40efd8f3.jpg,,"3-piece Short-sleeve Dress, Top, and Pants Playwear Set",COSMETIC_CASE,"3-piece Short-sleeve Dress, Top, and Pants Playwear Set",,100% Cotton,,
81hw5MiYpVL,08/08324115.jpg,,,CHARGING_ADAPTER,,,,,
91XsiAHhXNL,4e/4ec684bb.jpg,Blue,,PILLOW,,,Cotton/ Polyester,,Square
81km-dJ5eCL,ca/ca2d1758.jpg,Negro,Niko,BOOT,Niko.,,,,
612--UTdCrL,cb/cb128859.jpg,Weiß/Kaffeebraunes Holz,,ABIS_DRUGSTORE,ovaal.,,,,
81xot8AtuiL,37/37da8b89.jpg,Black,,PORTABLE_ELECTRONIC_DEVICE_MOUNT,GPS,,,,
A1llMdUBl7L,ea/eab4efb1.jpg,Marrone,,WASTE_BAG,,,,,
51Tat1deMUL,ed/ed62cedc.jpg,,,SUNSCREEN,FPS 30,,,,
519bvl7AfRL,01/01c86a1e.jpg,,,PAPER_PRODUCT,Sans poches,,,,
81epi1bKvUL,92/9209ff69.jpg,透明,"Chef & Sommelier Domaine 22 Ounce All Purpose Wine Tulip Glass, Set of 6",DRINKING_CUP,红酒杯,玻璃,,,red wine
71Trpd1Ft1L,24/24695ec9.jpg,White,,PUMP_DISPENSER,,,,,
81R-DYmKivL,4e/4eeb8b64.jpg,,,HOME_MIRROR,vintage,glass,,,
61MqIJvIwzL,79/7946ae8b.jpg,Blanco,,BLOOD_PRESSURE_MONITOR,,,,,
81ptDNCD5bL,06/065b47f5.jpg,,,SKIN_MOISTURIZER,,,,,
810iipbuhZL,57/577b06e5.jpg,블루,,STOOL_SEATING,altura del mostrador,,,,
41O8JPlJOjL,7d/7ddcd9fe.jpg,,,OFFICE_ELECTRONICS,Shredder with Lubricant Sheets (Pack of 12),,,,
7138dbggnQL,5e/5e3395db.jpg,,,AUTO_ACCESSORY,,,,,
51hVKFKyomL,51/51d4e2c4.jpg,BEIgE,,LAUNDRY_HAMPER,,,,,
71xulTEEiQL,a4/a42db42c.jpg,,Elias,BOOT,Casual Slip-On,,,,
518doGFj7mL,c4/c4528020.jpg,,,SHAMPOO,,,,,
81iX4vkO2BL,75/752b854a.jpg,Purple Speckled,,MUSCLE_ROLLER,,,,,
619BereKpeL,a7/a779fb66.jpg,جريه مارل,,STORAGE_BINDER,1-Inch,البولي بروبلين,,,
51xSeQ3zOPL,53/53b0d55d.jpg,Beige,,EARPLUG,Bullet Shape Regular,,100% Otros Tela,,
81B3UW4aZ6L,84/8436a6a5.jpg,Beige,,OTTOMAN,,,,,
91gle34q+BL,04/04bfbfeb.jpg,ചാരനിറം,,STORAGE_BOX,,ഫാബ്രിക്,Non-woven,,Rectangular
619jhYcQ0FL,71/71b57a85.jpg,Blanco,,BED_FRAME,Cama Doble con cabecero,Madera,,,Rectangular
81KRplVsqZL,5d/5d508ddc.jpg,नीला,,WALLET,Clutch,अन्य,,,
61armTNQm7L,e8/e85d8c11.jpg,Black,,HUMIDIFIER,Night Light and Aroma Diffuser,,,,
61HQ0VF1qnL,af/afa55099.jpg,Siyah/paslanmaz çelik,,KITCHEN_KNIFE,,paslanmaz çelik,,,
61m-M9EsYEL,82/829b1b44.jpg,Red,,JAR,,Plastic,,,
71fZxuveumL,2d/2d4975a3.jpg,,,NETWORKING_DEVICE,,,,,
61OWkI5MgbL,36/36f2002d.jpg,Zwart,36911,SANDAL,Hakken Sandalen,,,,
813OmqHh73L,c9/c9dece31.jpg,marrone,,ENVELOPE,Buste C4,,,,
51osVPTz+iL,37/37343952.jpg,,,SUNSCREEN,Sunscreen + Kids' Sunscreen,,,,
81yUJLUhtjL,eb/ebe9766a.jpg,,,LIP_COLOR,Bright muse,,,,
71i3BqktiyL,84/846e4a5c.jpg,,,DAIRY_BASED_DRINK,,,,,
618D1lDABmL,a2/a2c98d98.jpg,,,CHOCOLATE_CANDY,,,,,
41QWJ3DSNLL,cb/cbe3c39f.jpg,,,OFFICE_ELECTRONICS,Shredder + Lubricant Sheets (Pack of 24),,,,
81eIfzLkNUL,10/10554922.jpg,,,TOOLS,,cromo vanadio acero,,,
31-JG0PmbgL,dc/dc0da6c0.jpg,Dark Grey,,FLAT_SHEET,Flat Sheet,,,,
51KelYi3rZL,7e/7ef7fb86.jpg,,,COFFEE,,,,,
81p1tsiqg2L,02/02d5d4e6.jpg,ホワイト,,NECKLACE,,金属,,,
61Ix3UB8s6L,66/6606a24b.jpg,Gold,GTS,WIRELESS_ACCESSORY,,aluminio,,,
81hrWXpSMXL,ca/caa12bf0.jpg,Matte Navy,,DUTCH_OVENS,,,,,
71XcsGALMcL,7b/7b43073a.jpg,white,,PLUMBING_FIXTURE,,Stainless Steel,,,
816qLP5fgUL,bd/bd7f3ff8.jpg,6 Colours,,CLOTHES_HANGER,hangers,,,,
61EiRLyoUaL,a7/a7f5d9ce.jpg,Purple,,LUGGAGE,,Polyester,,,
81WfdrLYkrL,b3/b3087414.jpg,,,WASTE_BAG,,,,,
71QbMwidSeL,d9/d9582482.jpg,Beige,,BED,Estilo de mediados de siglo.,,100% Faux-Linen,,
71PXGGmxlLL,2a/2a147c90.jpg,Beige,Veranda Haltbare Möbelabdeckung für stapelbare und gestapelte Gartenstühle,FURNITURE_COVER,,Kunststoff,,,
81sJJU-3FlL,70/70fac979.jpg,White,,PRINT_COPY_PAPER,"Legal (8.5 x 14 "")",,,,
91FUu+mFOyL,13/13dc05a6.jpg,Multi,,WALL_ART,,Wood,,,
6170j7WR3UL,cc/ccf3d5b8.jpg,,Mama Bear Disney Pañales Ultrasecos Talla ' Kg,ABIS_DRUGSTORE,4,,,,
71vNIaTZczL,c6/c61f6bf6.jpg,Natural,,STORAGE_HOOK,2-Pack,,,,
718ELjgiCEL,70/7016c5e8.jpg,Yellow Gold,,FASHIONEARRING,,,,,
71OA0wF2cVL,26/264f559e.jpg,,Faciales,FACIAL_TISSUE,,,,,
81Kb5qACY2L,d0/d075c5f6.jpg,,,COMPUTER_COMPONENT,,,,,
61v41daS-5L,3b/3b40db76.jpg,Neon assortiti.,,LABEL,,,,,
51hNIXS4bUL,66/661bd14c.jpg,Black,,SAUTE_FRY_PAN,,Aluminium,,,
91sZ414ydBL,aa/aab122c2.jpg,,,SAFETY_SUPPLY,,,,,
81tcnULp83L,db/db7a7c4c.jpg,Grå,,BISS,"Microskum, nitrile och nylon, pekskärm",,,,
91cZoJzZcPL,17/1714c637.jpg,Multicolor,,WALL_ART,Antique,,,,
71gVTMs-iLL,f7/f7f63775.jpg,Brushed Stainless Steel,C-10074FM-12L,TRASH_CAN,,Stainless Steel,,,
713Kns6fFXL,7d/7d7d3dfe.jpg,,,COFFEE,,,,,
91uq4O9VgCL,b3/b351009a.jpg,Gris Heather,Soft Cotton Cable Knit Beanie,HAT,Gorro de punto de algodón suave.,Algodón,100 % Algodón,,
81asYBeXiYL,f7/f772dd01.jpg,Beige,,CLOTHES_HANGER,Single,,,,
5137krk-6cL,5f/5f1ed70b.jpg,,,BEAUTY,Vitamin B5 + Hyaluronsäure,,,,
71vuhJJFbCL,12/125f8026.jpg,,,PROFESSIONAL_HEALTHCARE,,,,,
710-sKWfezL,f9/f9b1bfd1.jpg,Oro rosa/plateado/rosa.,"Rose Gold -Plated Pink Crystal Paw Disc Pendant Necklace, 18""",NECKLACE,,,,,
71bYdcfVTXL,86/86e7ead9.jpg,fildişi (Ivory),,CLOTHES_HANGER,,,,,
616kVz7NLQL,11/11c73fe1.jpg,,,ABIS_LAWN_AND_GARDEN,,,,,
81JPY0HjDVL,96/96df8171.jpg,ಹಸಿರು,,EXERCISE_MAT,Yoga Mat,ಫೋಮ್,,,
41qqzhxTmlL,75/75cd9737.jpg,,,SKIN_MOISTURIZER,,,,,
516musD352L,3e/3ef91e44.jpg,,,WASTE_BAG,Kitchen + Multipurpose Bags,,,,
51ECBIVF3ML,43/43d5e699.jpg,,,SHAMPOO,,,,,
81ZWa4NxJML,83/83e1b7b5.jpg,,,TOOLS,,,,,
51BlJXXLSbL,75/75537b2a.jpg,,,RING,リング,,,,
8111s95WGmL,cc/cc76b02f.jpg,Multicolor2,,HAT,,,,,
61cmGrrRRAL,d6/d69b79b1.jpg,,,WINE,,,,,
61X51Pjig5L,25/25f7261c.jpg,Vit,,ENVELOPE,C5,,,,
A1Bw20o6UmL,dd/ddbba99a.jpg,Bauernkaro,,FLAT_SHEET,,,,,
81TeXrUKRPL,ee/ee17a240.jpg,Black W/Yellow Trim,,EARMUFF,Over-the-head Folding Hearing Protection Earmuffs,,,,
91hMMPE-JxL,ea/eae8a893.jpg,,,COFFEE,,,,,
71+SZCbrkyL,d2/d294dc8b.jpg,,,BEAUTY,,,,,
71xVq+GM95L,2b/2b6fb0c0.jpg,,,SKIN_MOISTURIZER,,,,,
810x+uhG6oL,5e/5ec29c40.jpg,रुपहला,,PRESSURE_COOKER,,स्टेनलेस स्टील,,,
51zWhyB6tZL,4d/4df1ec8f.jpg,Cruz V2 Fresh Foam,,CHARGING_ADAPTER,,,,,
61ye6XD7Y4L,af/af8e992d.jpg,Black,,HEADPHONES,,Plastic,,,
81MfBSXKhYL,3a/3ab15c89.jpg,Silvertone,,FINEOTHER,,,,,
81bXGs0lDGL,c7/c75d22e8.jpg,Deep Blue,Z4715MB,DUTCH_OVENS,,Iron,,,
71cr3qbjDrL,6a/6aab33a3.jpg,カラー-ホワイト,,NECKLACE,ネックレス,,,,
91dYpLwizdL,32/32502a6b.jpg,베이지,,STORAGE_BOX,,炻器,,,round
817GY+3wZML,fc/fc078036.jpg,Pink,,SUITCASE,28-inch,,,,
71SRfOBwSWL,db/dbb3b775.jpg,Rouge,,FLAT_SHEET,Lakan,100% bomull,,,
61vCaBWfG4L,60/60b46ee0.jpg,లేత గోధుమరంగు :: టీల్ :: తెలుపు,,PLACEMAT,,పి.వి.సి,,,
71LoFdsDVmL,68/68d602ed.jpg,,,NUTRITIONAL_SUPPLEMENT,,,,,
913SwqOV03L,a7/a7e08bad.jpg,Orange,,THERMOPLASTIC_FILAMENT,1 kus,PETG,,,
71aFrIFgQiL,dc/dc9e8522.jpg,തെളിഞ്ഞ,,DRINKING_CUP,,ഗ്ലാസ്,,,
71G3oLsf5KL,b3/b3844569.jpg,,,DRINK_FLAVORED,,,,,
71M2957D1zL,aa/aae1eac6.jpg,Black,,CHARGING_ADAPTER,,,,,
71+yvzLgAvL,f4/f4946a52.jpg,ホワイト,,NECKLACE,,,,,
81KGLMlGLwL,eb/eb5dcef5.jpg,Brown and Green,,STORAGE_BOX,,stoneware,,,Round
51cCLYXHvgL,f4/f45bed98.jpg,Blu notte,,ACCESSORY_OR_PART_OR_SUPPLY,,,,,
91mxTGR58GL,85/85336816.jpg,Color6,,HAT,,,,,
71enOIHNM1L,aa/aa7cc2a8.jpg,Black,,PHONE_ACCESSORY,Mobile Phone,,,,
81WDkxKp2CL,9b/9b760976.jpg,블랙,,SUITCASE,2 件套,,폴리에스터,,
81tg-RnoANL,69/690e7f88.jpg,,,TOOLS,,,,,
71IZ-qsIhnL,3c/3c717a0d.jpg,Blanco,,DRESSER,Cajonera con 6 cajones,Madera de ingeniería,,,
A1GsrpilYyL,50/50fbb6f4.jpg,Azul,,STORAGE_BINDER,Junta tórica,,,,
91iebZ4DzzL,91/91ad81c6.jpg,Pattern 6,,HAT,,,,,
51-+pa-N-BL,d5/d5fd3560.jpg,نيكل (Brushed Nickel),,LIGHT_FIXTURE,Traditional,Glass,,,
716UfnrEAZL,05/050c6ef7.jpg,,,INSTRUMENT_PARTS_AND_ACCESSORIES,,,,,
81+oncKg27L,03/03bb1633.jpg,,,MOUTHWASH,,,,,
61+imMW0YsL,da/da9874da.jpg,,,NUTRITIONAL_SUPPLEMENT,,,,,
91gSChk8HHL,2a/2a8feca9.jpg,Bleu,,SUITCASE,"56cm, 68cm, 78cm Lot de valises",,,,
71HcuVqG4KL,9c/9cbce605.jpg,Amarillo dorado,,NECKLACE,,,,,
617Kl2He-cL,e3/e3018f48.jpg,,,CLEANING_AGENT,,,,,
91dm75liolL,35/35cd1ede.jpg,Multi,,WALL_ART,Contemporary,canvas,,,
61N4ds4idFL,26/264ebf48.jpg,,,POWER_SUPPLIES_OR_PROTECTION,,,,,
714R5Z9QqSL,9d/9d109c7c.jpg,Níquel cepillado,,ELECTRIC_FAN,Moderno,,,,
715mZTxmdIL,51/518468e2.jpg,Brown,Basic Storage Shelf CX-1,CABINET,1 compartment,Wood,,,Rectangle
71+B8TsG5UL,75/756f878c.jpg,,Amazon Marke Mama Bear Baby Feuchttücher Er Packung ' Tücher,SKIN_CLEANING_WIPE,zacht,,,,
71X1scmS0pL,36/366d3dba.jpg,ミスティローズ(Misty Rose),"Rose Gold Plated Sterling Silver Swarovski Genuine Misty Rose And White Topaz Ring,Size6",RING,リング,,,,
71fYQIEDRNL,62/622e9127.jpg,,,SKIN_MOISTURIZER,,,,,
71lAjE-xF7L,7b/7b761400.jpg,Bronce oscuro,,LIGHT_FIXTURE,Candelabro,,,,
81dsao3MCzL,cf/cf398291.jpg,,Zip Front Cord,RING,Vestibilità aderente,,,,
81NkhXD2Q-L,68/6814f068.jpg,Negro,HUC9002V1SBL,MULTIPORT_HUB,USB-C,ABS Plastic,,,
91QIA-U2AfL,2e/2e368cd7.jpg,브라운,,BED,cama king,灰石色,,,
41waRsDS9TL,e8/e861f940.jpg,Clear,,DRINKING_CUP,1.8 oz,,100% others,,
71SEhIBSwiL,7a/7a8a3d0f.jpg,,,BREAD,,,,,
818FVmHIR8L,50/50ef21ff.jpg,Natural,,HAT,,,100% cachemira,,
51l5Jjl9WQL,d8/d8cc93bf.jpg,,,NUTRITIONAL_SUPPLEMENT,Coenzyme Q10 + D3 (125 mcg),,,,
61Cs9+apECL,07/07134bfd.jpg,White,,DISHWARE_PLATE,3-Compartment,,,500 Plates,
91F4btwj7SL,39/397f671d.jpg,Maroon with Pink Piping,,BEAN_BAG_CHAIR,ಕಂಟೆಂಪೋರರಿ,ಲೆದರೆಟ್ಟ್,,,Teardrop
617t--ZApQL,15/155954c5.jpg,,Billiards Mini Snooker Game,SPORT_TABLE_GAME,,Nylon,,,
81o6brl4PKL,08/083d132a.jpg,Petal Blush Stretch Satin,Becca Pointed Toe Sock Bootie,BOOT,Becca Pointed Toe Sock Bootie,,Textile,,
61Uy5crxpRL,cb/cb107d07.jpg,白色,"AmazonBasics Patio Umbrella - 9-Foot, White",UMBRELLA,Paraguas de patio,涤纶,聚酯纤维,,
61RV5mSxsWL,f2/f258c72e.jpg,,,VEHICLE_LIGHT_BULB,H7,,,,
61MmOWkK5LL,ea/ea5166e3.jpg,Grey Cabana Stripe,,FLAT_SHEET,,,,,
91FckI3qxYL,17/17bb9edc.jpg,,,SAFETY_SUPPLY,,,,,
81hX49UNOSL,1c/1cb6b982.jpg,Silver,,MULTIPORT_HUB,Type-A,,,,
71PZA3D+w2L,7b/7be8cfeb.jpg,Black Velvet,Sadie Miliary Style 4 Strap Ankle Boot w/Jewel Buttons,BOOT,Sadie Military-Inspired Four-Strap Ankle Boot With Jewel Buttons,,Velvet,,
71oG1dgfuYL,3e/3ee4570d.jpg,Nickel,021020-410-A60,TOWEL_HOLDER,,Metal,,,
81DsUlqIMWL,53/5381ff62.jpg,Blue,,THERMOPLASTIC_FILAMENT,,ABS,,,
81avBXkyRmL,cd/cd4072dd.jpg,,,SKIN_MOISTURIZER,,,,,
517XqGqHheL,fc/fc20314c.jpg,Clear,,DRINKING_CUP,11 oz. Highball,,,,
A17N2vs6eBL,2e/2efd48a5.jpg,胡桃棕色,,OTTOMAN,,cow hide leather/ hardwood,,,Rectangular
519xqXRJ3DL,8f/8f2e7823.jpg,Negro,,SUNGLASSES,,,,,Redondo
710DgPZDpTL,f1/f193bba0.jpg,,,PANTRY,,,,,
41loiLAMKvL,fb/fbf5249c.jpg,,,BATTERY,充電器+単3形4個パック,,,,
61F8dusEkBL,66/66b99942.jpg,മൾട്ടി (ബഹു),SOL-HD-60,STICKER_DECAL,,PVC Vinyl,,,
71UwQuJaF7L,70/70f86c07.jpg,블루,,STOOL_SEATING,Counter Stool,,,,
81YeOYMFZuL,85/85e3afd2.jpg,Canary,,PAPER_PRODUCT,,,,,
81H8aozLUqL,56/56035eed.jpg,Yellow,animal,TOY_FIGURE,,,,,
810zJx1lWXL,94/942f02e7.jpg,Green,,STORAGE_BINDER,3-Inch,,,,
61N69kmrUwL,6a/6af0a219.jpg,,,SNACK_FOOD_BAR,,,,,
71fGk9MlUtL,34/34055f88.jpg,Naturel,,BASKET,,,,,
51-xbNIuYTL,7a/7a95be54.jpg,白色,,FREESTANDING_SHELTER,Pop Up clásico,布料,,,
71JTvBheCzL,8e/8e0d4224.jpg,블랙,,CLOTHES_RACK,,Wood,,,
917npUj8DRL,25/25432ca4.jpg,Blue,,STORAGE_BAG,4-Piece Packing Cube Set - Medium,بوليستر,,,
51mfbdjB18L,6c/6c169e32.jpg,,,SKIN_EXFOLIANT,,,,,
71uKSnORV4L,b4/b4b7776d.jpg,Blush Pink/Rose Gold,AE/5000RSBH,WATCH,,,,,Round
61d7aN+JH9L,79/796ee6c6.jpg,Blanco,,BEAUTY,,,,,
91kMI4M+htL,1b/1b75b068.jpg,Army Green,,PORTABLE_ELECTRONIC_DEVICE_COVER,"AmazonBasics Tablet Sleeve - 10-Inch, Army Green",Neoprene,,,
51F2Gzzmz0L,c0/c0c63754.jpg,,,SAFETY_SUPPLY,,,,,
51iWTLrmOWL,c7/c7f08520.jpg,Vitt,,CHARGING_ADAPTER,Enda,Silver,,,
81aGbFGgyOL,bb/bbfc0540.jpg,Chrome,Rolling Garment Rack Clothes Hangers with Double Rods and Double Shelves,CLOTHES_RACK,,,,,
51sfHMvsl7L,bd/bdcb94bc.jpg,Standing,,WRITING_BOARD,Dry Erase,,,,
71L7iSg5EzL,53/53ce3769.jpg,Red Suede,Loyal Block Heel Dress Sandal - High,SANDAL,Loyal Block Heel Dress Sandal - High,Suede,100% Leather Upper,,
61EHWsOnwxL,d6/d69f03d0.jpg,,,NUTRITIONAL_SUPPLEMENT,,,,,
31TB8+rsDYL,a9/a9698f28.jpg,,Seagate Expansion,COMPUTER_DRIVE_OR_STORAGE,Set Portable (2016) und Tasche,,,,
71bVXiTr2tL,de/dec9d586.jpg,Trasparente,,STORAGE_BAG,,,,,
61VLESkHP3L,94/9402fbbd.jpg,White,,LABEL,,,,,
71IjvheCScL,d3/d3be71c4.jpg,White Top/Black Edge,,EDUCATIONAL_SUPPLIES,Dry-Erase Board,,,,
71dddX88hDL,24/24686730.jpg,,,AREA_DEODORIZER,Earthy Sandalwood,,,,
71gj9uGan5L,47/47eb6daf.jpg,White,,MICROPHONE,,Plastic+Metal,,,
61bRn3goELL,3a/3a8a3b8d.jpg,,,WINE,,,,,
619i2ceAo+L,ed/ed03d873.jpg,Coffee,,ABIS_DRUGSTORE,Oval,,,,
71b+jPOplTL,96/96a6803e.jpg,,,SAUCE,,,,,
81WyqNzcl0L,8a/8ab1c23e.jpg,Walnut and Black,,HOME_MIRROR,Modern,walnut,,,
81NK9MEou1L,d5/d5809df9.jpg,,,MINERAL_SUPPLEMENT,,,,,
81ggk782fFL,6b/6b33c8e8.jpg,grijs,"Ravenna Hochwertige Abdeckung, Mehrzweck-Schutzhülle für Gartenmöbelset – L",FURNITURE_COVER,,Textil,polyester,,
61vhvisN2kL,d8/d87e16d2.jpg,,Marca Amazon Mama Bear Ultra Sensitive Toallitas Humedas Para Bebé Paquete De ' 100 Tejido Biodegradable,SKIN_CLEANING_WIPE,Ultra Sensitive,,,,
614qi-o8joL,8a/8ab42846.jpg,,,JANITORIAL_SUPPLY,,,,,
81g--EMo5oL,4f/4f147faf.jpg,white,,SEALS,Merv 8,,,,
71llEFHI71L,be/be1e535f.jpg,,,EYEBROW_COLOR,Choco Rush.,,,,
81j+lfHq+tL,19/19520f3a.jpg,,,FACIAL_TISSUE,,,,,
91IzX3JdhrL,f0/f0d5d2a5.jpg,ಕಪ್ಪು,,CLOTHES_RACK,,ಪ್ಲಾಸ್ಟಿಕ್,,,
61gfJFrZ5uL,4b/4b2642f1.jpg,,,ORTHOPEDIC_BRACE,,,,,
815u4bKTA8L,ff/ff44dc3b.jpg,Stro/Bloemen Tropische Trim,Men's Straw Lifeguard Sun Hat,HAT,Heren stro strandwacht zonnehoed,,100% Raffia Rietvezel,,
91WRLY02GHL,08/08320e9f.jpg,,,DUTCH_OVENS,,,,,
71J1q9IbwZL,63/6327c502.jpg,"Rojo, Berry",DPWB752620,DISHWARE_PLACE_SETTING,,Stoneware,,Rojo liso,
613fW34Y-FL,78/783f1c6e.jpg,,,NECKLACE,,,,,
6183tk7a5hL,ad/adb6d453.jpg,Black,,CARGO_STRAP,,,,,
619c-02vQzL,f6/f60bf8bd.jpg,White,,HARDWARE,20-Inch (4-Pack),,,,
61g56SPUNiL,bc/bc0e04e2.jpg,,,TRASH_CAN,,,,,
A1T9+y5dZPL,66/66ada98c.jpg,,,BACKPACK,,,,,
61YKnNs0EmL,9e/9e557bac.jpg,Black,,FOOD_SERVICE_SUPPLY,,,,,
41ECu11yX+L,2f/2f3da4c2.jpg,Walnut & White,,DRESSER,1 Drawer,Engineered Wood,,,Square
71XIzrhz8bL,01/01bb6e7a.jpg,ホワイト,"Sterling Silver Diamond 3 Stone Heart Pendant Necklace, 18"" (1/10 Cttw)",NECKLACE,,金属,,,
51N-4bGFx0L,37/377ad24e.jpg,,,ABIS_BEAUTY,Torr och känslig hud,,,,
91y0cXfHGCL,b9/b9d1d0f1.jpg,,,PLANTER,,,,,
81h4IkZVLTL,e8/e83bd2e8.jpg,Negro con embellecedor morado,,BISS,Cascos para protección auditiva con diadema y plegables,,,,
81YIMK+XKxL,12/126a8d87.jpg,,,BREAD,,,,,
713TCA2NVyL,62/623797c9.jpg,,,OFFICE_ELECTRONICS,5:4 Monitor,,,,
91kJwtHqFfL,a8/a8d43882.jpg,Pink,,BEAN_BAG_CHAIR,Contemporary,Leatherette,,,Teardrop
51DEDnTwLeL,7a/7aef455e.jpg,Polished Chrome,,SHELF,,,,,
81Kxgj9gXNL,fb/fb531085.jpg,Multicolor1,,HAT,,,,,
918F83svr6L,a0/a06888c0.jpg,ഓറഞ്ച്,,FURNITURE,സമകാലികം,ലതറേറ്റ്,,,
71LL52xqU0L,81/810b4b84.jpg,,,COMPUTER_ADD_ON,4-Port USB 3.0 Hub,Plastic,,,
71eNqsxcxiL,f2/f2a0749e.jpg,,,TOOLS,,,,,
71HCeVDK05S,c0/c0705ba4.jpg,,,TOOLS,,,,,
71kkHYqCIDL,bd/bdf23f8a.jpg,Silver,,CHARM,Princess Fairytale,,,,Round
61aqeMtyEwL,77/771eefc3.jpg,Handdukshållare och 2 runda krokar svart,,TOILET_PAPER_HOLDER,Handdukshållare och 2 runda krokar,,,,
91fXABFMseL,21/21997830.jpg,,,LEGUME,,,,,
71GKRgV3szL,79/794b83e5.jpg,,DT-827V,THERMOMETER,Con doble láser.,,,,
81JqzdwWUfL,98/98da4042.jpg,,,LAUNDRY_DETERGENT,,,,,
31PZI6oeyHL,70/705e6c8a.jpg,Black,,BABY_PRODUCT,,,,,Rectangular
61mBfpz7vKL,d8/d88596ea.jpg,Black,,WIRELESS_ACCESSORY,15W Pad,,,,
71FnMsAG1vL,e5/e5334d59.jpg,,,TOOLS,3-Piece,,,,
81iUk1N-1lL,da/da826c5e.jpg,Black,,CLOCK,,Wood,,Wall Clock,
71xzKYcL1wL,9f/9ffa6632.jpg,,,DAIRY_BASED_DRINK,,,,,
71HwfrmwpWL,8e/8e6c2908.jpg,ക്രീം,Teddy Bear,TOY_FIGURE,,,,,
91YfOJ-E0XL,20/20ec77f5.jpg,Multicolor,,WALL_ART,Leaf II,Paper,,,
811rC8hkBAL,9e/9edb3792.jpg,Baby Pink,,WALLET,Wallet,अन्य,,,
71fK2dEZYKL,01/01d2cd72.jpg,ボーイ ディノ,6-Pack Bib Set,BABY_PRODUCT,,,100％コットン,,
71pK4yYqvGL,dd/dd362f8d.jpg,Black (Black),Flat Toe Thong Weave Leather Sandal,SANDAL,Flat Toe Thong Weave Leather Sandal,,,,
81Dz8RMSJ3L,23/23957275.jpg,,,BAKING_PAN,,Silicona,,,
61q0F3ZkL7L,ed/edf371bf.jpg,89256_beige,,HAT,,,,,
51RnfdfTOxL,e8/e8f614d6.jpg,Nickel Brossé,,TOOLS,,,,,
515YXdK-IHL,32/32e122d2.jpg,White,,FASHIONNECKLACEBRACELETANKLET,June,,,,
91bWOk0IXJL,0a/0a4aaef2.jpg,Gelb,,BISS,"Cut level 5 D, Plastic Dots Coated",,,,
71fX5KrN0iL,7e/7e0af149.jpg,,,TOOLS,,,,,
61akheEsJYL,d7/d7c06f71.jpg,,,MICROWAVE_OVEN,,,,,
61TyEhfeAJL,d5/d57512dd.jpg,Menthe Verte,,PERSONAL_COMPUTER,,,,,
61iRgFix1dL,e1/e19a4d8a.jpg,Gold,Frame 01 Non-polarized Aviator Sunglasses,EYEWEAR,Frame 01 Non-polarized Aviator Sunglasses,,,,Aviator
91H7lDtWRUL,86/86a5bcfc.jpg,black,,RECREATION_BALL,,,,,
61JTU0fAeUL,e7/e73f72e3.jpg,Walnuss,,STORAGE_HOOK,2er-Pack,,,,
71dvLGB4zkL,23/234bdcc0.jpg,Cruz V2 Fresh Foam,,COMPUTER,Schermo singolo,alluminio,,,
71BySStH9sL,8d/8d66af34.jpg,黑色,BBHR46,BED_FRAME,,钢铁,钢,,Rectangle
619C-TyD1aL,ac/ac376e16.jpg,Black,,COMPUTER_ADD_ON,7-Port USB 2.0,,,,
91OShLVBlZL,8c/8cbc5a70.jpg,Do Not Use 2,4-Pack Kids Fashion Face Mask,CHILDRENS_COSTUME,4-pack Face Covering,,100% Cotton,,
81BZi-usYoS,7c/7c4e9947.jpg,,,TOOLS,,,,,
71mwF6WMtSL,91/91a39602.jpg,,,PROTEIN_SUPPLEMENT_POWDER,,,,,
81VATWSIr-L,cd/cd43fd32.jpg,Oil Bronze,,LOCK,Contemporary Round Deadbolt,,,,
61WSmZvwb5L,ba/ba4c1f8a.jpg,2-pack,,LOCK,4-Digit Combination Lock,,,,
61aQzxmMUGL,fe/fe124c18.jpg,Negro,,PORTABLE_ELECTRONIC_DEVICE_STAND,,Alumínio,,,
71TKsDTaRpL,97/973bf047.jpg,,,SKIN_CLEANING_AGENT,,,,,
51k3c+30NTL,46/46d41694.jpg,,,MINERAL_SUPPLEMENT,Potassium,,,,
71W3maUG6TL,9a/9a356750.jpg,,,FITNESS_BENCH,,,,,
41Xgydvv2XL,1d/1d3d9812.jpg,Black,,ACCESSORY_OR_PART_OR_SUPPLY,Cable and Power Bank,,,,
910SoYYT+nL,01/01b1ab19.jpg,Salt & Pepper,,SAFETY_SUPPLY,,,,,
51d6XVmax9L,41/41b2377e.jpg,,,CLEANING_AGENT,,,,,
71JlxxNVdxL,95/952f3c58.jpg,,,NUTRITIONAL_SUPPLEMENT,,,,,
91B-SeCiDiL,e3/e3441508.jpg,Dark Blue,,FURNITURE,Contemporary,Denim,,,
81BQgRGQfhL,62/62c3ccc2.jpg,Purple,,SUITCASE,"2-piece Set (21.6""/28"")",,Polyester,,
717Fu1ilQSL,7e/7e815e00.jpg,transparent,DVD-R 4.7GB,BLANK_MEDIA,,,,,
616aOB8V2FL,69/69f55d29.jpg,Coffee Grinder,"250-Watt Electric Mill,",COFFEE_MAKER,,,,,
61WdcMtj+LL,ed/edd3798f.jpg,പിങ്ക്,,DRINKING_CUP,,,,,
71cD73c7oLL,e8/e82f25c1.jpg,ಕಪ್ಪು,SOL_AutoAppl_101,AUTO_ACCESSORY,,,,,
619PRCwe8EL,d0/d00f2f33.jpg,schwarz,,STAPLER,,,,,
6160JYGy2XL,07/07eccb51.jpg,,,AUTO_ACCESSORY,Single,,,,
81IzWn2J8jL,b4/b41aeb6c.jpg,Rose Pink,Tom,BOOT,Bottines,,,,
71-1Ih3-iJL,50/50ef750e.jpg,white,,TOOTHBRUSH_HOLDER,,Stainless Steel,,,
51E+oXDgAzL,45/453a7d11.jpg,,,SKIN_CLEANING_AGENT,,,,,
7194rSTY04L,91/91952654.jpg,Sonoma Eiche/Dunkelgrau,,FLAT_SCREEN_DISPLAY_MOUNT,TV-Board,,,,
813d8yPe4bL,61/61cf42ef.jpg,"Squid Ink, Daisy",B086F7JT4C,HOME_LIGHTING_ACCESSORY,Basic hose reel,,,,
91+cdN5YlPL,e5/e57e22d8.jpg,,,LEGUME,,,,,
71KY0XT0lcL,99/9986397f.jpg,Black,,CE_ACCESSORY,,,,,
71jIez-VB8L,ac/ac193ac7.jpg,,,SAW_BLADE,,,,,
71WJoxQmfpL,65/651770c4.jpg,Blanco,,LABEL,,,,,
811sV3psHYL,2f/2fedfe4c.jpg,Black,,MUSCLE_ROLLER,36-Inch,,,,
71zWEG+ObAL,08/087346b8.jpg,,,BEAUTY,,,,,
61gZcu5SmfL,0f/0f5312fa.jpg,,,COOKIE,,,,,
71gALd0Q2RL,d1/d17daeb7.jpg,,,FOOD_SERVICE_SUPPLY,Forks,,,,
91Qd-IOUGBL,81/8165da90.jpg,Vapor Grey Heather,Men's Fitted Flat Brim Cap,HAT,Men's Fitted Flat Brim Cap,,"70% Polyester, 27% Rayon, 3% Spandex",,
71qhXzPsfcL,49/49264fde.jpg,Black,,SUITCASE,"2-piece Set (21""/29"")",,,,
713e8uxJxeL,22/22f5040d.jpg,,,DAIRY_BASED_CREAM,,,,,
31e5P115fvL,5c/5c194754.jpg,Blue,,TOTE_BAG,,Cotton,,,
5176YZvFSJL,18/18c8273f.jpg,,,CASSEROLES,,acier inoxydable,,,
51HRWkcrZgL,0f/0ffcfc63.jpg,Dorado,Julio,FINEOTHER,Julio,,,,
81LheZINIEL,b6/b6a17f19.jpg,Evelina,,CLOTHES_HANGER,,,,,
61NTUw5+7HL,b5/b537a5b4.jpg,Latón y blanco.,,LIGHT_FIXTURE,Moderno,,,,
51D3qAgRWDL,f1/f133462d.jpg,,,MEDICATION,,,,,
41G2JKcNuGL,11/11d23f5d.jpg,Transparent,,DRINKING_CUP,Verre à gin,,100% Others,,
81GQJfpvSyL,6d/6d23f722.jpg,블루,,PLANTER,,灰石色,,,
51DjZ+OgKEL,ab/abdea37b.jpg,Gold,Sal Women's Thong Sandal,SANDAL,Sal Women's Thong Sandal,,100% Synthetic,,
61RjpuT7B2L,54/5411b19d.jpg,Blue + Yellow,,CARGO_STRAP,,,,,
81NwNY9irRL,14/149494f5.jpg,Marrone Tan,Circle,SANDAL,Tacchi Sandali,,,,
71MRdswsFNL,f4/f46680e5.jpg,Grey,Mother Of Pearl And Cultured Freshwater Pearl Stretch Bracelet,BRACELET,,mother-of-pearl,,,
61y80wFPa5L,cf/cfe00082.jpg,Marrón,,BABY_PRODUCT,,,,,
81h18x5j-QL,0f/0f1b03c0.jpg,,,JANITORIAL_SUPPLY,,,,,
61HAqbSl0gL,7f/7f70707c.jpg,,,ABIS_DRUGSTORE,,,,,
71NvjifqUfL,5b/5bd3e4d1.jpg,Seidiges Netz 6 Stück 3l+3m,,STORAGE_BAG,,,,,
71ZCANSMCuL,4f/4f961541.jpg,Transparente,,DISHWARE_PLATE,,Plástico,,,
71o-qCM1Y4L,87/872f5ff8.jpg,,,AUTO_OIL,0W-40,,,0W-40,
81FVl8VI19L,22/222c319a.jpg,Black Flowers,,TOTE_BAG,Black Flowers,Stainless Steel,,,
71wKYtYY0cL,94/94b8b999.jpg,Gelb,,BUCKET,Nach unten drücken.,,,,
71PAJBb7r2L,dc/dc89aee4.jpg,,,FOOD_SERVICE_SUPPLY,,,,,
914agNvFJiL,65/65f47caa.jpg,Black,,SUITCASE,Large,,,,
715W+kee2sL,e7/e7fdedaf.jpg,,,DAIRY_BASED_CHEESE,,,,,
81uB4UcOXvL,96/96ac7eb4.jpg,Walnut,,JANITORIAL_SUPPLY,,Goma,100% Carpet - Vinyl,,
71pTRAwnWbL,0a/0a5e441c.jpg,,,SHELF,,,,,
81DBsxDdqoL,ae/aecbb0f6.jpg,,,LEGUME,,,,,
51FI5n78UrL,60/608bb34a.jpg,Negro Mate,,STORAGE_HOOK,Punta circular,,,,
815mBwR+z9L,18/188d4917.jpg,,,SKIN_MOISTURIZER,,,,,
51szrPeLFQL,e1/e178ae95.jpg,,,BABY_PRODUCT,,,,,
81AWBWY8yGL,80/809e6bd6.jpg,,,SPIRITS,,,,,
7109nrkGu5L,1e/1e6baa61.jpg,,,BEAUTY,Coconut,,,,
716Ra-mANFL,be/beb8484a.jpg,,,FLAT_SCREEN_DISPLAY_MOUNT,,,,,
51f+E4fQTaL,06/06d7d414.jpg,ट्रांसपेरेंट,,AUTO_ACCESSORY,,Self Healing Silicon,,,
41qduS7Q0PL,2a/2a7780c6.jpg,white,,ACCESSORY_OR_PART_OR_SUPPLY,Case and Lightning Cable Bundle,,,,
81eG4zozFUL,07/0794fc96.jpg,Raso Elasticizzato Nero,Becca Pointed Toe Sock-style Ankle Boot,BOOT,Becca stivaletti a punta,,Tessuto,,
61SxvjKWpeL,c3/c3e3ca62.jpg,Noir (Rubb Black/Blue Revo),Istanbul,EYEWEAR,,,,,Wayfarer
713R0Z5sQaL,49/493f56b7.jpg,シルバー,,NECKLACE,,,,,
81vjwEOenNL,46/46cdc2f7.jpg,Series#5,,HAT,,,,,
A1GnGZd7yaL,c1/c19c18dd.jpg,Grey Gum,,SWATCH,,,,,
71X4qWoFQXL,6e/6e596786.jpg,,,INSTRUMENT_PARTS_AND_ACCESSORIES,,,,,
618Kworb-CL,9f/9f1f5634.jpg,,,CAMERA_LENS_FILTERS,,,,,
716VHg4MtaL,eb/eb34a6bc.jpg,,,TOWEL_HOLDER,,,,,
61FJmqhLhCL,37/379c4288.jpg,Blue,,STORAGE_BINDER,1-Inch,Polypropylene,,,
81RA6Nv6uyL,e8/e8009764.jpg,Svart,,SUITCASE,Bagageset,,,,
A1CFu-LbcIL,b1/b10358d5.jpg,Rosso Scuro,,BACKPACK,,tela,,,
91vbW8gGXGL,9c/9cbb3883.jpg,Grigio,,SUITCASE,Set da 3 pezzi,Policarbonato,,,
611cz1Yv3CL,fb/fba619b7.jpg,,,COMPUTER_ADD_ON,,,,,
81KYw7FWipL,aa/aa424105.jpg,Fresh Weave Dune,,HEADBOARD,headboards,灰石色,Fresh Weave Dune,,
81sTmhNKBAL,33/3313d73a.jpg,Charcoal/Nickel,,DRYING_RACK,Single Mat,,,,
91fFLy8FspL,6c/6cf30480.jpg,Gris,,HAT,,,70% Lana / 30% Cachemir,,
51bYjiE9qSL,f5/f5a9adf6.jpg,,"AmazonBasics Economy Toilet Seat, Elongated, White, 1-Pack",TOILET_SEAT,Economy,,,,
61xlfeAJrNL,3b/3b3b44b3.jpg,Svart,,CHARGING_ADAPTER,Enda,Silver,,,
717rCSb7rBL,c3/c3627946.jpg,Blanco,,LABEL,,,,,
81uAuJ9FQZL,83/8366a5a4.jpg,,,CABINET,,,,,
71M+CIhZu0L,f8/f8f03aab.jpg,古青铜,,ELECTRIC_FAN,0,Aleación de acero,,,
51HDZfCo8-L,98/98e18f29.jpg,Grey,,TRASH_CAN,3 Gallon,,,,
81nXI9oJzUL,c1/c1008110.jpg,,,POWER_SUPPLIES_OR_PROTECTION,,,,,
81fknmu+cEL,a1/a1e50f23.jpg,Blue,,BRACELET,,,,,
81D3mEwSHAL,81/811f4a54.jpg,Blanco,PL200-48-WHT,STRING_LIGHT,Bombilla S14,,,,
71kyvSH44SL,45/450cffeb.jpg,,,NUTRITIONAL_SUPPLEMENT,,,,,
61JkAOu0pfL,ff/ff1f5fe1.jpg,,,BRACELET,ブレスレット,ターコイズストーン,,,
719GZ8fy-NL,18/18bf60b8.jpg,Green,,MEAL_HOLDER,,Plastic,,,
31T9cPP5YuL,a1/a1f30466.jpg,,,COFFEE,,,,,
81pD1IZhXIL,4b/4beadc2b.jpg,,,POPCORN,,,,,
61HMUWSkA-L,87/876300eb.jpg,,,SKIN_MOISTURIZER,,,,,
81caZZKgtRL,34/344cb598.jpg,,,HOME_LIGHTING_AND_LAMPS,,,,,
81kDaGq46jL,19/195ae3ba.jpg,,,TEACHING_EQUIPMENT,,,,,
51EL3VG1Q2L,1f/1f90d2b4.jpg,,,CHARGING_ADAPTER,,,,,
81241rUy7EL,c7/c7e1c59e.jpg,Vino,,SUITCASE,,EVA,,,
81Qmfr2NzLL,e7/e73dc9e3.jpg,水泥色,,VASE,,,,,Round
61CLg9wIyQL,13/13a74f9b.jpg,Wijnrood,,FLAT_SHEET,Bovenlaken,katoenmix,,,
81Tn09aagHL,bf/bf83e0c7.jpg,Navy,,SUITCASE,25-inch,,Polyester,,
71AYa6FJt5L,a2/a2939df5.jpg,,,WIRELESS_ACCESSORY,,,,,
41b0PaonqzL,98/98e868a1.jpg,,,TOOLS,,,,,
81edOAMFllL,10/105e2f9b.jpg,Arena Azul Mate.,,DISHWARE_BOWL,,,,,
91BZsHptUkL,2f/2f5586bb.jpg,,,RECREATION_BALL,6LB,,,,
41mRyB1fb3L,64/64d20436.jpg,,,OFFICE_ELECTRONICS,Shredder and Lubricant Sheets,,,,
81ZPpTeSe8L,cb/cbcf9bde.jpg,Negro,,LIGHT_FIXTURE,Classic,,,,
41QYmcfgosL,b5/b5ec8b36.jpg,Black,,ELECTRONIC_ADAPTER,HDMI-DVI + HDMI Bundle,,,,
71N9ljG-d3L,7c/7c5d3740.jpg,하얀색,,STORAGE_BOX,Cajas de almacenamiento/archivo de servicio medio con tapa de elevación,硬纸板,,,
61nFprt7FPL,aa/aafe69cc.jpg,roze marmer,,PORTABLE_ELECTRONIC_DEVICE_COVER,,Kunststoff,,,
61P9BWagM6L,bd/bd9f4531.jpg,White,,STORAGE_BINDER,,,,,
61p12TYPU0L,d2/d2bb86a9.jpg,Nero,NC1303154,PORTABLE_ELECTRONIC_DEVICE_COVER,Confezione da 1,,,Single,
91KoT6AWDNL,7f/7f8c4455.jpg,,,HERB,,,,,
51xeMFgdc4L,72/726f9630.jpg,,,BREAD,,,,,
81jyiz-XJ9L,6a/6ab7c2f2.jpg,,,BABY_PRODUCT,,,,,
61ZElvRpRwL,f8/f83251d5.jpg,,,NECKLACE,ネックレス,,,,
A13kQo4TsgL,eb/eb960d27.jpg,Gris Chiné,,CABINET,,,,,
61Chy67mFpL,b0/b0a7a323.jpg,,,COMPUTER_ADD_ON,,,,,
61cnsECqtEL,e0/e0871427.jpg,Rosado,Giant Flamingo Lounge Float,WATER_FLOTATION_DEVICE,,,,,
71DbqnumMUL,a9/a96bc48d.jpg,,,INSTRUMENT_PARTS_AND_ACCESSORIES,,,,,
71Mreba+lHL,4d/4d1aa708.jpg,Black,#_Darling01W3,SANDAL,#_Darling01w3,,,,
71QmQLPoUOL,50/50ac4e7e.jpg,,,JANITORIAL_SUPPLY,,,,,
71MtT-elnTL,f1/f1b92c94.jpg,Black,,CLOTHES_HANGER,,,,,
91YSwgp24aL,70/70a0f018.jpg,ఆకుపచ్చ,,BEAN_BAG_CHAIR,సమకాలీన,లేథెరెడ్,,,Teardrop
51ck0qZdEUL,53/53b2bdaf.jpg,Cream,,FLAT_SHEET,Flat Sheet,Polyester Microfibre,,,
61JcHp-68vL,e4/e448121a.jpg,Lion 01,,SWEATBAND,,,,,
71OttNcgT8L,de/de5d2571.jpg,,,AUTO_ACCESSORY,,,,,
81shf-hUE9L,5b/5b9b7b41.jpg,天蓝色（Sky）,,UMBRELLA,,,,,
51Aq5FSNNCL,6a/6aa85ff8.jpg,,,PRINT_COPY_PAPER,,,,,
819Nm1glJgL,88/88aff1ac.jpg,donkergrijs,,FLAT_SHEET,Hoeslaken.,,,,
81redyG46GL,b7/b77ae3b8.jpg,,,ELECTRIC_FAN,,,,,
A1qEIfpmdXL,e4/e48f4786.jpg,Multicolor,,WALL_ART,Farm Supply II,paper,,,
81mF+2+E+sL,91/91a0a40a.jpg,,,FOOD_SERVICE_SUPPLY,,,,,
81Un4TNpfUL,81/8153241a.jpg,,,WALL_ART,Contemporary,canvas,,,
91rpYPg0NxL,31/31419948.jpg,,,BED,,,,,
71MWk+Jm2cL,a7/a7acf103.jpg,,,BREAD,,,,,
71qRvm+tpQL,d6/d637794b.jpg,Dark Espresso 咖啡色,,CLOTHES_RACK,,Wood,,,
61Bc9z7xQ+L,e1/e130fdcc.jpg,തവിട്ട്,Eco,ELECTRIC_FAN,Single,Mild Steel,,Ceiling Fan,
71vON7y9sCL,7a/7ae3d9a4.jpg,,,DISHWASHER_DETERGENT,,,,,
A1za96iWtAL,f8/f849ffc1.jpg,,,FLOUR,,,,,
91-TkQyg3FL,d4/d4979c1a.jpg,,,FACIAL_TISSUE,Soft Poly,,,Facial Tissue,
91e2E0qPUrL,7e/7e7dd874.jpg,navy,,COSMETIC_CASE,,涤纶,,,
91eaOI5joEL,55/55779340.jpg,Blu scuro,,SUITCASE,Blu scuro,,,,
51BRNIKQo1L,6d/6dcbdce6.jpg,Roble Salvaje,,BENCH,Modern,Roble salvaje,,,
618+7h66YgL,ba/ba6c5aa0.jpg,,,CAKE,,,,,
71T-RZSY7wL,66/661fde26.jpg,,Drepy-010,BOOT,Short-Shaft Boots,,,,
614YwqQycML,0c/0cabb184.jpg,,,SKIN_MOISTURIZER,,,,,
81KUzXPhgML,cb/cbcbadbf.jpg,Negro,,RECREATION_BALL,Square Grip,,,,
81WSsxftrKL,49/498a08e1.jpg,"Beige, Peach",,WALLET,Wallet,Other,,,
61iYzRQPdFL,2a/2aecadce.jpg,,,TOILET_SEAT,Quick-Instal Soft Close,Plastic,,,
71y3UUoc1NL,39/390b7e04.jpg,oranje,,WRITING_INSTRUMENT,Single,,,,
71vWWa9ZuUL,ba/ba6efc4d.jpg,,,NUTRITIONAL_SUPPLEMENT,,,,,
71Qy4dVaX3L,ef/ef4a0a54.jpg,Rojo,Toaster Oven,COUNTERTOP_OVEN,Horno tostador de convección,Metal,,,
71anYAgIH7L,42/42e470d0.jpg,Blanco,,DISHWARE_PLATE,,,,,
919vTrV0QhL,0c/0caf06c8.jpg,White,,LAB_SUPPLY,,,,,
41bvexFw00L,1c/1cecf5b9.jpg,,,AIR_MATTRESS,,Polyester,,,
71aCeSTbizL,7e/7e1fa11c.jpg,Mehrfarbig (Uni Stripe),3-Pack Swaddle Blanket,BABY_PRODUCT,3-Pack Swaddle Blanket,,100% katoen,,
81kTZUBpGOL,71/716da3e3.jpg,,,NUT_BUTTER,,,,,
81nY3dpZGxL,ae/aebd672a.jpg,,,ABIS_LAWN_AND_GARDEN,,Métal,,,Rectangulaire
91hSYsu6D1L,5e/5e90241c.jpg,Sea Blue,,OTTOMAN,,松木,Fabric,,
81hDwGvcF9L,a8/a8c6857e.jpg,,,PET_PEST_CONTROL,방수,,,,
A1XELjKsY4L,37/37b99de1.jpg,Acorn,,SWATCH,,,,,
71PH6QrHqEL,a6/a6e03a82.jpg,黑色,,STOOL_SEATING,Banquito para dibujar con cojín de respaldo,皮革,100% cuero pegado,,Round
71yMIhQufcL,30/30aef2ca.jpg,,,BEAUTY,,,,,
71C-1xvvEtL,0b/0becf9d4.jpg,Blau (Navy Nubuck Look),Nubuck Look,BOOT,Suede Look Chelsea Boots,Nubuck,,,
61SAouNCZtL,4a/4a7d6c99.jpg,Brushed Nickel,,LIGHT_FIXTURE,,,,,
61h6FmbIPcL,fc/fc523f19.jpg,,,WRITING_BOARD,Dry-Erase Whiteboard Eraser,,,,
91bEm0IF4xL,ea/ea4421c0.jpg,灰色,,PLANTER,,陶器,,,
71Y4FrVgUkL,04/043ebd08.jpg,Cognac,Volt,BOOT,,,,,
81d9A6sQKDL,3b/3b0942cf.jpg,,,MEDICATION,,,,,
91wlNEjMpDL,0f/0fdeb607.jpg,Vapor Grey,Men's Fitted Cap With Wicking and Built-in Headband,HAT,Men's Fitted Cap With Wicking and Built-in Headband,,100% Polyester,,
71q1sXEHLpL,6e/6e08ce6b.jpg,,,HARDWARE,,,,,
71X4a8zZQtL,16/16a0246c.jpg,Clear Lens,,BISS,R200,,,,
81Wp11RatxL,3d/3d93eb28.jpg,Lavendelkleuren,,FLAT_SHEET,Bedlaken,,,,
91C8bQiTtFL,f5/f5200d75.jpg,,,ELECTRIC_FAN,,,,,
81q5cR215tL,6d/6d2cc6b1.jpg,Brown(tan Tan),119AL0055,BOOT,Ankle boots,,,,
81U9Wr9IZRL,8a/8a6ff1f0.jpg,法兰绒,,STOOL_SEATING,,,,,
71MrTdhK9rL,7e/7e349581.jpg,തവിട്ട്,,SAUTE_FRY_PAN,,അലുമിനിയം,,,Round
61GniUZImTL,99/998969d8.jpg,,,RING,戒指,,,,
51H3hZY9duL,bb/bb23ca41.jpg,Mitternachtsblau,,ACCESSORY_OR_PART_OR_SUPPLY,,,,,
91dx2VFhVpL,f9/f99f7ec7.jpg,Black,,STORAGE_BINDER,D Ring,,,,
71yPO0euPzL,f4/f4ecb03a.jpg,വെള്ളി,,SAUTE_FRY_PAN,,സ്റ്റെയിൻ‌ലെസ് സ്റ്റീൽ,,,
51n5KNneiXL,12/12203f4b.jpg,,,FURNITURE_COVER,,Tela,,,
617CG7tW+0L,b3/b3ca4a20.jpg,,,AUTO_ACCESSORY,,,,,
61P4RbUpBOL,76/76a4648b.jpg,,,JANITORIAL_SUPPLY,,,,,
81nkYoMEVGL,54/54a692cf.jpg,,,PUNCHING_BAG,Speed Bag,,,,
81CI-bDeXkL,a3/a3a80da0.jpg,Natural,,DRESSER,1 Door 4 Drawer,Pine,,,
71MnPHbcwSL,bf/bf10c60b.jpg,Black and Blue,,EARMUFF,,,,,
71XKdPvB7sL,d2/d2ed2c9b.jpg,Níquel cepillado,,LIGHT_FIXTURE,Mid-Century Modern,Metal,,,
71y0ix0PW9L,c5/c552911b.jpg,Black,,CLOCK,,Plastic,,Wall Clock,
91FqbotvfLL,eb/eb0cf353.jpg,,,BASKET,,,,,
71vYnbYodHL,a1/a10569aa.jpg,,,EXERCISE_BAND,,,,,
81Dvi0vte5L,28/2851b795.jpg,Hoppy Frog-Periwinkle Blue,,BABY_PRODUCT,,,,,
61o48GDhMAL,a4/a4513e7e.jpg,,,SNACK_FOOD_BAR,,,,,
81w5tyITkVL,b6/b613334b.jpg,,,PORTABLE_ELECTRONIC_DEVICE_COVER,,,,,
91stmUWKlfL,87/87e7e34f.jpg,,,FRUIT,,,,Raisins,
51WQVMuSBEL,c9/c9641303.jpg,,,PACKAGED_SOUP_AND_STEW,,,,,
51WIZX6pCvL,5b/5b0eb575.jpg,Black,23,SCREEN_PROTECTOR,,Tempered_Glass,,,
71I1z5usxnL,1c/1c465499.jpg,Blanco,,FOOD_PROCESSOR,,,,,
91eQfC+wA6L,e7/e75ff987.jpg,,,SUITCASE,,,,,
91bKsKtBpDL,a8/a8b33b1a.jpg,Orange,Animal Figures,TOY_FIGURE,,,,,
51B4JRJatxL,67/67c1ebff.jpg,,,SKIN_CLEANING_AGENT,,,,,
81KctBuCI6L,c6/c663d682.jpg,,,SCREWDRIVER,,,,,
41HxC9iabdL,a6/a610b523.jpg,,,PORTABLE_ELECTRONIC_DEVICE_COVER,Travel Case + Hard Drive Case,,,,
71Ym3la1SQL,f7/f7c5d1fd.jpg,,,PAPER_PRODUCT,A4 - 75 GSM - 500 Sheets,paper,,,
71ZpDPNVICL,57/57312e71.jpg,,,SKIN_CLEANING_AGENT,,,,,
81NxIifI0vL,69/69ef1756.jpg,Beige/Nero,,DRYING_RACK,2 tappetini,Plastica,,,
61rJ9KX7xjL,dd/dd90b8eb.jpg,మల్టీ,SOL-HD-57,STICKER_DECAL,,PVC Vinyl,,,
61dbngRDGHL,8c/8cd80201.jpg,,,WASTE_BAG,,,,,
61Q2K61IgCL,ad/ad7cc281.jpg,,,INSTRUMENT_PARTS_AND_ACCESSORIES,,,,,
71h95MwfdiL,b1/b1313e79.jpg,Silver,,JAR,,Stainless Steel,,,
91LqZTNH2AL,1b/1bd747ad.jpg,Iris,,HAT,,,70% Lana / 30% Cachemir,,
91kF6Wd4ZkL,9c/9c7f1a9c.jpg,Multicolor,,WALL_ART,Contemporary,paper,,,
71MEH2AIyaL,86/86d3ca7c.jpg,Black,,CLOTHES_RACK,Single,,,,
71Yz+wyAtVL,c5/c5d89b7f.jpg,,,VASE,,,,,
61G0IQq-OaL,97/97fa6074.jpg,Oil Bronze,,LOCK,Standard,,,,
81nSGY2cTDL,97/972a4c59.jpg,,,SAUTE_FRY_PAN,Frying Pan,,,,
91uuRT5z-HL,66/66709991.jpg,Multipack (5-Color),,THERMOPLASTIC_FILAMENT,1-Pack,Thermoplastic Polyurethane,,,
61W0qPr1eoL,c1/c1c16bf1.jpg,Satin Nickel,Traditional,TOWEL_HOLDER,Traditional,Zinc,,,
51MwOctT6zL,a6/a6646efa.jpg,,,VITAMIN,,,,,
71bEwywWX6L,a3/a3e5679c.jpg,Espresso,,DRESSER,6 Drawer Dresser,Engineered Wood,,,
71vgdx9KPrL,4e/4ec98739.jpg,Clear Colors,"Guitar Picks, Clear Colors, PC",INSTRUMENT_PARTS_AND_ACCESSORIES,Guitar Picks,,,,
61ohZ8FAxzL,d8/d81be01d.jpg,,,JANITORIAL_SUPPLY,,,,,
515LG2oiTbL,74/743fa6c2.jpg,,,BATTERY,,,,,
71FuZQaVkDL,a1/a167af6f.jpg,,,FOOD_SERVICE_SUPPLY,,,,,
71JvBskZedL,b5/b5364997.jpg,,,VEGETABLE,,,,,
71hrSk7cIUL,d7/d731dd95.jpg,wit/eiken.,,DESK,Scandinavisch,Holzwerkstoff,,,Rechteckig
91t1ZE-Tc4L,f5/f5c7fc2f.jpg,Multicolor,,WALL_ART,Contemporary,canvas,,,
61waGEhvdkL,76/7693bf70.jpg,,,WIRELESS_ACCESSORY,,,,,
716GYlEImWL,49/495bc853.jpg,1 Pair Blue/Gray Stripes,,HAT,,,,,
61u8ikHgEhL,7a/7acfcc97.jpg,ブラック,,TOOTHBRUSH_HOLDER,歯ブラシスタンド,,,,
41X5uah0H5L,7f/7feb43ca.jpg,,,ABIS_ELECTRONICS,,,,,
913uUiOfAaL,32/325f8847.jpg,,,VITAMIN,,,,,
41ivk9FGYcL,36/3613cfb5.jpg,Blue,,EXERCISE_MAT,Yoga Mat and Blocks,,,,
61d4-CctYJL,56/56114baa.jpg,Gray,,BODY_POSITIONER,Paneled,,,,
710J-F6PLfL,41/41bbe1be.jpg,,,CLOTHES_HANGER,Aufhänger,,,,
61SKBDUQKIL,ee/ee0e51a2.jpg,Grau,,OTTOMAN,,,,,
81F3fihKZZL,4a/4acc4d8c.jpg,Grey,,JANITORIAL_SUPPLY,,,,,
71y0oB89qpL,91/911ddc34.jpg,,,FAUCET,,Brass,,,
71xLOci8SvL,38/3850b459.jpg,블루,,FLAT_SHEET,床笠,棉,면 100%,纯色,
81EdA+eEEfL,5d/5d52c336.jpg,Stainless,"Stainless Steel 2Mm Curb Chain Necklace, 24""",NECKLACE,,Not applicableNot applicableNot applicableNot applicable,,,
51XX4ofKhGL,13/13e2c1d9.jpg,,,COFFEE,,,,cápsulas de café,
610AiTPYGRL,44/443b7a40.jpg,Walnut,,STORAGE_HOOK,Sencillo,,,,
71hWqHW1tcL,02/0218c159.jpg,亮镀色（Polished Chrome）,Modern,TOWEL_HOLDER,现代,아연합금,,,
81bXxcgbu5L,37/371e755e.jpg,പച്ച,,MEAL_HOLDER,,പ്ലാസ്റ്റിക്,,,
61sogyYmzPL,e1/e13181af.jpg,,,SCREEN_PROTECTOR,,Vetro temperato,,,
714bBC+yA1L,0e/0e635bf0.jpg,,,DAIRY_BASED_DRINK,,,,,
91Vwxd3j1bL,fc/fcf2decd.jpg,,,WRITING_INSTRUMENT,Jumbo,,,,
51DWs81IX1L,08/089a47c7.jpg,,,BATTERY,,,,,
51ARlzhwKCL,b7/b78d1118.jpg,,,BATTERY,単3形12個パック,,,,
61GEELedlaL,c5/c53e1c65.jpg,,,BISS,,,,,
81DnkpASVuL,ec/ec151093.jpg,,,DRINKING_CUP,,,,,
71tMG+YccUL,17/17710b48.jpg,बहु(मल्टी),,STICKER_DECAL,,PVC Vinyl,,,
61EJUbgIgpL,92/92e0cc1c.jpg,Bianco Alpino / Bianco Lucido,,DRESSER,cassettiera,Legno ingegnerizzato,,,
71aX9Tkps4L,c4/c4f49c06.jpg,黑色,,ELECTRIC_FAN,0,木头,,,
81EppY5e3wL,86/86088c4d.jpg,,,AUTO_ACCESSORY,,,,,
618sOwErRzL,c0/c00b428c.jpg,svart,,LOCK,Med 5-siffrig kodkod,,,,
91HkYE9gfWL,b4/b4f5558b.jpg,,,COFFEE,,,,,
71e3CAvhLnL,9c/9cd57dfc.jpg,White,S9P717O300,HOME_LIGHTING_ACCESSORY,,,,,
91Kf2k4BDhL,8a/8ae85fa6.jpg,Black,TV Wall Mount,FLAT_SCREEN_DISPLAY_MOUNT,Flat to Wall,,,,
81YVVnvY-aL,41/4199ed98.jpg,,,ENVELOPE,,,,,
61pZs6k6xNL,43/43b5a252.jpg,Navy Blue,,SUITCASE,28-inch,ABS+PC,,,
71RkJwomB8L,b6/b6b0a383.jpg,黑色,WD-15UA,WATER_PURIFICATION_UNIT,16000 galones.,"5 Stufen in 1 Filter, Blei und Fluorid Entfernungsfilter.","【Ultra-long service life】When used with municipal water, each filter has a maximum service life of 24 months or 16,000 gallons. (This may vary based on water conditions.)",,
61HulPfa3vL,30/3099a1e6.jpg,,,PLUMBING_FIXTURE,,,,,
41y0cESBpvL,5c/5cc0fb36.jpg,Gray Blue,,FLASH_MEMORY,,,,,
51eUvVhHH1L,17/1710cb18.jpg,,,RING,リング,,,,
51x5bYyifvL,fc/fc892362.jpg,,,BEAUTY,,,,,
61FRlFlkFHL,35/35a1cfc7.jpg,,,SECURITY_ELECTRONICS,,,,,A sfera
61TAIMk9f+L,50/50c3e9cf.jpg,ブルー,,BRACELET,ブレスレット,,,,
71HTSc9dMDL,48/489aa38a.jpg,,,FOOD_SERVICE_SUPPLY,,,,,
51O1nk6278L,2a/2accb6cd.jpg,,,COMPUTER_COMPONENT,,,,,
71ZIGDUzEjL,bf/bf37103b.jpg,古铜色,,LIGHT_FIXTURE,Flushmount,玻璃,,,
81Ue5iovvCL,0b/0b7cd326.jpg,Walnut,,JANITORIAL_SUPPLY,3/8 inches - Thick,Rubber,100% Carpet - Vinyl,,
71IIEpO6h2L,03/0380269a.jpg,నలుపు,SOL-HD-CLOCK-114,CLOCK,,ప్లాస్టిక్,,Wall Clock,
71qzP-ulxjL,ff/ffdf19dd.jpg,,,OFFICE_ELECTRONICS,,,,,
51GTrbChgEL,e8/e81de0c7.jpg,,,COFFEE,,,,,
81MyL9f2FCL,8a/8a20076b.jpg,Pumpkin,,COFFEE,,,,,
61fwVMFKjJL,9a/9a8020e3.jpg,Nero,,WAIST_CINCHER,,,,,
81mbsg8pzfL,72/72f95dff.jpg,,,WRENCH,,,,,
81LotAmXEPL,34/346822c5.jpg,grijs,,STORAGE_BAG,,,,,
91lYnW6ttfL,73/73ad216c.jpg,,,LEGUME,,,,,
71EEJDaUW-L,c6/c68cd0b2.jpg,,,TOOLS,,,,,
71CceWcmEVL,d9/d940fbb1.jpg,Gris Deux Paquets,,COSMETIC_CASE,,,,,
717vCcsAAKL,3b/3b6a0781.jpg,שחור,,LIGHT_FIXTURE,Modern,معدن,,,
611Cdsa0FZL,71/715dd99d.jpg,,,RING,リング,,,,
61k6Y2hidvL,a0/a03d763f.jpg,,,BEAUTY,,,,,
71UWZ8ZU-6L,d5/d5e26e16.jpg,Grey,,CABINET,Bathroom Cabinet,Wood,,,Rectangle
61ZMTQeSewL,e1/e11b6cc8.jpg,Giugno Boy,Ragazzi - Giugno,FINEOTHER,Ragazzi - Giugno,Oro,,,
816BDzt+9RL,da/daa38901.jpg,,,LEGUME,,,,,
71C5+-KnbjL,9a/9a77eadb.jpg,Grey,Um1359,BOOT,Um1359,,,,
71fRUBwz5QL,cf/cfc89d58.jpg,Verde,,EXERCISE_BAND,,,,,
81eMULYN7vL,9a/9ab12d3c.jpg,青铜色,,LIGHT_FIXTURE,嵌入式支架,玻璃,,,
81M2-ARwqxL,9b/9b9a334d.jpg,红色/蓝色,,BISS,,塑料,塑料,,
71QSVZpBk9L,db/db96ec4c.jpg,,,SKIN_CLEANING_AGENT,,,,,
811g-H97AgL,9a/9a8d41e3.jpg,Matte Black,,LOCK,Contemporary Square,,,,
81SEZh6b4GL,32/327a489e.jpg,Matte Navy,,DUTCH_OVENS,,,,,
61K6s+8CoeL,24/245e7ec8.jpg,,,PLUMBING_FIXTURE,,,,,
A1tSJH0clxL,09/09d3b628.jpg,Ivory,,PILLOW,,Plush,,,
81hXFYwXL8L,63/631e5c52.jpg,Black,,SAFETY_SUPPLY,,,,,
917cVqmygiL,16/1613d48a.jpg,Grey Dusted Metallic,Lyle1w4001a,BOOT,Ankle Boots,,,,
613ja0RvxAL,c8/c8754b9e.jpg,,,COOKIE,,,,,
81oeTv1GevL,b7/b7e4c298.jpg,,,VACUUM_CLEANER,,,,,
917LaD6E21L,15/159a25c1.jpg,,,SAFETY_SUPPLY,,,,,
81Hy47jUIIL,c2/c26c3fc3.jpg,,,BISS,Laser 50 m,,,,
71m47KRWUJL,d2/d2a5bb28.jpg,black,,JANITORIAL_SUPPLY,,,,,
61xbxpmdTbL,28/284de31b.jpg,,,BREAD,,,,,
81G9tz1v8EL,4a/4a89fc29.jpg,,,SNACK_CHIP_AND_CRISP,,,,,
91fkqyEo8RL,f3/f3f88b7b.jpg,,,TEA,,,,,
71s-hPr8p6L,6f/6f1f967c.jpg,,,NETWORKING_DEVICE,,,,,
71qFo8Be-7L,f9/f96d14b4.jpg,,,NUTRITIONAL_SUPPLEMENT,,,,,
81Phi3ljUvL,61/61f4122e.jpg,,,PERSONAL_COMPUTER,,,,,
71r5-nS3uVL,02/02aff15b.jpg,,,LEGUME,,,,,
81nzW9EpqYL,29/293bdcd7.jpg,Marrón Chocolate,Ethan,BOOT,Botines Jodhpur,,,,
61dnRndtxSL,1b/1be23d64.jpg,White,,DRESSER,6 Drawer Dresser,Engineered Wood,,,
51kAzk0GRyL,36/368645cc.jpg,,,VITAMIN,C with Rose Hips + D3 (125 mcg),,,,
71DJl6Tj1GL,f4/f408582a.jpg,,,VITAMIN,,,,,
61IyMDvVveL,9f/9f93fd82.jpg,,"Whole Foods Market Warm Bourbon Vanilla Candle, 10 Ounce",CANDLE,,,,,
61YXyzj8qLL,05/05f054ea.jpg,Gris,,WIRELESS_ACCESSORY,1 pièce,,,,
71IGbEb9RrL,ee/ee7be6e3.jpg,,,EDIBLE_OIL_VEGETABLE,,,,,
81wGwEuYNFL,4e/4e028509.jpg,Plateado,,LAUNDRY_HAMPER,Organizador con cestas deslizantes de malla,,,,
61NRIIFxwZL,f0/f0882d27.jpg,Nickel plated finish,,HARDWARE_HINGE,,,,,
810ZAnSHE0L,2b/2bbf9773.jpg,Silver Border,,LABEL,,,,,
715Tl4Ym7uL,03/037642d6.jpg,Gold,,LIGHT_FIXTURE,,,,,
91LOH3hxpWL,ff/ff265354.jpg,,,PORTABLE_ELECTRONIC_DEVICE_COVER,,,,,
618f2YLi1mL,d5/d5ed110a.jpg,,,TEA,,,,Tea Pods + Cocoa Pods,
8175R1ZZFUL,7b/7b612bec.jpg,Rosado,,PORTABLE_ELECTRONIC_DEVICE_COVER,"iPad Pro 12.9""",,,,
71cRYqGyvmL,77/771c4706.jpg,,,DAIRY_BASED_DRINK,,,,,
71jWNoByGyL,65/65456d11.jpg,Cognac,Ibita,BOOT,Ibita,,Tomaia: 100% Poliuretano,,
61C6AAMGEDL,af/af6e6811.jpg,Marfil,,CLOTHES_HANGER,,,,,
910qZdArE7L,09/0988480d.jpg,2 Compartiment/Xl,,LAUNDRY_HAMPER,,Tissu,,,
713s0DZ3kuL,b5/b5d0634d.jpg,,,CLEANING_BRUSH,,,,,
61WGsEpPUNL,db/dbce4029.jpg,黑色,,PLANTER,,木头,,,
61gdJEtk96L,06/06bd1cfd.jpg,navy,,UMBRELLA,,,,,
71gVkq7EQLL,bf/bf3df55a.jpg,,,FOOD_SERVICE_SUPPLY,,,,,
91AAEjzPHaL,81/8129759a.jpg,,,SAFETY_SUPPLY,,,,,
7190mDtSDWL,85/8543872e.jpg,,,VEGETABLE,,,,,
71oIgDM-ybL,b9/b9808491.jpg,Dorado,,FLATWARE,Estilo moderno,Metal,,,
61kkQ2LUrOL,b7/b7727f46.jpg,Black,,DRESSER,3 Drawer,Engineered Wood,,,Square
A1jUd+kQFVL,83/83082d1d.jpg,Teal,,PILLOW,,,100% Polyester ,striped,square
81wlfV3+XIL,89/89d045ae.jpg,炭黑色,,OTTOMAN,,皮革,,,Square
51QOFQCe9lL,a2/a2e30072.jpg,,,COFFEE,,,,,
81qJ7W3f5uL,94/94455550.jpg,donkergrijs,,FLAT_SHEET,Sateen Flat Sheet,,,,
71KBbwT4xnL,51/51a61eeb.jpg,,,VASE,,炻器,,,
71qgBxx1WhL,9a/9a45c135.jpg,金色，白色,,BOTTLE_RACK,,木头,,,
51w+0e-eqdL,64/6413dff4.jpg,Green / Yellow,,WIRELESS_ACCESSORY,,,,,
91YCEWggeVL,52/52ed944f.jpg,,,PUNCHING_BAG,Bolsa de velocidad con recortadora amarilla,,,,
81we-j7l7XL,18/18bb7eeb.jpg,Black,,FLAT_SHEET,Sateen Flat Sheet,,,,
610CAW0IYlL,fd/fd0f3a03.jpg,Black 05 V1,,HAT,,,,,
61rXz60zVtL,7c/7c3ddaa6.jpg,Crystal,10K Gold Made with Swarovski Birthstone Stud Earrings,FASHIONEARRING,April,metal,,,Round
613QoBalWYL,a5/a54386b7.jpg,,,NUTRITIONAL_SUPPLEMENT,,,,,
81b+DWFm0pL,83/8387bd83.jpg,Charcoal/Black,,DRYING_RACK,Single Mat,,,,
81QypbYj7iL,e8/e8fc3ed5.jpg,Violet,,SUITCASE,Belltown Quilted Softside Spinner,Polyester,,,
81BQvu6xHfL,66/66cb7b10.jpg,Black,,COMPUTER_COMPONENT,1-Pack,,,,
81RsIz8pS2L,a0/a0b8d874.jpg,,,COFFEE,Fair Trade Sumatra,,,,
71KGx6i9O7L,5d/5d0763a8.jpg,,22784,HAT,Baseball,Cotone,,,
71TG2fgzfML,48/48891d34.jpg,,,FOOD_BLENDER,Con archivos adjuntos,,,,
81f9hqL8B7L,a5/a5d5698f.jpg,,,DAIRY_BASED_CHEESE,,,,,
71rzeiOonuL,49/493445c7.jpg,Grau,Ravenna,FURNITURE_COVER,,Kunststoff,polyester,,
91VJwLlGYML,65/6573393a.jpg,gris,,SAFETY_SUPPLY,,,,,
81z56WbiPlL,e3/e3c86b4b.jpg,Crema Romero,,HEADBOARD,Clavos,Stone,,,
51jK+O+x1JL,18/18bdbbfb.jpg,,,SKIN_MOISTURIZER,Sunscreen + Cleansing Wipe,,,,
81weCLJbRuL,e8/e8f907bf.jpg,,,VITAMIN,,,,,
612bQoIAlRL,ed/ede2c17d.jpg,00651#khaki,,HAT,,,,,
91LJs0oNg8L,70/70c08fb6.jpg,Brown,,DRESSER,4-Drawer Chest,松木,,,
71w2WTycjwL,73/7346ebc8.jpg,,,CABINET,,,,,
718cUNHfVQL,9e/9e7de787.jpg,,,RING,,,,,
A12yeRLIVIL,6a/6a7ca24e.jpg,Sand,,STOOL_SEATING,Hogan,,,,
81y92gPybhL,7f/7f305250.jpg,Rojo/Negro,,JANITORIAL_SUPPLY,,Goma,100% Carpet - Vinyl,,
81XEPquUw3L,0c/0c4b9342.jpg,കറുപ്പ്,SOL-HD-CLOCK-118,CLOCK,,പ്ലാസ്റ്റിക്,,Wall Clock,
71ZqzkbnC6L,ba/ba9731ee.jpg,,,DAIRY_BASED_DRINK,,,,,
81XlmOnMDEL,2e/2ea3b2fb.jpg,,,BEAUTY,,,,,
B1SLxBh1vqS,45/453f50fb.jpg,Black,,WALL_ART,Black,,,,
81PKaYGgFwL,16/16105eac.jpg,Cruz V2 Fresh Foam,,OFFICE_ELECTRONICS,distruggidocumenti,,,,
81qL41eSQsL,5b/5bfdfac4.jpg,Black,,FOOD_SERVICE_SUPPLY,Modular Solid Deck - Rubber,,,,
61mqsjO3fsL,5f/5fc136ba.jpg,Quercia Sonoma,,DESK,Moderno,legno_composito,,,
71lE6+NesnL,b2/b2d86c35.jpg,,VITALIA Spumante,WINE,,,,,
71lSfQ6fRtL,8f/8fac219d.jpg,,,HERB,,,,,
91hKvhzJDGL,50/50047268.jpg,Black,,COSMETIC_CASE,,Nylon,,,
61RDv9jADqL,9a/9a9d81c7.jpg,,,ABIS_DRUGSTORE,,,,,
514HyErAvZL,b6/b68951df.jpg,,,NECKLACE,ネックレス,,,,
91xfnmMKNvL,85/85a32a98.jpg,,,HERB,,,,,
81kRYbBK3bL,5f/5f472a9b.jpg,,,TOOLS,,,,,
51mN+iIrHHL,65/65ce386e.jpg,,,NUTRITIONAL_SUPPLEMENT,,,,,
51xfn2tM2dL,0e/0e6ab6af.jpg,,,NUTRITIONAL_SUPPLEMENT,,,,,
518h+B2c1WL,95/958b2178.jpg,Blanco,,PLANTER,Fanático,,,,
618Mz3zMuSL,4a/4a52f880.jpg,,,TEA,"Jasmine Green Tea Bags, 20 Count",,,,
81k8JaYtQUL,90/905deb37.jpg,Grey,,WINDOW_SHADE,,Polyester,,,
91O3hMRhdxL,5f/5f38ffee.jpg,Blue,,SUITCASE,"24"" Abs Luggage",,,,
61ZDWfXB7hL,e5/e544eb91.jpg,Cepillado inoxidable,,LIGHT_FIXTURE,Espátula para masilla flexible,Vidrio,,,
51vFyctNYsL,1c/1c3b9aa9.jpg,Matte Black,,STORAGE_HOOK,,,,,
71quNan0HOL,30/30606b86.jpg,Beige,,HEADBOARD,,Polyester,,,
81KN8OKUu0L,8e/8ec79402.jpg,തെളിഞ്ഞ,,JAR,,പ്ലാസ്റ്റിക്,,,Square
71jl1Y6SmIL,bd/bd48743b.jpg,,,WILDLIFE_FEEDER,,,,,
51Jl4F7E0pL,9d/9d46c568.jpg,ホワイト/グレー,,WIRELESS_ACCESSORY,,シリコン,,,
81WR+Hzs8nL,d6/d690c0bf.jpg,"S, Candied Citrus. 100% Arabica Coffee.",,COFFEE,,,,,
617JcpbxZML,d4/d40dd527.jpg,,,CAMERA_OTHER_ACCESSORIES,,,,,
51p3jUXCIvL,00/00962759.jpg,ट्रांसपेरेंट,,AUTO_ACCESSORY,,Self Healing Silicon,,,
91t1EYj8xfL,5c/5c2d0cdd.jpg,Marineblauw,,SUITCASE,"55 cm, 68 cm, 78 cm set",,,,
71euyngAENL,4d/4d802ee9.jpg,Transparente,,PITCHER,set de recipientes para bebidas,,,,
71fK+5Uu80L,b0/b09faa18.jpg,,,WOUND_DRESSING,Self-Adhering,,,,
91RlU2E3bpL,49/49c89a2b.jpg,Orange,,SUITCASE,"3-Piece Set (20"", 24"", 28"")",ABS,,,
811GY8Lm8xL,1b/1ba97fe1.jpg,,,PANTRY,,,,,
51Sa6GDh8oL,b7/b7df7935.jpg,Stainless Steel,,FOOD_SERVICE_SUPPLY,Pizza Cutter,,,,
51GBosX5y1L,09/09984e9d.jpg,Noir,,COSMETIC_BRUSH,,,,,
81Xz54pK7oL,a5/a509c5cf.jpg,,,POWER_SUPPLIES_OR_PROTECTION,,,,,
71YA3mLHqUL,c6/c69787f1.jpg,,,SHAMPOO,,,,,
71tY84nPXnS,ca/ca061f93.jpg,Merba,,DRESSER,,,,,
51Eq1jwL0SL,56/563b1e18.jpg,Grey,,TRASH_CAN,3 Gallon,Plastic,,,
81U5mAEWxNL,bd/bd64b80c.jpg,रुपहला,,JAR,,स्टेनलेस स्टील,,,Cylindrical
611WiNrfYFL,ad/adc902d1.jpg,,,TEACHING_EQUIPMENT,GAMES & PUZZLES,rubber wood,,,
91rHrY-drdL,aa/aae6ffcc.jpg,light green,Marled Beanie,HAT,Marled Beanie,Cotton,"60% Cotton, 30% Nylon, 10% Wool",,
71Ga2lJ7BjL,af/afd02de0.jpg,YELLOW,,BUCKET,,,,,
71yZvwJM6mL,32/325dca5e.jpg,7.9 inch iPad Mini,,SCREEN_PROTECTOR,Potrait,,,,
51luatSjRmL,88/88d44302.jpg,Bungee,,AUTO_ACCESSORY,,अन्य,,,
919LCHSP3-L,e3/e3aaad04.jpg,Gris Foncé,,LAUNDRY_HAMPER,Double,,,,
51xayqKy1uL,73/73ed9fb9.jpg,透明,,BRACELET,手链,,,,
51aVlU4tvkL,ef/ef3975e5.jpg,ग्रे(स्लेटी),,PORTABLE_ELECTRONIC_DEVICE_COVER,"iPad 10.5""",,,,
61Zw+7rvoGL,d6/d68fef53.jpg,,,HONEY,,,,,
81Y0fPglZyL,2f/2f3b4634.jpg,블랙,,STOOL_SEATING,0,金属,,,Square
71d7Fh3VHkL,34/346e0730.jpg,Brown (Tan Suede),DREPY-001,BOOT,Leather Chunky Gumsole Chelsea Boots,,,,
71pXGNP4-iL,2a/2a0ed0ca.jpg,ಕಪ್ಪು,,SAUTE_FRY_PAN,,ಅಲ್ಯೂಮಿನಿಯಂ,,,
71NVcK00LUL,2a/2a225959.jpg,,,NECKLACE,ネックレス,,,,
81AWsVKqnjL,1f/1fd522bc.jpg,Match Coral/White,Girls' Mesh-back Trucker Cap,HAT,Girls' Mesh-back Trucker Cap,,100% Polyester,,
61uRtZ+ws2L,3e/3e8ec376.jpg,,,PROTEIN_SUPPLEMENT_POWDER,,,,,
81zmrD7YH8L,2c/2c20f40e.jpg,Brown (Brandy Brandy),HALLAM,BOOT,Hallam,,,,
7183A1n80FL,ff/ff1e125f.jpg,Black,,STORAGE_HOOK,Hook Rack,,,,
61smqwxPpEL,d6/d68b68d5.jpg,Black,,HEADPHONES,,,,,
71-OQ6eB0rL,8e/8e01d792.jpg,,,MULTIPORT_HUB,7-Port USB 2.0,,,,
61VoXxVFPNL,16/16af2f47.jpg,Blanco Y Efecto Hormigón,,CABINET,Mueble de baño,Madera,,,
91or+mTVQHL,96/960ce3dc.jpg,Black,,GPS_OR_NAVIGATION_ACCESSORY,Travel Case,,,,
41bfBwZ-OiL,5a/5a2da370.jpg,Multi,,AUTO_ACCESSORY,48 Stück + Resin Polish 325ml,,,,
71hjx5YLOoL,28/288bd440.jpg,,,BOTTLE_RACK,,,,,
91SQzbCIcSL,48/48ee80a9.jpg,,,STEERING_WHEEL_COVER,,,100% Cotton,,
41WQJlrXXNL,5a/5a5daf32.jpg,,,NECKLACE,ネックレス,,,,
71H1s505BaL,8f/8f8d068b.jpg,黑色,,STOOL_SEATING,Taburete de dibujo con reposapiés,皮革,,,Round
811TcLCLSbL,7a/7a838258.jpg,Gray,,BATTERY,AA,,,,
91UIrrdkYNL,75/75136c74.jpg,Azul (azul cielo),,STORAGE_BAG,"Juego de 4 cubos de embalaje, tamaño mediano",Poliéster,100 % Poliéster,,
91Oe0MFYqWL,63/63bc98c5.jpg,Black,,CE_ACCESSORY,,,,,
41xMPvfeLvL,1d/1d1ef835.jpg,Black,,CABINET,,Particle Board,,,
81cqnth+k4L,08/08c511fe.jpg,Assorted colours.,,FILE_FOLDER,2 Taschen mit 3 Löchern,Kunststoff,,,
71m-1uGomLL,2a/2a61db09.jpg,Beige,,CLOTHES_HANGER,,,,,
71VzY48oRBL,cb/cbc9a37b.jpg,,,BATTERY,,,,,
81o4oqsJKsL,53/53785ee0.jpg,Bronceado,Malta,BOOT,Malta,,100 % gamuza,,
61MIlK2YQ9L,65/656dac67.jpg,Silberfarben,,WIRELESS_ACCESSORY,"1,82 m",,,,
71NPO96NnRL,e1/e15f400a.jpg,,,CANDY,,,,,
61fHeYNLEHL,9e/9e863e7b.jpg,Rote Früchte & Aloe Vera,,ABIS_DRUGSTORE,dames.,,,,
71sR5UpSI8L,ac/acb830a1.jpg,Negro,,HEADPHONES,Estándar,,,,
91U0weri+NL,7e/7e909279.jpg,,,HERB,,,,,
61YEthpA0CL,d7/d7f36556.jpg,Multicolour,,BOTTLE,,Plastic,,,
91YzWMw-G1L,6d/6df493a2.jpg,Multicolor,,WALL_ART,Antique,paper,,,
813MehaJOhL,72/7264996e.jpg,블랙,,PORTABLE_ELECTRONIC_DEVICE_COVER,灰色内部,,,,
81UxbPxc+tL,2e/2e449f44.jpg,イエロー,,PRINT_COPY_PAPER,レター,,,,
91q3DDlqKNL,51/5163c3e7.jpg,Neon Green,,THERMOPLASTIC_FILAMENT,1-Pack,,,,
61Nv+deQnvL,29/2914f58c.jpg,Röd,,WALKING_STICK,,aluminium,,,
71Wo-V+zcIL,7e/7e95b18f.jpg,,,PROFESSIONAL_HEALTHCARE,,,,,
61mc3hXbCeL,03/03ee8267.jpg,Kleur: wit,,FOOD_SERVICE_SUPPLY,Bestek,,,,
71iBOD1bbgL,08/088f88e6.jpg,,,TOILET_PAPER_HOLDER,拉丝钢,钢铁,,,
51J4LyRqm4L,f7/f7a7dfc5.jpg,,,LAUNDRY_DETERGENT,Libre transparente,,,Laundry Detergent Pacs + Trash Bags,
61GbmhsR0FL,2d/2da2c050.jpg,,,VEGETABLE,,,,,
618d07+wLGL,ea/eaa43b7a.jpg,,,AUTO_ACCESSORY,,,,,
61KL2vTOVuL,86/86f13ba8.jpg,,,CLEANING_BRUSH,Rustico,Metallo,,,
91zEgZ7Z+nL,03/03b02925.jpg,鞍棕色,,OTTOMAN,,皮革,,,Rectangular
81pwCSqeBOL,3f/3facae68.jpg,레드,,STOOL_SEATING,,Madera Noble,,,Square
81ZpW-fiTBL,cf/cf9ee727.jpg,,,PRETZEL,,,,,
91i9jGHk3eL,3d/3d396989.jpg,,,OUTDOOR_RECREATION_PRODUCT,,,,,
71j3PEXS0RL,b2/b289ed0f.jpg,블루,,STOOL_SEATING,,,,,Square
51wBmkKqR1L,4d/4d806304.jpg,灰色（Brushed Nickel）,,LIGHT_FIXTURE,,,,,
61XhZkPfSaL,af/af5a4a54.jpg,Janaury Boy.,Garçon - Janvier,FINEOTHER,Garçon - Janvier,Doré,,,
712ZiNFeo5L,4c/4c50ebff.jpg,Negro,,ELECTRONIC_ADAPTER,,,,,
71vmNSTQ6uL,f0/f0335ffa.jpg,Blau,,VASE,,,,,
71JaE2d3BNL,9f/9f7d0fe3.jpg,Multi,"Two row Gold Filled chain and Multicolor Tourmaline beads Necklace, Top row: 17.5"", Bottom row: 18""",NECKLACE,,metal,,,
91nl9xI6PrL,73/7349c222.jpg,Gris,,BED,,涤纶,,,
51PsulwP8AL,46/46aa04e2.jpg,,,PHONE_ACCESSORY,,,,,
71L2Lkm3+XL,9a/9a70514b.jpg,,,COOKIE,,,,,
81jrQ2mPQ4L,fb/fbb26442.jpg,schwarz,100% Premium Cashmere Jersey Beanie,HAT,100% Premium Cashmere Jersey Beanie,Kaschmir,100% Cashmere,,
512136pGAVL,63/6308b50b.jpg,,,VITAMIN,,,,,
81AHf9mU4oL,f4/f4618d0e.jpg,,,LEGUME,,,,,
81I5-r83I9L,4e/4e7f2424.jpg,,,LEGUME,,,,,
71lOEo9IcXL,7d/7de8b9bf.jpg,,,TOOLS,,Alloy Steel,,,
618p4SuhIbL,bf/bfae8a38.jpg,,,NUTRITIONAL_SUPPLEMENT,,,,,
71qn9ILU+sL,d0/d0f3d7bc.jpg,eiken imitatie,,SHELF,Boekenkast,Holzwerkstoff,,,
511wjLtTWeL,85/85896fb2.jpg,Bronzo Lucidato Effetto Anticato,,TOWEL_HOLDER,Classico,Metallo,,,
81cxXR-ClRL,27/27eff3e6.jpg,,,HERB,,,,,
71wBbXF827L,5c/5cbbfe3c.jpg,그레이,,DESK,书桌,,,,
81lRgGOHBbL,f1/f118e8fe.jpg,,,NUTRITIONAL_SUPPLEMENT,,,,,
81gbT02PqDL,06/068acd60.jpg,,,HERB,,,,,
813BfuCZ5GL,8a/8ac6eaec.jpg,,,TOOLS,,,,,
B19rT5hdcaS,2b/2b5523be.jpg,Benavento Stone,,SWATCH,,,,,
51Z2XGnKeML,5a/5a88ac29.jpg,,,PACKAGED_SOUP_AND_STEW,,,,,
717qRte0PRL,c7/c7bbb5fd.jpg,,,MOUTHWASH,,,,,
71sby0V9W3L,dd/dd94697b.jpg,Purple,,MUSCLE_ROLLER,36-Inch,,,,
A1xj3Bbd97L,8e/8e7fc656.jpg,Red,,WALL_ART,Contemporary,canvas,,,
81Md0gkujYL,ed/ed724367.jpg,,,BATTERY,,,,,
81LiWcbDO2L,38/38699ab5.jpg,Noir,,MICROPHONE,,,,,
71iHahbaofL,47/476e70e1.jpg,灰色（Brushed Nickel）,,ELECTRIC_FAN,0,木头,,,
61uNGtrc7UL,36/36c250da.jpg,,,PANTRY,Pannolini,,,,
61yXUbLj6gL,0d/0d5c21a0.jpg,White,,LABEL,,,,,
71J9xEcSExL,88/88cd749f.jpg,블랙,,LIGHT_FIXTURE,Colgante con 4 luces,Metall + Glas,,,
81b8MZUrc2L,df/dfeed96f.jpg,,,DAIRY_BASED_ICE_CREAM,,,,,
614ukcg4gLL,7c/7c5b7744.jpg,ホワイト,,ACCESSORY_OR_PART_OR_SUPPLY,,,,,Lightningコネクタ
A1nc7toPVPL,c9/c97b52f0.jpg,Indigo,,PILLOW,,,"Front Cover: 42% Cotton, 32% Linen, 26% Rayon; Back Cover: 63% Linen, 37% Viscose; Insert: 100% Cotton; Stuffing: 100% Polyester",,Square
71Q+x9qucnL,cd/cdbde166.jpg,,,OFFICE_ELECTRONICS,,,,,
A1GEYYZL9hL,14/1455c6e7.jpg,,,CARRYING_CASE_OR_BAG,,,,,
71nuCpCq5zL,41/41825d25.jpg,Blue,,STOOL_SEATING,,Madera,,,Rectangle
61sGECZUHvL,2f/2f39c7d3.jpg,,,JANITORIAL_SUPPLY,,,,,
61He5lIyy0L,33/33b979e9.jpg,Negro,WA75FPM,PLUMBING_FIXTURE,,,,,
61M8M-ylrgL,2b/2b91153b.jpg,,,TEA,,,,,
81-6YBTOX7L,71/71b1601e.jpg,Black,,SUITCASE,18-inch,,Polyester,,
71PGQqyI4UL,27/27f181cf.jpg,,,BATTERY,LR44,,,,
91ssKZ4T9mL,37/3727adc7.jpg,White,,STORAGE_BINDER,,,,,
71ZF3OR54yL,d0/d0691ddf.jpg,,,SAUTE_FRY_PAN,,,,,
91qFbaPfExL,a8/a8198373.jpg,,,BACKPACK,パトロール,,,,
81TcoBQo-9L,32/328822ed.jpg,,,SALAD_DRESSING,,,,,
71V62UYb19L,3d/3d1a2d92.jpg,,,LEGUME,,,,,
71kHCgXcCzL,8b/8b66fc11.jpg,Negro,,SHELF,,木头,,,
81bp6ojIWKL,05/059ccc06.jpg,Brown (Tan),,BOOT,,,,,
41U2oDiib9L,60/60a9c007.jpg,Brushed Nickel,Transitional,LIGHT_FIXTURE,,Metal,,,
51GGT+nFf3L,99/99cb14de.jpg,,,CLEANING_AGENT,,,,,
71WZtlaCFPL,4e/4e79f9ba.jpg,Ecru Bone,Two Part Buckle Leather,SANDAL,Sandales Compensées,,,,
61r2TqrkUTL,70/70514a73.jpg,Blanco,Geneva,CABINET,Geneva,Madera,,,
91z1ZrZ6LwL,25/2523aa01.jpg,Beige,,LAUNDRY_HAMPER,Triple,,,,
51HinIewlPL,c2/c20d4425.jpg,White,,WIRELESS_ACCESSORY,1-Pack,,,,
41G7TRywTnL,a8/a852b002.jpg,89219_black,,HAT,,,,,
712mzDzC-DL,57/57c74e1b.jpg,,,NUTRITIONAL_SUPPLEMENT,,,,,
81TwXaV-pHL,f9/f92cdb2e.jpg,gold,,THERMOPLASTIC_FILAMENT,,,,,
81Xm5XIBqDL,08/089e64c9.jpg,Black,,CLOCK,,MDF,,Wall Clock,
81-hz22Xj-L,80/80b9362b.jpg,Black,,VACUUM_SEALER_MACHINE,,,,,
61rL35PslzL,f7/f7d6425c.jpg,Black,,CLOCK,,Plastic,,,
81gDRxHSFcL,d9/d9d0c3b4.jpg,,,LEGUME,,,,,
71-cJndLmIL,3c/3cbf6b2b.jpg,Grey,"AmazonBasics Patio Dining Chair Cover (2 Pack), Grey",FURNITURE_COVER,,,,,
41IYXnHhc1L,39/39e2005f.jpg,Clear,,WIRELESS_ACCESSORY,Clear,,,,
61bxkBnj6uL,9d/9d273721.jpg,Satinierter Nickel,,TOWEL_HOLDER,Modern,,,,
71BnricFMGL,72/7212f20c.jpg,Negro,,CLOTHES_RACK,,,,,
61YcF64IyhL,07/07118752.jpg,,,SKIN_MOISTURIZER,,,,,
71c02VBk3TL,a1/a136aaf9.jpg,,,POULTRY,,,,,
71g1-TSNYwL,fc/fc787885.jpg,黄铜色,,CLOCK,,黄铜,,,
71tcCpZMdKL,4e/4e662d38.jpg,Walnut,,HOME_MIRROR,Standard,walnut,,,Rectangular
61TibeH6pVL,70/70d39afe.jpg,Durchsichtig,,DRINKING_CUP,250er-Pack,,,,
71OQ1eALLCL,4d/4d0d370d.jpg,,,DAIRY_BASED_DRINK,,,,,
61Ible59AoL,49/49af309f.jpg,,,SPIRITS,,,,,
71LnwXByLmL,80/80631488.jpg,Rojo,,FOOD_PROCESSOR,,,,,
71jcFjR9buL,09/096b7497.jpg,Vitt,,DISHWARE_PLACE_SETTING,Kupé,Porslin,,,
715nF-wErgL,1b/1b983028.jpg,Colore: Bianco Opaco/Cemento,,DESK,Moderno,legno_composito,,,
91yBcG+A4aL,8f/8f542736.jpg,Black,,FURNITURE,Contemporary,Leatherette,,,
41fFAnxVCAL,29/291959a2.jpg,Floral Pond,,ACCESSORY_OR_PART_OR_SUPPLY,Case and Lightning Cable Bundle,,,,
91YykffoHVL,88/881c94e0.jpg,Black,,PORTABLE_ELECTRONIC_DEVICE_COVER,,Plastic,,,
81kyw8lof2L,df/df078f65.jpg,,,HERBAL_SUPPLEMENT,,,,,
71VhduSYKcL,99/99245399.jpg,Beige (Sand Sand),Unlined Suede,BOOT,R2383 Roza,,,,
81gb7zJWgKL,73/73581faa.jpg,blanco,Men's Fitted Flat Brim Cap,HAT,Gorra de ala plana ajustada para hombre.,,100% algodón,,
91N2ZpWlXTL,11/116e0f67.jpg,Brown Crazy Horse,,WALLET,,,,,
8167oYi9GNL,06/068d6397.jpg,Negro,,LIGHT_FIXTURE,Luz baja,,,,
81iff7OzWCL,41/41921f1f.jpg,,,BEAUTY,"1 Handle, 2 Cartridges",,,,
71MOCZFe23L,bb/bb23c1d4.jpg,,Smart,BOOT,Botas de trabajo,,,,
71WbLtSlFvL,ae/aefa10ee.jpg,,,TEA,,,,,
71+8auWGG+L,72/72911d36.jpg,,,BEAUTY,,,,,
81GrAMqFOwL,69/692c1e4a.jpg,,,BEAUTY,"1 Handle, 2 Cartridges",,,,
71PJ7SAvzHL,01/01e7279a.jpg,Black,,HEADPHONES,,,,,
61DBGcrKMhL,8b/8b519ce1.jpg,Bleu,,ELECTRONIC_ADAPTER,Unique,,,,
81yN1Eh5LmL,c8/c8c88f26.jpg,Grau,Ravenna Hochwertige Abdeckung und Schutzhülle für Kamado Keramik-Gartengrill,FURNITURE_COVER,,Textil,Polyester,,
71NMeVTevGL,a1/a1669668.jpg,,,ELECTRONIC_ADAPTER,,,,,
81ompRLEmoL,34/34a5e944.jpg,,,HOME_LIGHTING_ACCESSORY,,,,,
81s47cyq6nL,d6/d69206ac.jpg,,,SNACK_MIX,,,,,
61f9UfDu8FL,53/539b4154.jpg,roze,,UMBRELLA,roze.,,,,
81SDR0tIYgL,50/507a3fe0.jpg,White,,PRINT_COPY_PAPER,HIGH BRIGHT,,,,
91Dn1pJjuoL,ab/ab2c6b29.jpg,Negro,,ELECTRIC_FAN,,,,,
71oEehMCL5L,fa/fa91e0af.jpg,Negro,,LIGHT_FIXTURE,Classic,Vidrio,,,
71QwQmzBl5L,65/65f6f988.jpg,,,PAPER_PRODUCT,,,,,
A1rKGW2-NvL,06/06e30206.jpg,"10-Pound, Blue",,RECREATION_BALL,10 Pound,rubber,,,
61vmwOquGOL,71/71483fb7.jpg,,,COMPUTER_ADD_ON,,,,,
81rtchbtdwS,aa/aa4e13f3.jpg,,,DRINKING_CUP,,,,,
51A1GbRC6mL,ec/ecb1e161.jpg,Honey Pine,,HEADBOARD,,순수 소나무 재질,,,
61KBvW-WVVL,6a/6a96dfdb.jpg,Verde (midnight green),,WIRELESS_ACCESSORY,"91,2 cm",,,,
81YNjzfRSuL,19/19a578cd.jpg,बेज (हल्का बादामी),,WALLET,Wallet,अन्य,,,
71yWyZFKxeL,bc/bc4c34ad.jpg,,,WRITING_INSTRUMENT,,,,,
61T3x0t3UIL,92/92f8c7f2.jpg,Black,,BABY_PRODUCT,,,,,
91ZPLVERMXL,f9/f9583211.jpg,Blue,,OUTDOOR_RECREATION_PRODUCT,Premium Messenger Bag,,,,
713VDI41nVL,43/439afd91.jpg,,,BEAUTY,,,,,
51szexpXHIL,06/06c04472.jpg,,,COSMETIC_BRUSH,,,,,
710AOd78HAL,9d/9d36f772.jpg,,,COMPUTER_COMPONENT,,,,,
71jw24OGaaL,d7/d7d10b04.jpg,,,FACE_SHAPING_MAKEUP,Körtskulptör Duo,,,,
41SBXfBxDIL,ea/ea05cc4a.jpg,,,COMPUTER_COMPONENT,,,,,
71e0R5srXgL,e4/e4ea2dd1.jpg,,,MECHANICAL_COMPONENTS,,,,,
81ToBSq599L,40/401900aa.jpg,Assorted Neon,AMZ81300,CARD_STOCK,,,,,
91q30o1XGhL,64/64fbeb82.jpg,rojo,,THERMOPLASTIC_FILAMENT,1 paquete,,,,
71dXCUKNdTL,cd/cd3cf082.jpg,,,BATHWATER_ADDITIVE,,,,,
91pkeBHzeBL,8f/8f9998c9.jpg,Brown,,WALL_ART,Contemporary,,,,
71HbbmeVStL,05/053ec0b6.jpg,,,DAIRY_BASED_CHEESE,,,,,
91KPdY9CWYL,cc/cc1ef7c4.jpg,Hunter Green,,PILLOW,,,"Cover: 63% Linen, 37% Viscose; Insert: 100% Cotton; Stuffing: 100% Polyester; Trim: 100% Leather",geometric-pattern,rectangular
71wttsyIW6L,47/47ea2c06.jpg,,,BEAUTY,RegalEssence + CoastalSplash,,,,
71JFsZg4aQL,0e/0eb77449.jpg,Pink Polka Dot,,CLOTHES_HANGER,,Plastic,,,
71s7HbyqzEL,b8/b8e871c6.jpg,svart,,SUITCASE,,,,,
51r855k9ObL,d6/d63764c0.jpg,,,SKIN_MOISTURIZER,Anti-età,,,,
61+n8x8iSvL,0c/0c94b2be.jpg,Black+Yellow,,CARGO_STRAP,,,,,
71rIe1jlWXL,7a/7ac94390.jpg,Brown(deep Tan Deep Tan),Zip Leather,BOOT,Ankle Boots,,,,
91IqN6+5ESL,76/76130fc0.jpg,Black,Men's Fitted Cap With Wicking and Built-in Headband,HAT,Men's Fitted Cap With Wicking and Built-in Headband,,100% Polyester,,
71gyK+lP3sL,40/40168dce.jpg,Black,,MECHANICAL_COMPONENTS,Leather Mechnics,leather + polyester,"shell: 50% leather, 50% polyester
lining: 100% polyester",,
71E+Lh0qVPL,43/431ce891.jpg,Beige Sand Sand,Moffat,BOOT,Botines,,,,
61fwJpXLx1L,51/51864b21.jpg,ट्रांसपेरेंट,,JAR,3x400ml,ग्लास,,,Round
714OKibKr3L,2e/2e245c4f.jpg,നീല,,BABY_PRODUCT,,,,,
51k3A+EEZCL,fa/fa2d3c91.jpg,,,PLUMBING_FIXTURE,Lever,,,,
81S95z8fIbL,3a/3a76ec8d.jpg,Black,,KEYBOARDS,,,,,
713vxRynbdL,27/2782a2e3.jpg,,,ABIS_LAWN_AND_GARDEN,"Set di 3 utensili da giardino, con paletta, forbici bypass da potatura e trapiantatore a paletta",,,,
81HtKND+XrL,2a/2a5f8625.jpg,,,WRITING_INSTRUMENT,,,,,
61+10ICCrPL,c1/c19c25f7.jpg,,,ABIS_DRUGSTORE,,,,,
71X31V2oIvL,70/70ca7cbf.jpg,Taupe,Maui,SANDAL,Maui,,100% Leather,,
814Hwdt2fAL,3a/3ae882c7.jpg,लाल,,BACKPACK,,नायलॉन,,,
81Dee5j7sEL,5d/5da99486.jpg,Charcoal/Nickel,,DRYING_RACK,2 Mats,,,,
716gfT2mp-L,ee/eed6f8e4.jpg,Light Brown,Cube Bookcase CX-1,SHELF,1 compartment,Wood,,,Rectangular
41DuMZ+wrML,19/19f66016.jpg,Brushed Nickel,,LIGHT_FIXTURE,Semi-Flush Mount,,,,
71Zim3lXMUL,6f/6f203225.jpg,,,PLIERS,,,,,
A1--Vuw1PlL,1b/1bd68c86.jpg,Edgar Graphite,,PILLOW,,,100% Cotton,,Square
71poUypDSFL,27/27acba03.jpg,白色,,NECKLACE,项链,,,,
910v-oJPcBL,ca/cadac533.jpg,blauw,,STORAGE_BAG,,Stoff,,,
51FFrn7HqRL,e3/e375e9ed.jpg,Black,1101674,SCREEN_PROTECTOR,,Tempered_Glass,,,
713qZa1spkL,6f/6f80c986.jpg,Clear,,DRINKING_STRAW,,,,,
71M7jgyFJbL,33/33982c92.jpg,,,MOUTHWASH,,,,,
71mes7orV5L,bc/bc7b4da6.jpg,,,SHOE_INSERT,,,,,
71s7JmZwYqL,45/4595acf0.jpg,മൾട്ടി (ബഹു),,STICKER_DECAL,,PVC Vinyl,,,
61J+cs0XLxL,05/05c517ad.jpg,,,PAPER_PRODUCT,Con bolsillos,,,,
81zqfQbH-LL,bf/bf0ddda3.jpg,,,COFFEE,,,,,
81WOoIb0GQL,e4/e4eee30f.jpg,Multi-color,"Brown Genuine Leather Braided Bracelet With Stainless Steel Wire Accent 8.5"" L X 0.3"" W",BRACELET,,Not applicableNot applicableNot applicableNot applicable,,,
51oLMKHfOtL,41/41f87613.jpg,青铜色,,LIGHT_FIXTURE,Candelabro de pared,玻璃,,,
81KHvxTjcML,94/9445db12.jpg,ホワイト,,NECKLACE,,,,,
71BY1i+nYQL,ea/ea7be1c2.jpg,Brown,H Band Flat Sandal,SANDAL,H Band Flat Sandal,,100% Polyurethane,,
71zfG7+oohL,52/527fc301.jpg,,,AUTO_ACCESSORY,Mango largo,,,Cepillo para ruedas,
91Vd5PgE-gL,56/56be21bc.jpg,,,LUGGAGE,,,,,
91EREYYTGHL,fb/fb1080d5.jpg,,,CE_CARRYING_CASE_OR_BAG,,,,,
51O+nmod3XL,46/46ef2c71.jpg,,,SHELF,,,,,Triangular
81UxELzIwUL,f7/f7fa339c.jpg,,,STORAGE_BINDER,,,,,
71k2uadFJIL,bf/bf0624b9.jpg,,,POWER_SUPPLIES_OR_PROTECTION,"Rotating 6-Outlet Surge Protector Power Strip, 1440 Joules",,,,
61pFnVTmW9L,66/668f4a78.jpg,Black,,LIGHT_FIXTURE,Contemporary,Acrylonitrile Butadiene Styrene,,,Rectangular
715npOmXLdL,62/62cdee2a.jpg,White,,PHONE_ACCESSORY,,100% cotton,,,
71XetMjdcrL,0d/0dc4d2ee.jpg,,,VEHICLE_INTERIOR_SHADE,,,,,
71c8FMy+DwL,6f/6f5f17ed.jpg,,,WRITING_BOARD,Pizarra magnética acrílica,,,,
A1FRx2fkA5L,3d/3da7ca88.jpg,Multicolor,,WALL_ART,Farm Supply I,Paper,,,
71AfbH5Mv3L,b8/b8e6209a.jpg,海军蓝,,STOOL_SEATING,,,,,
81PhjZTJyaL,af/af46db00.jpg,roségoud,,SUITCASE,,,,,
61lSbcz0MkL,25/2537bf20.jpg,,,PROTEIN_SUPPLEMENT_POWDER,,,,,
91wQk1NhQ0L,b3/b35a3d09.jpg,Gris,,SHELF,Moderno,,,,
71UqOQJstjL,af/af4a06cd.jpg,,,BEAUTY,SeaDrift,,,,
71yySDI03KL,77/776c5fcd.jpg,,,BATTERY,D,,,,
71UOZWsdX9L,67/678321b9.jpg,,,JANITORIAL_SUPPLY,,,,,
810TSOvpd1L,4e/4e561df0.jpg,,,WIRELESS_ACCESSORY,,,,,
71eUDKmLrkL,a7/a7d5265c.jpg,schwarz,,COMPUTER,"einzelner Bildschirm, Wand",aluminium,,,
71-qSyq4KXL,73/7362b753.jpg,ホワイト,"Platinum Plated Sterling Silver Made with Round Swarovski Zirconia and Freshwater Cultured Button Pearl Key Pendant, 18""",NECKLACE,,パール,,,
61-uqxSuYwL,d3/d364cc48.jpg,White,,DESK,4-drawer Desk,Wood,,,Rectangle
71J+o8uaAcL,b2/b2ed427e.jpg,Bronce,,LIGHT_FIXTURE,Classic,Metal,,,
51vitB7p61L,5e/5e1fd417.jpg,,,NUTRITIONAL_SUPPLEMENT,,,,,
51Dmei8jqFL,03/03ce9f2d.jpg,,,SAFETY_SUPPLY,,,,,
81h6dGbQHJL,37/37e2dd1d.jpg,black,,PORTABLE_ELECTRONIC_DEVICE_MOUNT,,100% Polyester,,,
51Yolh8b08L,dc/dc59f045.jpg,,,BEAUTY,Bakuchiol,,,,
81wxlQdDnCL,9c/9c613b8a.jpg,Wit,Cable Knit Hat,HAT,Kabel Gebreide Hoed,,"55% Katoen, 25% Modal, 20% Polyester",,
61qeMCq4NaL,13/133a10c7.jpg,,,FOOD_SERVICE_SUPPLY,,,,,
5196VGFFA2L,c8/c82e9b18.jpg,,,SKIN_MOISTURIZER,Anti-aging,,,,
81Sv3VHCVHL,6e/6e69531b.jpg,,,NUTRITIONAL_SUPPLEMENT,,,,,
A1P7SXlcx1L,28/28e6d6b6.jpg,bronz,,DRESSER,,,,,
61kYGJ9rKHL,bc/bcd5e24e.jpg,,,BATTERY,,,,,
91uudL+7uUL,fa/fa403808.jpg,,,TEACHING_EQUIPMENT,8-Cubby,Wood,,,
61iVpdBw9hL,39/39e330f5.jpg,Oil-Rubbed Bronze,,HARDWARE,Single Gang,,,,
71zbWdzo0nL,69/694c9d35.jpg,,XA PRO 3D WINTER TS CSWP J,BOOT,Kids' Xa Pro 3d Winter Ts Cswp J Snow Boots,,Textile and Synthetic,,
61l3YNEE0QL,9b/9bdf8693.jpg,Black,,WIRELESS_ACCESSORY,1.82 m,,,,
81+iHZG1ViS,fe/fe93f372.jpg,,,TOOLS,,,,,
81v30AHRRUL,b9/b9681c8f.jpg,Brown,,DRESSER,Narrow 5 Drawer Chest,Pine,,,
61hCDDv9xES,4b/4b58554d.jpg,,,DRINKING_CUP,,non-lead crystal,,,
71yO8p5KdnL,74/74492d29.jpg,Negro,,HOME_LIGHTING_AND_LAMPS,Costero,,,,
712is5nzHhL,a5/a504a8c2.jpg,Solid Colors,,INSTRUMENT_PARTS_AND_ACCESSORIES,Guitar Picks,,,,
71QTPAe8LbL,77/7799b966.jpg,Negro,,HOME_LIGHTING_AND_LAMPS,Moderno,,,,
61d84Q0UPtL,59/59e658b4.jpg,,,COMPUTER_ADD_ON,,,,,
61emjZeJWGL,6f/6fb31fd2.jpg,Bianco brillante,,FLAT_SHEET,Lenzuolo,,,,
81KJfC4bNML,2a/2aa9835f.jpg,white,,SEALS,Merv 8,,,,
617f4QFiGKL,b1/b1b50ebd.jpg,Oil-Rubbed Bronze,,HARDWARE,,,,,
71+JqaL6yGL,ab/ab794189.jpg,黑色,,LIGHT_FIXTURE,0,黄铜,,,
61pyDOIdTJL,6d/6d0df458.jpg,Hug Me Porcupine (Naturel),,TOTE_BAG,Hug me Porcupine,"Canvas, cotton",,,
71OjSjhWRXL,f8/f8cbb5c3.jpg,Azul,,EARMUFF,Over-the-Head - Orejeras plegables,,,,
715YoU6k4pL,44/44460f81.jpg,Negro,,SUITCASE,,,,,
61Lo6Yk2ZYL,f7/f73a7771.jpg,bianco,,FOOD_SERVICE_SUPPLY,Posate,,,,
41z3IjXIxzL,f5/f57b3999.jpg,,Canvio Basics,COMPUTER_DRIVE_OR_STORAGE,harde schijven plus tas,,,,
81R3JHHogjL,2d/2d9c15ae.jpg,,,OTTOMAN,,,,,
518kPJx1X1L,9d/9d7c88f0.jpg,Gepolijst chroom,,STORAGE_HOOK,Afzonderlijke haak.,,,,
51XUObhefjL,23/23f92a16.jpg,,,DISHWARE_PLACE_SETTING,Spotted,,,,
81-SpL+ICRS,b0/b0516d00.jpg,,,TOOLS,,,,,
71EZ9HnXrGL,4d/4dd59f57.jpg,,,CLEANING_AGENT,,,,,
71bdpK8UxVL,85/853cb376.jpg,Bronce oscuro,,LIGHT_FIXTURE,Classic,Vidrio,,,
51Xy7WApsLL,69/696aa78c.jpg,White,,ELECTRONIC_ADAPTER,Single,,,,
81pPyzPJIuL,fc/fcf7d3ce.jpg,Brass,,HOME_MIRROR,Round Hanging,metal,,,
81zaQnrW6NL,5c/5c0372cd.jpg,青铜色,,LIGHT_FIXTURE,Candelabro de pared,玻璃,,,
81d70y55XmL,4d/4d6654f4.jpg,,,DAIRY_BASED_DRINK,,,,,
81q5xRasQRL,b0/b0180bf3.jpg,,,PASTRY,,,,,
61Wv3fHR-kL,89/894d5797.jpg,నీలం,,JAR,3 Pieces,ప్లాస్టిక్,,,Round
81TrnTGT7FL,3d/3db0981c.jpg,,ソリモ シェービングジェル 3本パック,BEAUTY,,,,,
81yqAsAnGhL,3a/3aad981c.jpg,,,RING,リング,,,,
71s74jhy2KL,a7/a7241e42.jpg,Silver Mirror Leather,Eve Stiletto Heel Dress Sandal - Low,SANDAL,Eve Stiletto Heel Dress Sandal - Low,,100% Leather Upper,,
71-KQ118uuL,90/907125d7.jpg,Asst,,WRITING_INSTRUMENT,,,,,
81mwdY8KdpL,b2/b22fba91.jpg,,,COFFEE,,,,,
71iK7BahGQL,9b/9bf50eeb.jpg,,,COMPUTER_COMPONENT,,,,,
51SzVwwzhRL,40/40545040.jpg,クリア,,BRACELET,ブレスレット,,,,
61ChQ8pb5fL,2a/2a29c509.jpg,November Girl,"10K Gold, AAA Cubic Zirconia and Simulated Birthstone Babies Girl Charm, November",FINEOTHER,Girls - November,Fine-other-material,,,
51O2yxBTSBL,49/493027ef.jpg,Satin Nickel,,FAUCET,,Zinc,,,
9105JSvEF-L,15/15c2032e.jpg,Camel,Cable Knit Hat,HAT,Cable Knit Hat,,"55% Cotton, 25% Modal, 20% Polyester",,
71B1LI73Z4L,0c/0c170b21.jpg,Gris foncé,,WIRELESS_ACCESSORY,"1,82 m",,,,
71uB4A7L2vL,c2/c21a1697.jpg,,,PET_APPAREL,,Polyester,,,
81wu+fke33L,76/76057ec9.jpg,Noir,,WALLET,,Fibre de carbone,,,
61pGs-cZKNL,3a/3a43d898.jpg,ホワイト,,PHONE_ACCESSORY,ライトニングUSB充電ケーブル ホワイト 約10cm・約90cm・約180cm 3本セット,,,,
81as600M2jL,2c/2c9ec944.jpg,"Grey, Red",,WALLET,Wallet,Other,,,
61hvfIMD6WL,40/40341f1c.jpg,V3brown Leopard,,HAT,,,,,
71yLC9iCqQL,e3/e37287d2.jpg,Black,Ibita High Heel Side Zip Ankle Boot,BOOT,Ibita,,Upper: 100% Polyurethane,,
51-LfKCHzqL,68/68168d8a.jpg,Antique Brass,,LIGHT_FIXTURE,,,,,
71qJPLXh5FL,a5/a57d8515.jpg,Blanc,,CABINET,Armoire à 2 portes,Bois d'ingénierie,,,
71UMdELcf9L,1d/1df5f571.jpg,Rouge Wine Wine,Drepy-001,BOOT,Botte chelsea,Cuir,,,
51rG9s4sMdL,ef/ef8c9bd7.jpg,Plateado,,PORTABLE_ELECTRONIC_DEVICE_STAND,Non ajustable,,,,
614LbFKgSsL,89/8903f5ef.jpg,Negro,WA50SAS,WATER_PUMP,,,,,
71rhY+ThFYL,e7/e7eddd2f.jpg,,Soft Leather Mule,SANDAL,Sandalias con Cuña,Cuero,,,
61v29Y0-gAL,5f/5fbae41e.jpg,Marrón,,DRESSER,,Madera maciza,,,
71JEQY2KqHL,9d/9d4de8a9.jpg,,,COFFEE,,,,,
51D7xMxvdWL,42/42d0e9d2.jpg,White,,BISS,UK,,,,
81Hzku1uHAL,a8/a8f187da.jpg,blue,,THERMOPLASTIC_FILAMENT,,,,,
71paSv8m0aL,23/23c315fa.jpg,,,SAUCE,,,,,
A1HQKxc9CAL,85/8520a3d5.jpg,Vert,,STORAGE_BAG,,,,,
81B3dBq+UGL,64/64a5e38e.jpg,,,JUICE_AND_JUICE_DRINK,,,,,
81bs6vY+EpL,4d/4dbfd06b.jpg,Salt & Pepper,,SAFETY_SUPPLY,,,,,
61wdr3hKC5L,a5/a501a5ea.jpg,Plateado,,WIRELESS_ACCESSORY,"91,2 cm",,,,
71-02aZysBL,e2/e23b4748.jpg,,,FOOD_SERVICE_SUPPLY,,,,,
71YtEyRKXML,ab/abe59e53.jpg,,Muck,BOOT,Botín de Ante,,,,
71rMZ39ANTL,4a/4a3eba77.jpg,,,LABEL,,,,,
61WUeg9m0DL,f9/f968f793.jpg,,,NUTRITIONAL_SUPPLEMENT,,,,,
712Wz1FLE0L,dc/dcabd6bf.jpg,干邑色,,OTTOMAN,,皮革,가죽.,,Rectangular
91f9PT5VD+L,4b/4b098782.jpg,,Amazonbasics,BACKPACK,,Poliéster,,,
91lvUIG4e1L,3e/3ee0ddc7.jpg,Black,,SAFETY_SUPPLY,,,,,
71JvtYQLS5L,c1/c1378d4d.jpg,white,,STORAGE_BINDER,1 Piece,,,,
91byN9FUBML,8e/8e3e7c46.jpg,,,HERB,,,,,
71PExODEvVL,6f/6f89cde5.jpg,wit,,PHONE,Met antwoordapparaat,,,,
71fqgPjifbL,4a/4a732814.jpg,,,ABIS_LAWN_AND_GARDEN,,,,,
71ORw+uKsxL,54/54039f50.jpg,,Tie Up Sandal,SANDAL,118al6432,,,,
91KkHQHRRIL,0e/0e0a67d9.jpg,Marrón,Leonard,DRESSER,드레서,Madera Noble,,,
71JJXYKw9hL,80/80cc5993.jpg,,,COMPUTER_COMPONENT,,,,,
91wyXxGs7aL,3c/3c03863a.jpg,,,LEOTARD,550203,,100% Cotton,,
71xh0e88a0L,ff/ffb177c8.jpg,,,COFFEE,,,,,
81OrVti5NUL,d5/d576fdd7.jpg,Black,,HAIR_COMB,8 in 1 Pet Grooming Set,,,,
71rq8PRGduL,3a/3a9c146e.jpg,,,BREAD,,,,,
81T2cl3pkVL,88/881d33d4.jpg,Black (Black),37096,BOOT,37096,,,,
71sHkTGRp1L,4a/4a550a57.jpg,,,NUTRITIONAL_SUPPLEMENT,,,,,
81vPsHK0F3L,02/028d7efc.jpg,蓝色,FG-03923,STRING_LIGHT,,塑料,,,
61OVAPZZ13L,7d/7df36264.jpg,赤,,EXERCISE_BAND,,ゴム,,,
81lgkxAvHKL,b2/b21c57b9.jpg,Evelina,,CLOTHES_HANGER,Singolo,,,,
61kPDls5lXL,41/410d62fe.jpg,White,,COMPUTER_ADD_ON,1-Pack,,,,
518dI029qTL,39/39bee16f.jpg,,,WINE,,,,,
71CE1c+dTsL,e8/e8731d1c.jpg,,,BEAUTY,,,,,
51pQ++1vw9L,b1/b19bf817.jpg,Black,,DRINKING_CUP,,plastic,,,
71lLlFqDLRL,47/476e4a34.jpg,Roze Roze Roze Roze,Wedge Two Part,SANDAL,Espadrille,,,,
71uwv9AewOL,5c/5cfc97bd.jpg,Negro,WA50FPW,PLUMBING_FIXTURE,,,,,
81Jvc74E1QL,12/12d6c0f3.jpg,,,LEGUME,,,,,
41NdyYRSI0L,2c/2c072bcd.jpg,Clear,,DRINKING_CUP,1.6 oz,,100% others,,
31hhAMh8dSL,06/06230fa5.jpg,Blue,,HAT,,,,,
41J2ymGSUCL,bb/bb6170a3.jpg,Purple,,PORTABLE_AUDIO,Altavoz y cable de audio de 3.5 mm,,,,
616oIWrgA0L,59/59b514a0.jpg,,,SKIN_MOISTURIZER,,,,,
71LqXpTWP1L,1a/1ade004f.jpg,Blanco,,FOOD_BLENDER,Sin accesorios,,,,
71lMgalpOcL,ab/ab6eaf96.jpg,,,FRUIT,,,,,
51lZGFR2BHL,f1/f1aeee46.jpg,,,SAFETY_SUPPLY,,,,,
71iHp0fOFXL,9a/9a0e2719.jpg,Schwarz,Volt,BOOT,,,,,
719KsddkgYL,db/dbc8cc7a.jpg,,,TEA,,,,,
71pn1ubQyNL,5d/5d09818f.jpg,シルバー,,NECKLACE,,,,,
81Px9YLdzXL,15/15ece1ce.jpg,Navy Blue V,,SWEATBAND,,,,,
81gsXtdkeGL,f8/f851c788.jpg,Espresso,,WALL_ART,Contemporary,canvas,,,
A1JAEjfWUWL,ac/ac26add5.jpg,ఊదా,,COSMETIC_CASE,,ఫాబ్రిక్,,,
61Wn0e39zOL,e4/e41cbc3d.jpg,,,JUICE_AND_JUICE_DRINK,,,,,
91Rp9MTht9L,ae/aed4a29c.jpg,Ash Grey,,BACKPACK,,,,,
A1ecXEEK16L,04/04d71e43.jpg,Multi,,WALL_ART,,Wood,,,
611-MZ9TMjL,e8/e8857edf.jpg,Svart,,PORTABLE_ELECTRONIC_DEVICE_MOUNT,,,,,
61A17ft2IbL,46/46e56fed.jpg,,,CLEANING_AGENT,,,,,
81ud4jm6-ML,7a/7a6bd764.jpg,,,BISS,Laser 100 m,,,,
81ki-O6b-mL,d9/d99a14c8.jpg,,,RECREATION_BALL,3.6kg,,,,
61jRaZz-JrL,4a/4a78ade7.jpg,Blue,,SHELF,4 Shelves,Fabric,,,
91yEBUTnFRL,5d/5dcf5fe5.jpg,White,3/8Ctw Stainless Steel Bracelet,BRACELET,,Not applicableNot applicableNot applicableNot applicable,,,
71cXbN7vAdL,d7/d73a9027.jpg,Vert,,BOTTLE,Lot de 1,,,,
81+YoFxCQnL,ad/ad3fb170.jpg,,,FLATWARE,Satin Matte,,,,
91mnbDwLJrL,84/84c8d9ef.jpg,,,HERB,,,,,
71GwsRwpuhL,9f/9ff4a7e2.jpg,Blau Pale Blue,Drepy-001,BOOT,Chelsea Boots,,,,
718einF8P0L,9a/9a35a7e5.jpg,White,,SHELF,,Steel;Plastic,,,
41eU3Hv9AtL,ea/ea52e3a0.jpg,White,,POWER_CONVERTER,,,,,
81u9aD0zbPL,7a/7ab3e208.jpg,,,TEA,,,,,
61qbiaM-RAL,e4/e44783ff.jpg,,,SKIN_CLEANING_AGENT,,,,,
61JS5e82ayL,5c/5c01fdda.jpg,Glass and Steel,,ELECTRIC_WATER_BOILER,,,,,
61ePoONeXWL,b6/b6613b7e.jpg,Brown,HSL110-VV,BED,,,,,
81WqZSD8HQL,e2/e28a36da.jpg,,,SECURITY_ELECTRONICS,Teclado,,,,
71BhCOayq3L,83/83cc27c5.jpg,Natural,,STORAGE_HOOK,Sencillo,,,,
51DrvvH4EIL,a1/a1493209.jpg,,,CAMERA_OTHER_ACCESSORIES,,,,,
716FGgNUXQL,84/84d8ee93.jpg,Nickel,,HOME_MIRROR,Standard,nickel,,,Rectangular
616ScsIlW2L,3c/3cc329f0.jpg,,,CLEANING_AGENT,,,,,
91QRJGNk52L,49/494f7efa.jpg,"8-Pound, Red",,RECREATION_BALL,8 Pound,,,,
81nvd69TrcL,9d/9d73108f.jpg,白色,,VASE,,,,,
51CQmgYZedL,94/94420cd4.jpg,亮灰色（Satin Nickel）,Classic,TOWEL_HOLDER,经典,아연합금,,,
91cFGPmuBBL,30/3036d361.jpg,,,HERB,,,,,
81B6Fiu3R5L,8c/8cdebc07.jpg,,,PROTEIN_SUPPLEMENT_POWDER,,,,,
71d1opYFRBL,09/09a0f69e.jpg,,,PRINT_COPY_PAPER,A4 - 75 GSM - 2500 Sheets,paper,,,
61FvUpIsEIL,58/583f159c.jpg,wit,,ENVELOPE,envelop C4,,,,
51rZGAcW6UL,fd/fdb65b6f.jpg,,,SHIPPING_BOX,,,,,
61vAqU4WOrL,df/df1797fa.jpg,Negro mate,,LIGHT_FIXTURE,Candelabro,,,,
81EVfpZzivL,1a/1a12bd67.jpg,,,SNACK_CHIP_AND_CRISP,,,,,
71x7rRZ4sVL,99/9970943e.jpg,,,PLIERS,,,,,
81HCISGNYuL,3a/3aba885b.jpg,,,WRITING_INSTRUMENT,,,,,
71azRDw7quL,b8/b8646dd8.jpg,Nickel,,HOME_MIRROR,Peaked,,,,Rectangular
61OYre3S5TL,f1/f1eb316a.jpg,White & Red,,VACUUM_CLEANER,,,,,
71btavR0iRL,bb/bb327161.jpg,,,BEAUTY,,,,,
71LpsDBcD6L,d0/d0b25e39.jpg,,,CLEANING_AGENT,,,,,
91z1gvJcLjL,38/3860eeaa.jpg,,,PLANTER,,,,,
51h8GjzVaoL,fd/fd249708.jpg,,,SKIN_MOISTURIZER,,,,,
71stYUKh47L,38/383bbe0c.jpg,하얀색,,STOOL_SEATING,,木头,,,Rectangle
81FjotI0oJL,32/32499e77.jpg,レッドホワイトドット,,UMBRELLA,,,,,
61FMmuyl3vL,06/06331e7b.jpg,,,TEACHING_EQUIPMENT,ACTIVE PLAY,rubber wood,,,
611wmSU2-eL,17/17918277.jpg,89607_navyblue,,HAT,,,,,
61zIVP0m-xL,ed/eddc6a01.jpg,White,,DRESSER,Chest of Drawers,Wood,,,Rectangular
91kHdllmmyL,60/60177e32.jpg,Black,,FOOD_SERVICE_SUPPLY,General-Purpose,,,,
71GblWCIJFL,fd/fd9c48b4.jpg,Metallic,,NECKLACE,,,,,
71imvz+I4DL,29/29ccf489.jpg,,Avacado-1w4,BOOT,Ankle Boots,,,,
51k2Xqln8gL,0d/0d38258a.jpg,Negro,WA61DUP,PLUMBING_FIXTURE,,,,,
51UqLbTB8EL,3e/3e74282d.jpg,,,VITAMIN,B12 + Potassium,,,,
81zFrD-pWaL,35/35ad7c64.jpg,yellow,,SAFETY_SUPPLY,,,,,
91AeO1AiXJL,ba/bad96d84.jpg,Black,,DRESSER,Organizer Unit + Grey Drawers,Plastic,,,
81wO03CUVUL,3a/3a163a0e.jpg,,,BISS,In-built Filter,ఫాబ్రిక్,,,
81nx1O2SLnL,b1/b1491b0d.jpg,,,BISS,,,,,
71aUcuBK7EL,de/de86abb3.jpg,,Open Toe Hurrache,SANDAL,Sandali,,,,
81Q+-Zelb0L,41/41e02ef0.jpg,ORANJE,,THERMOPLASTIC_FILAMENT,,PLA,,,
71JCy8AECSL,04/0478acba.jpg,Negro mate,,LIGHT_FIXTURE,Pendiente,Metal,,,
61RkMJ3VWcL,c2/c2246b7e.jpg,,,MEDICATION,"Resfriado, gripe y dolor de garganta",,,,
81YACOduQuL,06/06694b4b.jpg,ബഹുവർണ്ണം,,JAR,,പ്ലാസ്റ്റിക്,,,Round
81Ued9RVEhL,14/143fc5b9.jpg,,,STRING_LIGHT,Crystal Snowflake,,,,
81ZNqotTQTL,da/da73ee35.jpg,പച്ച,,FOOD_SLICER,,പ്ലാസ്റ്റിക്,,Chopper,
A1JMDXwIirL,76/7699a529.jpg,,,BISS,,,,,
71GCK8ecdML,a0/a0bcbab6.jpg,,,RING,リング,,,,
71-RYZhPacL,29/296179c5.jpg,,,FLATWARE,Square Edge,,,,
91yLeks07bL,92/92187e0c.jpg,,,ABIS_HOME_IMPROVEMENT,,,,,
71v5ylN9vgL,31/317fca23.jpg,Plateado,,HARDWARE,,,,,
81z6yAMjCxL,a2/a25e14b1.jpg,黑色,,LIGHT_FIXTURE,古董,玻璃,,,
71-E43OL2UL,2a/2a4f41a4.jpg,Sonoma Eiche/Dunkelgrau,,CABINET,Chest of Drawers,,,,
51wnU3uo20L,01/01a259c9.jpg,,,BATTERY,AA + AAA bundle,,,,
51Cxi+1kPJL,65/655a838a.jpg,89253_beige,,HAT,,,,,
61T9kvVLA9L,0d/0dab426c.jpg,シルバー,,BRACELET,バングル,,,,
71lCfncGOoL,5f/5f71f2f6.jpg,White,,BENCH,Transitional,순수 소나무 재질,,,
91SJmBGy7ZL,3e/3e1a212a.jpg,Curious Weave Indigo,,HEADBOARD,headboards,灰石色,Curious Weave Eclipse,,
711OfIykFJL,84/8452b5e9.jpg,,,COFFEE,,,,,
51FjIM9XTML,06/06986ac2.jpg,,,SKIN_MOISTURIZER,Moisturizer + Sunscreen,,,,
915Yn90EGHL,2e/2e629b20.jpg,Blue,,WALL_ART,Contemporary,,,,
61EbUZqe+3L,4e/4ecbf053.jpg,White,Strappy Sandal,SANDAL,Strappy Sandal,,,,
71a2-QusIEL,65/65b0a802.jpg,Marron,,CABINET,Buffet,Bois,,,
61VAqENcovL,8a/8a90bb5d.jpg,,,SUNSCREEN,SPF 50+ per pelle sensibile,,,,
81jcqDivCCL,0c/0c8902ca.jpg,black,,BISS,Semi Circle,,,,
81O8XNnBR2L,60/60df152f.jpg,"6 Pezzi, Nero",,STORAGE_BAG,,,,,
41ul7Rq+8kL,60/60690918.jpg,white,,MICROSCOPES,magnification 40x-1000x,,,,
612rNGcmiUL,58/58cf34f1.jpg,,,FRUIT,,,,,
71HZbnYK7VL,69/690b2758.jpg,Negro,,HUMIDIFIER,Inteligente,,,,
71gtI4OT4vL,ef/ef9d535c.jpg,Black,"3""x30' Tow Strap",CARGO_STRAP,,,,,
71wbaxD-APL,17/172123bb.jpg,,,BREAD,,,,,
718t-sy19QL,25/254dd21f.jpg,Oil Rubbed Bronze,,HARDWARE,Quadruple Toggle,,,,
81mI7WIhrjL,c2/c2f3cb7d.jpg,,,SPEAKERS,,,,,
51glPNoArFL,b3/b367ece0.jpg,,,BREAD,,,,,
81stVtlWTBL,86/86a2a001.jpg,,,PORTABLE_AV_DEVICE,,,,,
61v7j4NWCiL,42/42ea9f4d.jpg,Clear,,WASTE_BAG,,,,,
51oxfv0xalL,ff/ff94881a.jpg,,,TEACHING_EQUIPMENT,,Madera de caucho,,,
91mwsCsPsIL,59/596decf6.jpg,लाल,,WALLET,Wallet,अन्य,,,
81nUBU2hkmL,cb/cbc43f2f.jpg,,,VASE,,,,,
91Mbrb5DYBL,8a/8a30d190.jpg,Maroon,,BACKPACK,"Amazonbasics Campus - Mochila para portátiles de hasta 15"", color granate",,,,
91v87qcKLEL,2a/2a18ebdc.jpg,Geometric Sandstone,Olivia,OTTOMAN,,,,,
61dvcGas2OL,db/db439cf1.jpg,,,HERBAL_SUPPLEMENT,,,,,
61iIML2SkcL,80/80329fb9.jpg,White/Copper,,PLANTER,,,,,Round
91Tf1q5BZPL,ec/ec675d64.jpg,,,FRUIT,,,,,
41ImDBNcu-L,0c/0c5a0e7b.jpg,Blanc,,POWER_CONVERTER,,,,,
51VnqkVxvML,6b/6bd00fb3.jpg,,,RING,リング,,,,
81RZO2RnccL,aa/aaef2e14.jpg,베이지,,PLANTER,,陶瓷,,,
61XAghowwUL,fe/feb61039.jpg,White,,CLEANING_BRUSH,"ii. Toilet Brush, 12-Pack",plastic,,,
71FnX+95JzL,fe/fe10f278.jpg,White,,FOOD_PROCESSOR,,,,,
61cHCrojx3L,20/20596420.jpg,,,ABIS_LAWN_AND_GARDEN,,,,,
71bKIg9aWbL,82/82332e52.jpg,Pelle Di Vacchetta Nappa Nera,,LUGGAGE,,,,,
71py1JrL9CL,3b/3be9b2c1.jpg,,,ACCESSORY_OR_PART_OR_SUPPLY,,Vidrio templado,,,
811XRV4r49L,60/60820e5d.jpg,Black,,KEYBOARDS,,,,,
7125vsiBI-L,71/718547a0.jpg,,,TOILET_PAPER_HOLDER,Toilet Paper Holder/Classic Round,,,,
719kMuzbgtL,d3/d36aeeb5.jpg,ನೀಲಿ,,DISHWARE_BOWL,,ಪ್ಲಾಸ್ಟಿಕ್,,Fruit Basket Set,
91GkLGQBb7L,7f/7fce45bf.jpg,绿色,,INSTRUMENT_PARTS_AND_ACCESSORIES,"AmazonBasics Adjustable Guitar Strap For Electric/Acoustic Guitar/Bass - Includes 3 Pick Holders - Cotton Strap, Green",,,,
61K9CeWQxPL,53/539857a0.jpg,Zwart,118al4303,BOOT,Enkellaarzen,,,,
611Eh3yCovL,5d/5dc50135.jpg,,,INSTRUMENT_PARTS_AND_ACCESSORIES,,,,,
41Zx1B+F-gL,36/3695305d.jpg,Black,,COMPUTER_ADD_ON,1-Pack,,,,
81FjiW0S-dL,3c/3c453cc9.jpg,,,COMPUTER_ADD_ON,,,,,
711Ynimu6OL,f6/f61049a4.jpg,,,THERMOMETER,,,,,
71y0EA5TtQL,1d/1dc610ee.jpg,Blanco,Garment Metal Rack PI-B1,CLOTHES_RACK,1 estante,MDF,,,
813sQhevUTL,81/817f3a3e.jpg,Plum,,FLAT_SHEET,Hoja de Microfibra,Microfibra,100% Microfibra,,
714wg26dCqL,28/28832cbf.jpg,,,SKIN_MOISTURIZER,,,,,
91RiFVppDPL,28/28829821.jpg,,,AUTO_PART,,,,,
81iQg5CFRsL,66/669a118d.jpg,Carbón,,JANITORIAL_SUPPLY,,Goma,,,
91sGmvF5PoL,76/7682f5ba.jpg,蓝色,,HEADBOARD,现代,泡沫,,,
41gLA9xVl9L,f1/f1b92c6e.jpg,White,,HARDWARE,10 x 12-Inch,,,,
71rCo1D1FvL,02/02db5a5b.jpg,काला,,CE_ACCESSORY,,,,,
81t9zMQDz6L,04/04ba6eab.jpg,Röd,,SUITCASE,,,,,
91j5d8YgO7L,6c/6cb2b62f.jpg,Multicolor,,WALL_ART,Silver Metallic/Black Frame,Paper,,,
51PKpXyoZpL,ab/abed843a.jpg,,,VITAMIN,Coenzyme Q10 + D3 (50 mcg),,,,
81wQIpmyKwL,1f/1fcf7be0.jpg,,,VITAMIN,,,,,
71m3CK2xbXL,36/36173cc1.jpg,Stainless Steel,,FOOD_SERVICE_SUPPLY,Apple Corer,,,,
718EE2LNJwL,57/570a54bb.jpg,,,CLEANING_AGENT,,,,,
81SrsO9oPlL,f7/f7dca38a.jpg,,,WATER,単品,,,,
71BVExunDYL,cb/cbae83a5.jpg,,,SAUCE,,,,,
71XOcWbRK+L,17/177d75d5.jpg,,,AREA_DEODORIZER,,,,,
71NdSxssWBL,3e/3eb1f3c1.jpg,,,HARDWARE,,,,,
716Rxuh9VbL,f8/f8943d3a.jpg,Dorado,"10k Yellow Gold Octagon White Mother-of-Pearl Diamond Accent Pendant Necklace, 18""",FASHIONNECKLACEBRACELETANKLET,,madreperla,,,
81xvYokjjJL,89/8940ff1d.jpg,,Botines Chelsea,BOOT,Botinas,,,,
8199J04xQWL,61/618d294c.jpg,黑色,,EXERCISE_MAT,,泡沫,100% poliéster,,
81+-THGXG5L,33/33b7ab94.jpg,Sneakers basse di tela Chuck Taylor All Star Seasonal,Cappello Da Baseball,HAT,Cappello da baseball,Tela,100% Cotone,,
81rMpCNXJoL,0e/0ec8f971.jpg,Vitt,,CABINET,1-dörr vitrinskåp H/V,MDF,,,
91KUiNRa2nL,5a/5ae6f65e.jpg,Black,,HAT,,,,,
71ZuMd3NcIL,40/40805904.jpg,,VITALIA Negroamaro,WINE,,,,,
717dGMw1zVL,9c/9c7af865.jpg,,,BROOM,,,,,
91k12-umL7L,c4/c4c3701a.jpg,Grå,,BISS,"Polyuretan och polyester, pekskärm",,,,
812KT9n0JdL,c6/c6e22bcd.jpg,Black,,SUITCASE,,Others,,,
71z4OIyXKFL,92/92e03680.jpg,Natural,,FOOD_SERVICE_SUPPLY,1 Compartment,,,,
9100Ots8NEL,4f/4f8c397b.jpg,,,VITAMIN,,,,,
811G-ppsl6L,fe/fe3a359e.jpg,Blue,,FURNITURE,Contemporary,Metal,,,
81UDsyYtF3L,b6/b6381580.jpg,Red Stripe,,PILLOW,Bench Cushion,spun_polyester,Polyspun,,
715Mjgpx6FL,63/638dd86c.jpg,,,HERB,,,,,
71YQEL05lwL,8b/8b1538ff.jpg,Negro,,HUMIDIFIER,Humidificación automática inteligente,,,,
61u7F0IrcDL,e3/e3b7b7cf.jpg,,,MEDICATION,,,,,
91pXVP1Oe7L,be/be6580bd.jpg,Stainless,Stainless Steel and Leather Bracelet with USB Functionality,BRACELET,,leather,,,rope
912jRQrxLfL,99/9986f154.jpg,,,TOYS_AND_GAMES,,,,,
81zc8DnN66L,3d/3d957f47.jpg,స్పష్టమైన,,JAR,3 X 720 ml,గాజు,,Container,Round
81OFNoZxoBL,18/1863f153.jpg,,,MINERAL_SUPPLEMENT,,,,,
61+F5VrvzTL,1a/1aa55196.jpg,,,FILE_FOLDER,,,,,
61TFx6h9+5L,e8/e85f10f4.jpg,Black,,CE_ACCESSORY,1-Pack,,,,
71asEXxoXoL,b7/b70b3f8f.jpg,Lichtgrijs,,FURNITURE_COVER,,materiaal,,,
A169Mi1gE2L,0a/0af3045e.jpg,Black,,DRESSER,Contemporary,Others,,,
514PQRP0YTL,d5/d513cd29.jpg,亮灰色（Satin Nickel）,,LIGHT_FIXTURE,,玻璃,,,
71GdWoyIu2L,29/292c18f7.jpg,,,JANITORIAL_SUPPLY,,,,,
A1zpoSmBhFL,8c/8cb87cb7.jpg,Green,,JANITORIAL_SUPPLY,,,,,
318ZCt3mcVL,4d/4d319175.jpg,,,ABIS_ELECTRONICS,Custodia + Powerbank,plastica,,,
51TrboUyqnL,45/45f8567e.jpg,Latón dorado satinado.,,LIGHT_FIXTURE,Mid-Century Modern,Metal,,,
41S2+c+t3oL,70/708c5b96.jpg,,,NOTEBOOK_COMPUTER,Borsa + Mouse Wireless,,,,
41XG9AKfgWL,f9/f91d04a6.jpg,Black,,CAMERA_TRIPOD,,,,,
61fAIwXNhrL,1c/1c8d3f35.jpg,,,SKIN_MOISTURIZER,,,,,
81zZID4eCxL,4b/4b20ea46.jpg,,Boys' Snapback Flat Brim Cap,HAT,Gorra de visera plana Snapback para niños,,100 % Algodón,,
71IosZ9aQ7L,ac/ac2c2698.jpg,,,EDIBLE_OIL_VEGETABLE,,,,,
71X-QHjHn3L,e9/e9ea6b49.jpg,ಬಹುವರ್ಣ,,FILE_FOLDER,,Plastic,,,
71A9ZTh7y5L,1e/1ee6dbb0.jpg,,Marin,BOOT,Chelsea Stiefel,,,,
713ExtPIXVL,5d/5d67d4a9.jpg,,,LIP_COLOR,Effortless look,,,,
81GXKGv-wnL,3e/3e6c029b.jpg,白色/棕色,,DESK,现代,木头,,,Rectangle
51gUnPL0HgL,1f/1fa6b99c.jpg,,,JANITORIAL_SUPPLY,,,,,
71vjuCg3SwL,b3/b3ff4ee2.jpg,,,TOOLS,Hammer,,,,
61JPPBG0oWL,7a/7a8176a2.jpg,Beige,,STORAGE_BOX,,Tela,,,quadrata
71-eyReiFAL,1e/1e5df025.jpg,,,ABIS_BEAUTY,,,,,
81PpVKGAPuL,16/16d80ad0.jpg,,,EDIBLE_OIL_VEGETABLE,,,,,
711Egyhah8L,d1/d1092873.jpg,,,STORAGE_HOOK,,,,,
91OVHgaUiYL,05/0533e2e8.jpg,,,LEGUME,,,,,
81irPBWYl8L,9d/9d783efb.jpg,,,NUTS,,,,,
81TggrZIBoL,b6/b6d7a4e3.jpg,Black,,LUGGAGE,,,,,
81pjJtgiYDL,05/054a2e04.jpg,,,TOWEL_HOLDER,,,,,
61QebXEIfvL,0c/0c6107ea.jpg,White,,STORAGE_BINDER,1-Inch,,,,
91VMCYytpxL,15/15dc1d11.jpg,グレー,Laptop Sleeve (With Retractable Handle),PORTABLE_ELECTRONIC_DEVICE_COVER,アーバン,Neoprene,Neoprene & Polyester,,
61V65BBdMAL,94/94895ac1.jpg,Black (Black Black),Leather,SANDAL,Leather Cross Over Sandals,,,,
318MiATr8KL,c6/c6ba083c.jpg,Zwart,,BATTERY,AAA 12 stuks,,,,
61M2U0QA0UL,d3/d3a5c66c.jpg,,,BEAUTY,Dental Flossers,,,,
51nA9w1TMyL,bc/bcee8de9.jpg,,,POULTRY,,,,,
51+iqa3FI8L,4d/4de75c37.jpg,블랙,,WASTE_BAG,,,,,
61Z2XAa2KeL,6a/6a5eaf50.jpg,,,PASTRY,,,,,
31nMYnzLHyL,90/90396361.jpg,Fawn,,SWATCH,,,,,
917b5BWjvnL,27/272a0dc8.jpg,Black,,PORTABLE_ELECTRONIC_DEVICE_COVER,My Passport Essential Case,,,,
81-iKroHRjL,97/97673a15.jpg,,,RECREATION_BALL,6LB,,,,
610C9vx5G1L,4c/4ccf2815.jpg,,,MEDICATION,,,,,
91nq0o0moML,8c/8c307c71.jpg,Red,,FOOD_SERVICE_SUPPLY,Grease-Resistant,,,,
71s-dja86GL,69/69ae2638.jpg,,,SKIN_CLEANING_AGENT,,,,,
91WrG6IAITL,72/72a58243.jpg,Smokey Blue,,SWATCH,,,,,
81cDXseay5L,f2/f229d88a.jpg,Carbón,,DRYING_RACK,Paquete de 4,,,,
71YjfqljFbL,3c/3c5cdab0.jpg,,,NUTRITIONAL_SUPPLEMENT,,,,,
81km8+F21lL,47/47856930.jpg,灰色,,DESK,书桌,木头,,,
51EOx4I8JBL,15/15b329b7.jpg,Blue,,HEADPHONES,,,,,
61MlTE9IHPL,e7/e7b8a145.jpg,,,MEDICATION,,,,,
715wResFL7L,50/5082b06d.jpg,,,BATTERY,単4形×100個,,,単品,
513nTO82THL,74/743b0ea8.jpg,Blanco,,ENVELOPE,ventana izquierda,,,,
71SQLSuqc5L,02/0256efe6.jpg,Blue,,NECKLACE,,,,,
81vT3W4inML,18/18a8b8b8.jpg,violet,,SUITCASE,48 cm.,,,,
61-BW9NM9BL,4b/4bc0d943.jpg,,36911,SANDAL,Chaussures,,,,
51KDO7jfWwL,76/76d5f3f2.jpg,Blue,,HOME_ORGANIZERS_AND_STORAGE,,Steel,,,
71CnhtRhEIL,64/6490c570.jpg,Transparent,,JAR,Single,Plastic,,,
81Ls6O-RAlL,f1/f17898f6.jpg,Blanc,,WINDOW_SHADE,0,Aluminium,,,
81Mi5sNKGFL,fd/fd7f5587.jpg,블루,,STOOL_SEATING,Counter Stool,,,,Square
81JBVb5dTNL,20/20be547d.jpg,,,FLOUR,,,,,
61MyZYPzJYL,af/af2b780b.jpg,,,COFFEE,,,,,
91kM61IDGPL,cb/cb78efcc.jpg,深灰色,,PLANTER,,炻器,,,
816Y0igffiL,78/7821be85.jpg,,,TOOLS,,,,,
81A+q8ecs6L,a4/a43357e4.jpg,,,TOOLS,,,,,
A1XDW6P0ewL,83/8328b6ae.jpg,Multi Color,,CURTAIN,Green and Pink,canvas,,,
71AXk0uKD-L,f6/f669cb68.jpg,വെള്ള,,FURNITURE_COVER,,പോളിസ്റ്റർ,,,
61IA6QLJacL,eb/eb16a753.jpg,Walnut & Black,,DRESSER,Modern,Metal,,,
71C32utvUYL,1a/1abc7d72.jpg,,,AUTO_ACCESSORY,,,,,
61ZfIHCurTL,bf/bf0206ee.jpg,White,,ELECTRONIC_ADAPTER,Adapter,,,,
61Qs3aMK1WL,b2/b2bb68c7.jpg,Bronze Huilé,,TOWEL_HOLDER,Moderne,,,,
71RIC1lIW1L,ac/ac0be2e7.jpg,Leopard Calf Hair,Cameron Flat Thong Sandal,SANDAL,Cameron Flat Thong Sandal,,100% Calf Fur,,
91uYHwtkOWL,28/2816b9b9.jpg,Brown,,CABINET,,Wood,,,
81mp9xu2mzL,a2/a2421797.jpg,clear,,DRINKING_CUP,Drinkware Set,,,,
61MPxFOE37L,27/27bf354c.jpg,Negro Black,Albert,BOOT,Botines Chelsea,,,,
41tBhcQur5L,5e/5e75ea1d.jpg,,Canvio Basics,COMPUTER_DRIVE_OR_STORAGE,Festplatten + Zusatz-USB-Kabel,,,,
71vQAG7LEWL,e7/e77adaa3.jpg,,,CLOTHES_HANGER,50-Pack,Plastic,,,
91UjNKKlPvL,8f/8fc4b03c.jpg,red,,DISHWARE_BOWL,12 oz Bowl,,,,
719dhldX5gL,f8/f8b431ed.jpg,,,FIRST_AID_KIT,,,,,
91lf+JFfyZL,da/da81abc1.jpg,Negro,,ELECTRIC_FAN,,,,,
61gBtnMNdGL,22/22385092.jpg,,,SHOE_INSERT,,,,,
91z8uYlcTzL,9e/9ef15fcd.jpg,,,HERB,,,,,
91gSxUgXh0L,c2/c261b249.jpg,Biege,,BASKET,Set of 6,Plastic,Plastic,,
51IEUHbeUNL,c6/c6b2b784.jpg,"Rojo, rosa, verde, blanco.",DARR121100,CASSEROLES,,Porcelana,,,
71CquonAWrL,45/4553e60e.jpg,,,CRACKER,,,,,
81Nw+eLcdoL,76/76c37862.jpg,Noir Black Black,R2918,BOOT,Bottes Classiques,Cuir,,,
51PrSRxqc5L,ed/edbe68df.jpg,,,SKIN_MOISTURIZER,Nutritiva,,,,
51nXKsI3y6L,63/635157a7.jpg,,,PERSONAL_COMPUTER,,,,,
71jMs92kAGL,c5/c5abba57.jpg,粉红色,,PLANTER,,木头,,,
6180mXtyGqL,cf/cf8fb33b.jpg,Black,,HARDWARE,,,,,
81YqmiJtidL,ec/ec125733.jpg,,,WRITING_INSTRUMENT,,,,,
71CyFaD7fZL,7e/7e0b9084.jpg,,,DRILL_BITS,,High Speed Steel (HSS)，Carbon Steel,,,
61g1nwetzPL,11/119a2139.jpg,sortiert,,LABEL,,,,,
81upwC5AnHL,4e/4e3d547c.jpg,Grau,,COSMETIC_CASE,,,,,
61ZAZYhUySL,15/1576dcf2.jpg,Negro (negro negro).,R2383 Roza,BOOT,Botines sin forro.,,,,
7168SQSfblL,63/63d9817a.jpg,,,TOOLS,Aluminum,,,,
81kpn07w0mL,3c/3c15d06e.jpg,Cream Herringbone Performance Beige,,HEADBOARD,headboards,灰石色,Romero Performance Beige,,
71Uq-TrZIjL,fe/feff9d03.jpg,,,INSTRUMENT_PARTS_AND_ACCESSORIES,"AmazonBasics cuerdas para guitarra acústica, núcleo de acero, aleación de cobre",,,,
71VCizDbOGL,7e/7ef5572c.jpg,White,,LABEL,2 Rolls,,,,
61ngBd5MZZL,9c/9cce7c9e.jpg,Oil-Rubbed Bronze,Modern,LOCK,Right-Hand Orientation,Zinc,,,
A1ygoJzzyML,16/16cc4d9b.jpg,Dark Grey,,OTTOMAN,,,Fabric,,
71igpgC2H0L,49/496a1801.jpg,,,SKIN_CLEANING_AGENT,,,,,
71WwCu3WtUL,50/50ca9fe4.jpg,Moteado orgánico.,,DISHWARE_BOWL,,,,,
817d2-Q95aL,a7/a74e6b9b.jpg,,,FURNITURE_COVER,Dog Metal Crate Cover,,,,
61pJWkiAWbL,6c/6c184b15.jpg,,,TRACK_SUIT,,,,,
81-skdZSXML,fc/fcce75c2.jpg,深棕色,,PLANTER,,陶瓷,,,Round
51zAQKIXDLL,84/8454aa7c.jpg,White,,BISS,UK,,,,
918urYoZyVL,f6/f6a69b41.jpg,,,LEGUME,,,,,
71j88OJW7DL,2d/2dcee730.jpg,,,SKIN_MOISTURIZER,,,,,
81iTXv2YqlL,f1/f13410ab.jpg,Green,,RADIO,,,,,
A1svQizXAQL,a5/a5612e01.jpg,Dark Gray,,BABY_PRODUCT,hoeslaken,,,,
91i+PAMzPyL,e7/e7d161aa.jpg,,,POULTRY,,,,,
81OoIxRef0L,5d/5da1bbb0.jpg,,,CLOTHES_RACK,,,,,
815F1HC2EvL,91/91bf5825.jpg,Lavendel,,COSMETIC_CASE,,,,,
71Xn848B52L,87/87aa1f02.jpg,"Grå-10,5 Tog",,VASE,,,,,
819BU-1hZQL,7b/7bf6869b.jpg,Marron,,CABINET,Buffet,Legno,,,
615t96Q4xYL,be/be7cc53b.jpg,,,NECKLACE,,,,,
61VsAK4MrlL,c9/c9735c81.jpg,Vitt / klassiskt trä,,ABIS_DRUGSTORE,oval,,,,
71cbrj0Ip6L,ad/ad82c9a1.jpg,,Amazon Brand Mama Bear Fresh Lightly Fragranced Baby Wipes Pack Of ' Total,SKIN_CLEANING_WIPE,Fräsch,,,,
81c2fYNCe0L,da/daad9531.jpg,bruin,,LUGGAGE,,Leder,,,
812olB6pIfL,f2/f2765ed1.jpg,,,COFFEE,,,,,
716KBBSUtFL,58/58e8d0f0.jpg,Whtie,,FOOD_SERVICE_SUPPLY,6 Gal.,,,,
51PPUYIg37L,32/32effc7a.jpg,White,,POWER_SUPPLIES_OR_PROTECTION,3-Outlet and 2-USB,,,,
71y8NFhrFaL,d6/d6305846.jpg,Black,,WIRELESS_ACCESSORY,3-Foot,,,Cable,
51Ysbh6gzdL,f5/f5af24f4.jpg,绸缎黄铜,,LIGHT_FIXTURE,经典,,,,
617BSKBrHVL,18/185c5347.jpg,നീല,,JAR,6 Pieces,പ്ലാസ്റ്റിക്,,,Round
31LnoOQZMwL,2f/2f626eda.jpg,,,BEAUTY,,,,,
71GZU0SkoXL,3a/3a859678.jpg,Blanc,,STRING_LIGHT,Rising Star,plastique,,,
51YGqT7CzqL,28/28a322e7.jpg,,,AREA_DEODORIZER,,,,,
81qORp3M-eL,2c/2c49501c.jpg,,,BATTERY,,,,,
61k7-CC57bL,5f/5f613489.jpg,,,ABIS_BEAUTY,,,,,
71XIJVG6tqL,5a/5af26c5d.jpg,イエローゴールド,,NECKLACE,,,,,
71CtLQrgHfL,98/986830a1.jpg,,,CLEANING_AGENT,Lavender,,,Floor Cleaner,
713PAZJ6QVL,89/893bfea0.jpg,Black,,STORAGE_BAG,,Nylon,,,
71aoiM9lhkL,2e/2eff6b25.jpg,,,BAKING_CUP,24'lü paket,,,,
91KHMuJ415L,3a/3adb008e.jpg,,,POULTRY,,,,,
519vN4z2A1L,67/6790a0cd.jpg,,,PLUMBING_FIXTURE,,,,,
61dc7UGT9GL,5a/5aa7127a.jpg,Antique Brass,Toggle and Gang,HARDWARE,Toggle and Gang,,,,
71ck7CJjPvL,3a/3a2298b5.jpg,白色,,AIR_CONDITIONER,PH Series Aire acondicionado portátil con mando a distancia,,,,
71Gb7z33CpL,b7/b78ae4fc.jpg,Grey,,JANITORIAL_SUPPLY,,,,,
71mseHjqkhL,c2/c2a5643f.jpg,Cuero de Napa Marrón,,WALLET,,,,,
81kaCh8N+LL,fd/fdb7950d.jpg,Multi,,EXERCISE_BAND,,,,,
A1xZ+Zwl+PL,7e/7ec3ef7d.jpg,رمادي داكن,,FURNITURE_COVER,椅子,بوليستر,,,
71WaFJik6CL,bc/bc021078.jpg,,,BEAUTY,,,,,
81oXghqWLxL,56/56f06f7c.jpg,,,NECKLACE,,,,,
61QINKggknL,00/00888584.jpg,Weiß,,WIRELESS_ACCESSORY,,,,,
71i0B43fKUL,eb/eb2b559f.jpg,,,PAPER_PRODUCT,,,,,
81nIPMT6mPS,49/49eaa1b7.jpg,,,TOOLS,,,,,
916C0wu++1L,80/80d784b0.jpg,青铜色,,PLANTER,大花瓶,炻器,,,
81aMXSWqTNL,25/25fb6382.jpg,,,OUTDOOR_RECREATION_PRODUCT,Small,Constructed of high density polyester with waterproof backing,100% Polyester,,
6130gB-uumL,95/95875f10.jpg,Noir,,LOCK,Combinaison à 5 chiffres,,,,
5178kOm7ZyL,d0/d01e8724.jpg,ブラック,,WIRELESS_ACCESSORY,,シリコーン,,,
811Ri4El0aL,06/061fadef.jpg,,,NUTRITIONAL_SUPPLEMENT,,,,,
71CN7FkkQCL,50/50ce755d.jpg,Verde,3735,FOOD_BLENDER,Enchufe UE,Plástico,,,
71RQYAdu8wL,0b/0b89135d.jpg,,,BABY_PRODUCT,,,,,
71bRUTg1OmL,10/10ffee85.jpg,,,FOOD_SERVICE_SUPPLY,Heavy Duty,,,,
71EPCzEbCcL,33/3316dbcc.jpg,Alpin material: PVC,,CABINET,Garderob med skjutdörrar,,,,
6143kdWBS8L,12/12fc4801.jpg,Geölte Bronze,,TOWEL_HOLDER,Klasik,,,,
81tAYvIG0RL,9c/9c376a17.jpg,Multicolor,,WALL_ART,Silver Metallic/Black Frame,,,,
81Csf4D8oiL,89/89da917c.jpg,,,VIDEO_PROJECTOR,,,,,
91jC05hRXsL,20/2059db85.jpg,Orange,"Orange Tone Morrocan Collar Braided Statement Necklace,20""",NECKLACE,STA001J B,Not applicableNot applicableNot applicableNot applicable,,,
71id2lFKjTL,54/54e5a266.jpg,Blanco Brillante,,FLAT_SHEET,Hoja de Microfibra,Microfibra,100% Microfibra,,
81Q6Bqd8pIL,20/2069bec4.jpg,Black Nappa,,WALLET,,Cuero,,,
71lLiSBlZ+L,2b/2bb01235.jpg,,,VIDEO_GAME_ACCESSORIES,,,,,
61l3Yar0T1L,8e/8e5d1aaa.jpg,pink purple,,ACCESSORY_OR_PART_OR_SUPPLY,,,,,
919BpwSoX+L,08/0818b825.jpg,Marshmallow,,OTTOMAN,,,tela,,
71l0hvXUFZL,7b/7ba791ba.jpg,Almond,IDA -2W4-10,BOOT,Flexi-Sole Leather Chelsea Boots,,,,
71kMipGL+0L,10/109324e0.jpg,Roestvrij staal,,FOOD_SERVICE_SUPPLY,Draaibare Peeler,,,,
51pMIG4-zTL,27/27849fd2.jpg,,,COOKIE,,,,,
71abPiKlwmL,0e/0e9dab37.jpg,,,JANITORIAL_SUPPLY,Lobby Dust Pan,,,,
91EkxJv3TWL,a7/a77716f8.jpg,灰色,,STORAGE_BAG,,ポリエステル,,,
71u7l5qtVIL,bd/bdb350fd.jpg,,,TRASH_CAN,,,,,
810lMEAN3TL,b2/b2c3d03c.jpg,रुपहला,,FLATWARE,With 6 Soup Spoons,Stainless Steel,,,
716HC8dvU9L,35/35d21c6e.jpg,,,SANDAL,Wedge Leather,Leather,,,
814CmOjgI0L,8a/8a768af7.jpg,Negro Black,36963,BOOT,Botas,,,,
51QzVsd4mrL,d5/d5c45590.jpg,,,WASTE_BAG,,,,,
81rGiKXLPmL,22/220a9eba.jpg,,,SECURITY_ELECTRONICS,,,,,
61ATLS-cRYL,39/393f27a2.jpg,,,NUTRITIONAL_SUPPLEMENT,,,,,
51WQBP7zuUL,65/654e8d60.jpg,,,LEGUME,,,,,
71T5jBc6ngL,51/51a139fb.jpg,,,ACCESSORY_OR_PART_OR_SUPPLY,,,,,
61gyYbZ13ML,9a/9ac2f5bc.jpg,Ljusrosa,,DUTCH_OVENS,,,,,
716+XrlkJyL,ec/ec42d1fe.jpg,,,FOOD_SERVICE_SUPPLY,,,,,
41iTddaw0FL,40/40f2802b.jpg,Black,BBHR33,BED_FRAME,,Steel,鋼,,Rectangle
51pTqGv4YGL,11/1134285c.jpg,,,NUTRITIONAL_SUPPLEMENT,,,,,
A1wxEDZqM-L,e5/e5fefd00.jpg,Grey,,PORTABLE_ELECTRONIC_DEVICE_COVER,"iPad Pro 10.5""",Cuero sintético,,,
9173kc1VIPL,65/65754273.jpg,,,CABINET,5-Cubby,Wood,,,
81pvhy35k8L,8f/8f7d2353.jpg,그레이,,STOOL_SEATING,,,,,Square
81qdAwdmvkL,05/05c79712.jpg,大麻,,STOOL_SEATING,,,,,
71P916xuvML,f9/f9ae0692.jpg,Leopard Calf Hair,Sabor,SANDAL,Sabor Flat Sandal,,100% Leather,,
71Qv0LC20nL,66/666620ca.jpg,白色,,CLOTHES_RACK,,,,,
51ZUtL38GkL,67/671c4269.jpg,,,ABIS_BEAUTY,Effet combleur au peptide,,,,
81h2+kEL37L,8d/8dfef746.jpg,,,LUGGAGE,,,,,
91xKokifBWL,26/26480d40.jpg,,,OUTDOOR_RECREATION_PRODUCT,,,,,
81a8z3J9mNL,bd/bd64939f.jpg,Negro,,HOME_LIGHTING_ACCESSORY,Enchufe plano con conexión a tierra,,,,
71JrBN7b3KL,d5/d50c8170.jpg,Blue,,COMPUTER_ADD_ON,6-Foot,,,Cable,
71dnxpgK+FL,58/582a3358.jpg,,,MAJOR_HOME_APPLIANCES,Standard,,,,
81SMUTLUCgL,3b/3b271e72.jpg,Pimienta,,JANITORIAL_SUPPLY,,Goma,100% Molded Carpet,,
81EEw6nqOUL,6e/6e048cc3.jpg,Metallic Grey & Lime,,PORTABLE_STOVE,,Polyester,,,
91WS9B6GU+L,75/751ecfe4.jpg,,,COFFEE,Espresso Gemahlener,SILVER,,,
912nMw+qTFL,e8/e8f1826d.jpg,Green,,THERMOPLASTIC_FILAMENT,,,,,
71Ph+W4SIyL,7c/7c89a8f7.jpg,Turkos,,SAUTE_FRY_PAN,,,,,
A168-46rh4L,d2/d24c3671.jpg,Black,,BACKPACK,,,,,
41FnoTbGotL,20/20e439c8.jpg,,,OFFICE_ELECTRONICS,,,,,
81zqRhuGKcL,40/4045ec4a.jpg,,,SNACK_MIX,,,,,
81FzB2hy04L,04/04d02da1.jpg,Natural,Granville Drop-Leaf Kitchen Cart,FURNITURE,Antique,Wood,,,Rectangular
81oPKdSFpKL,42/42d63e50.jpg,ഇരുണ്ട നീല,,TOOLS,,പ്ലാസ്റ്റിക്,,,
41033NP5UXL,4b/4b8c8e98.jpg,Lime,,VEST,,,,,
61gv3auIS5L,ad/add3d691.jpg,,,DRINK_FLAVORED,,,,,
71uH8gfPNyL,33/338749e9.jpg,Kopparfärgad,,CLOCK,Metall,,,,
91cltn1BZwL,4c/4c81cf43.jpg,ചാരനിറം,,SUITCASE,,abs,,,
61KVu9jsB5L,4d/4d2852be.jpg,Negro,,CAMERA_LENS_FILTERS,,,,,
81rcq6mJpQL,da/dab200c9.jpg,,,TENT,Pop-Up,,,,Round
71VGH0vXz8L,17/1732e076.jpg,黑色,,LIGHT_FIXTURE,复古,金属,,,
51fElGF-gzL,b0/b0ee5be4.jpg,,,PRINT_COPY_PAPER,Shredder + Copy Paper,,,,
71Qb7YmDdAL,93/9363c8e8.jpg,青铜色,,LIGHT_FIXTURE,0,,,,
A1g+oS03mGL,65/65751307.jpg,Black,,WALL_ART,Contemporary,canvas,,,
91KLNMfgazL,aa/aabc6a5b.jpg,Stainless,Stainless Steel Mesh Cuff Bangle,BRACELET,,Metal,,,
61T-YO4LhTL,d4/d447d670.jpg,,,PERSONAL_PILL_DISPENSER,,,,,
71gZc+GuYtL,70/70e00b30.jpg,,,VINEGAR,,,,,
615T9DFbThL,3a/3aad6fb8.jpg,ホワイト,新生児肌着4点セット,BABY_PRODUCT,,綿100%,,,
818+cVTt70L,7e/7e371e63.jpg,Brown (Dark Brown),Manning,BOOT,Manning,,,,
81cKtgPjz3L,12/1256dc94.jpg,Blanco/Roble Sonoma,,CABINET,Aparador armario (2 puertas),,,,
71MyPFdg7GL,52/524aaa02.jpg,white,,DRINKING_CUP,,Stainless Steel,,,
812B9YH2vQL,4f/4f4aaa02.jpg,"Marron, Transparent",,HARDWARE,Lot de 48 pièces,,,,
81A16+26frL,54/5403e064.jpg,,,JUICE_AND_JUICE_DRINK,,,,,
810Vo6g6bvL,e3/e3e5980c.jpg,Sky Blue,,WALLET,Wallet,Synthetic,,,
71VJUV-7RJL,f6/f624ea27.jpg,,,INSTRUMENT_PARTS_AND_ACCESSORIES,Booster,,,,
71uC7LwCoTL,b5/b5121ed6.jpg,Charcoal,Marsh_syntetic,BOOT,Suede Look Chelsea Boots,Suede,,,
61Sa0iCgyYL,7e/7e53e7c6.jpg,Blanc,Thong Sport Sandal With Molded Outsole,SANDAL,Sandales de sport avec semelle extérieure moulée.,,100 % polyuréthane,,
51tE70hDRAL,84/8489305a.jpg,,,BATTERY,,,,,
71tfFuqVlrL,44/44e85636.jpg,,,BEAUTY,,,,,
41IWzJTBeHL,7c/7cc9e8c4.jpg,,,BAKING_PAPER,,,,,
71A5eJmRyCL,ce/ce984f19.jpg,镀铬色,,LIGHT_FIXTURE,,玻璃,,,
71r72RrBtDL,02/0207b5e2.jpg,White,,POWER_SUPPLIES_OR_PROTECTION,World Wide,,,,
71KjsVv80mL,14/1407d9e1.jpg,,,DISHWASHER_DETERGENT,,,,,
51dRwT4vJcL,10/1022ae23.jpg,Light Blue,,JANITORIAL_SUPPLY,Alcohol Free,,,,
818by37QKwL,ee/ee288f45.jpg,,Sia Pointed Toe Western Ankle Boot,BOOT,Sia Pointed Toe Western Ankle Boot,,100% Microsuede,,
91kgI02fPZL,a6/a63ec73d.jpg,Gris,,HAT,,,100 % Lana merino,,
71oAwZAjeTL,74/74a66f81.jpg,,,DRINKING_CUP,Paper,,,,
71rRL3mDQRL,e8/e8fedd0d.jpg,,,LEGUME,,,,,
61eoXMWfqHL,3a/3aeaa302.jpg,,,FLATWARE,Peso medio,,,,
613TygrAfRL,cf/cf260d55.jpg,Walnut,,STORAGE_HOOK,Paquete de 2,,,,
71hHFYwGoeL,ab/ab803fd1.jpg,,,SOUND_AND_RECORDING_EQUIPMENT,Steel,,,,
61hLmaBRtnL,ae/ae1d000d.jpg,,,HARDWARE,,,,,
919kQ72DzSL,61/6180a00b.jpg,,,COFFEE,,,,,
61DUnACPA3L,36/36f2e9c1.jpg,Antique Brass,Modern,LOCK,Right-Hand Orientation,Brass,,,
81yT-r4Ey-L,30/30f0ede4.jpg,Azul,,JANITORIAL_SUPPLY,,Goma,100% Carpet - Vinyl,,
71IJTIcmO4L,63/6372f250.jpg,シルバー,"STERLING SILVER LIGHTWEIGHT PENDANT BOX CHAIN NECKLACE, 24""",NECKLACE,チェーン,金属,,,
91eXOdbXhsL,37/37e3a3f7.jpg,Gull Grey,,PILLOW,,,Front: Cotton Velvet; Reverse: Cotton Velvet,solid,Square
61BWfjX4bEL,1b/1b030df6.jpg,Gris,,DISHWARE_PLACE_SETTING,,Porcelaine,,,
812Aad--KPL,9b/9b8480ae.jpg,白,,NECKLACE,,,,,
61gg9fHjGvL,71/718d329d.jpg,0,,CONDITIONER,Balsamo,,,,
81l3Yq0sFcL,a2/a2fdfc71.jpg,,,NUTS,,,,,
71P1M1v-y4L,0c/0cb44831.jpg,블랙,,CLOTHES_RACK,,,,,
51W2NBVTAaL,31/31ae8b81.jpg,Sonoma eiken/alpinewit,,FLAT_SCREEN_DISPLAY_MOUNT,TV-meubel,,,,
815viO1jU4L,b4/b4f9f4d0.jpg,Blu,,PORTABLE_ELECTRONIC_DEVICE_COVER,,,,,
71rXOJCu49L,a1/a1f7eb3a.jpg,,,COOKIE,,,,,
71fgcT0tC+L,43/43ca0109.jpg,,,BEAUTY,,,,,
61rXtv0Y4tL,48/4866547a.jpg,,,MEDICATION,500 Mg,,,,
81BCFl-YAxL,39/39a90f81.jpg,,,NOODLE,,,,,
71Qh65DH-iL,5a/5a337250.jpg,Copper,,CLOCK,,Copper,,,
71shyMdml6L,b5/b5c68ec4.jpg,Schwarz,,STOOL_SEATING,Fest,,,,
41EoG7qXqLL,1e/1e9f2870.jpg,,,COMPUTER_ADD_ON,,,,,
81PZZ8H3XwL,29/296fc891.jpg,Marrón,,HEADBOARD,Modern,硬木,,,
31QAinUBTiL,d1/d180b9c6.jpg,Oak,,DESK,Curved Desk,Wood,,,Rectangle
71SCv0W0A8L,f6/f6690410.jpg,నీలం,,JAR,,ప్లాస్టిక్,,,Round 
81JhVh-rMoL,6a/6ab99b84.jpg,Gray,A0017,BED_FRAME,,,,,
715lTiSLVQL,26/2681575f.jpg,,,WRENCH,,,,,
71Slfwc466L,6d/6d8cf6fb.jpg,,,SKIN_CLEANING_AGENT,Normal,,,,
71mU3QjB0vL,27/27bddd9a.jpg,,,DAIRY_BASED_DRINK,,,,,
619BPksnPvL,6b/6b8c8a9a.jpg,Stone,,SWATCH,,,,,
51DvWZaxsJL,4b/4b4419c4.jpg,,,DAIRY_BASED_DRINK,,,,,
91m6HOx3trL,58/58035a90.jpg,,,CABINET,3 Door Cabinet,Wood,,,
81EMNnLS3zL,3c/3c02db64.jpg,,,VITAMIN,,,,,
71xIb7dYaTL,b1/b1fd8e86.jpg,Pink,,SUITCASE,,ABS+PC,,,
81-q+pKT92L,91/91dc8d00.jpg,,,HAIR_COLORING_AGENT,,,,,
61cRrMm2cdL,b4/b41a29b7.jpg,,,PUMP_DISPENSER,Teardrop,,,,
71UuyB0kR1L,ec/ec6ce291.jpg,,,ABIS_LAWN_AND_GARDEN,Telescopic Lawn Rake,,,,
81eyipWoPDL,9e/9eebc4fe.jpg,Brown,,SHELF,Low Solid Bookcase,Pine,,,Rectangular
619LNDbmj4L,ee/ee0e9453.jpg,White,,DESK,,,,,
6184qpQA1vL,0a/0a3435ed.jpg,,,COFFEE,,,,,
81acYbSa-RL,24/24fad9a6.jpg,ホワイト,,WASTE_BAG,,,,,
61U0bxFeRkL,f0/f05ebb14.jpg,नीला,,SUITCASE,,अन्य,,,
91IMp6WoL9L,28/2858f6c7.jpg,blauw/geel,,UMBRELLA,Blue/Yellow,Metall,,,
51DeJT735ML,bb/bbe2d1a9.jpg,Cromo Pulido,,SHOWERHEAD,,plástico ABS,,,
51ZqkPthUuL,6b/6b13a599.jpg,,,SKIN_FOUNDATION_CONCEALER,,,,,
91C0Z-VKDjL,87/87db0407.jpg,Green,,WALL_ART,Contemporary,Paper,,,
81n+bs8dzdL,e1/e1adf5d4.jpg,white,,SEALS,Merv 8,,,,
91QKzxuRHTL,dd/dd2f3025.jpg,Black,,WALL_ART,New York,,,,
91oct0h3tVL,55/55a3cd5c.jpg,,,BREAKFAST_CEREAL,,,,,
61nH-ox3szL,5a/5a44a697.jpg,Elfenbein Off White Croc,Lattice Strap Mule,SANDAL,Lattice Strap Mule,,,,
41EPaDQMtOL,a8/a8874bcf.jpg,,,COMPUTER_COMPONENT,,,,,
61LwWaLoGpL,50/50e4fbbb.jpg,,"AmazonBasics Quick-Install Soft-Close Toilet Seat, Round, White, 1-Pack",TOILET_SEAT,"Schnellinstallation, Absenkautomatik",plastik,,,Rund
71UlX3f+4WL,67/6793e10c.jpg,,,FOOD_BLENDER,without accessary,,,,
71029lSjagL,28/28640817.jpg,Green/Yellow,,TOY_SLIME,Solid Slime/Putty,,,,
41NCYVP-S2L,3e/3eef2ddb.jpg,,,RING,リング,,,,
81nQB3vrh+L,e1/e11a023b.jpg,بني/أسود,,DESK,Industrial,معدن,,,Rectangle
71t01pDfe7L,c1/c17fca62.jpg,,,STORAGE_BINDER,,,,,
71MMWnRGREL,61/61abb2c9.jpg,weiß,,ANTENNA,35 Mile,,,,
A1akrX+K4dL,fe/fe976f01.jpg,Azul,,PILLOW,Solo portada,,,,
71F9r43t3GL,6d/6da97b49.jpg,Blanco,,STRING_LIGHT,bombilla G60,,,,
61x09cYRkOL,02/028c2c72.jpg,Black,Samsung Galaxy M31,SCREEN_PROTECTOR,,Plastic,,,
81eNlfnHzUL,3d/3d71efba.jpg,Multicolour (Floral Print 06),123452,BOOT,123452,,,,
61OJllzkoNL,e8/e8d49c4a.jpg,Negro,,PUMP_DISPENSER,,,,,
51G2wUxQuOL,d5/d559c41b.jpg,,,WATER,,,,,
91GQ8DytzEL,7f/7f78fc3d.jpg,岩石灰,,OTTOMAN,,polyester/nylon /wood,织物,Sitz,Square
61kV5bUaFpL,10/10ed510e.jpg,Mustache V1,,HAT,,,,,
71Wm7F0jK1L,63/634aff1b.jpg,橡木色,,INSTRUMENT_PARTS_AND_ACCESSORIES,2 件装,,,,
6197gq2rQjL,bd/bdc2b636.jpg,Red,,BACKPACK,,Polyester,,,
51vh4NNU4bL,fe/fed0d33a.jpg,Clear,,DRINKING_CUP,15 oz Stemless,,,,
71QtXRujjXL,f3/f3fbe12b.jpg,Rot,,ABIS_LAWN_AND_GARDEN,,,,,
51acE44vLHL,c5/c593ea86.jpg,,,DAIRY_BASED_DRINK,,,,,
31JwR88unuL,27/2767fe48.jpg,Pink,,TOTE_BAG,,Cotton,,,
61M+46bghDL,fa/fac8317b.jpg,മൾട്ടി (ബഹു),SOL-HD-63,STICKER_DECAL,,PVC Vinyl,,,
71z27fqh9wL,87/870528a9.jpg,,,PROTEIN_SUPPLEMENT_POWDER,,,,,
61urFnbTo8L,22/228ac1b7.jpg,,,COFFEE,Espresso Gemahlener,SILVER,,,
71QrhbAJqgL,26/2640b331.jpg,Cream,,SUITCASE,,,,,
61JrPK0uzoL,1c/1c749da5.jpg,,,HEADPHONES,,,,,
810t0psKeYL,6f/6fb8c5a0.jpg,,,VACUUM_CLEANER,Stofzuiger,,,,
A1W9cRVuAOL,d9/d9cd283d.jpg,Multicolor,,WALL_ART,Brooklyn Bridge,,,,
915hcr4OwWL,f5/f5d0b585.jpg,Sky Blue,,STORAGE_BAG,,PP,,,
71VkslXO-fL,23/239588a0.jpg,Clear with Tinted Cups,,PITCHER,Drinkware Set,,,,
81V8j8WzyeL,d7/d7032b34.jpg,Negro,,FOOD_SERVICE_SUPPLY,Open Slot,,,,
91Hihij4KvL,d6/d62ef6c6.jpg,Yellow Scallop,,FLAT_SHEET,Hoja de Microfibra,Microfibra,100% Microfibra,,
813TFYo6OHL,a0/a0edc4c4.jpg,Madera/Cromo,,SHELF,,Madera,,,
91FK0PJdpEL,b7/b7dcef38.jpg,폭풍,,OTTOMAN,Mid-Century Modern,木头,직물.,,Rectangular
6131OktAc5L,66/66377c58.jpg,,,FASHIONOTHER,,,,,
61ddSbfuQBL,a1/a1f9a208.jpg,,,VITAMIN,,,,,
81zYM+M825L,92/922775a7.jpg,Duna fresca,,BED,Camas,灰石色,Fresh Weave Dune,,
71eJ7K3HVjL,20/20c633ae.jpg,Brossé,,TOILET_PAPER_HOLDER,,Acier,,,
51liU09NTPL,4f/4f5dc368.jpg,Satin Nickel,,TOWEL_HOLDER,,,,,
61MNvw-5jVL,35/35ddf8f1.jpg,,,AUTO_ACCESSORY,,,,,
A1EOEoXc+6L,f1/f1b4d5cf.jpg,棕色,,OTTOMAN,,灰石色,织物,,Rectangular
A1SZecCukrL,55/558c88e7.jpg,Multicolor,,WALL_ART,Contemporary,Paper,,,
81WIAdQaKnL,f9/f9c5e376.jpg,,,MEDICATION,,,,,
71-2r8fCt0L,29/29da2244.jpg,Grey,,BUCKET,,,,,
71cK-I77v8L,ce/cea9035e.jpg,Black,,SAUTE_FRY_PAN,,,,,
618vHBo537L,13/1381cf46.jpg,Clear,,DRINKING_CUP,,,,,
71fScI9WDLL,7d/7d9fc707.jpg,,,NOODLE,,,,,
A1xr+v-uu8L,ec/ec88bbb5.jpg,,,CRACKER,,,,,
81aKT6-61sL,03/033cbc3a.jpg,क्रीम,,WALLET,Wallet,अन्य,,,
91YcObs4BHL,e3/e39ef2aa.jpg,红色,,BACKPACK,25l,,,,
71nScIEpGOL,f3/f3fcb668.jpg,,,COFFEE,,,,,
71y2sns+XwL,48/48b70122.jpg,,,EYELID_COLOR,Tender Hues,,,,
91j78BBzxTL,1c/1c6a5aff.jpg,Verde,,STORAGE_BAG,,,,,
61+i5iI-lVL,65/65403385.jpg,,Paradise,EYEWEAR,,,,,
81E4-hECYKL,fa/fab98f1d.jpg,,,COFFEE,"French Vanilla, Medium Roast",,,Flavored Coffee,
81JZza24M4L,e6/e662564d.jpg,ブラック,,CLOTHES_HANGER,50点セット,,,,
61ZeCRyUnCL,eb/eb291cea.jpg,Barnwood,,STORAGE_HOOK,Singolo,,,,
81yJPhlz+VL,40/40616f47.jpg,Polished Brass,,HARDWARE,,,,,
71AWAn6aKZL,6f/6fd442b7.jpg,Nero,,FURNITURE_COVER,,,,,
613Wvm+VqKL,e5/e5798b38.jpg,White,,WIRELESS_ACCESSORY,10-Foot,,,Cable,
71iNBVH9lfL,1d/1dff0731.jpg,Oak Finish,,CLOTHES_RACK,Modern,Engineered Wood,,,
81PhpCEFx-L,a9/a91f0cf9.jpg,,,SKIN_CLEANING_AGENT,,,,,
71tZj6x0XzL,dc/dc2c7ba4.jpg,,,CANDY,,,,,
61XIDqG8iLL,4f/4f1f8acb.jpg,Plateado,Dual Cylinder Portable Air Compressor Pump,AUTO_ACCESSORY,0,Acero inoxidable,,,
51KsefzmIPL,fb/fbcb0451.jpg,,,MINERAL_SUPPLEMENT,"Calcium, Magnesium & Zinc + Potassium",,,,
816vcxuqtiL,c6/c651336d.jpg,Rojo,,SUITCASE,,,,,
41pSxTZ5xpL,ac/acad359f.jpg,Platin,,COMPUTER_DRIVE_OR_STORAGE,mit Case AmazonBasics,,,,
71KxoBw+tLL,98/98bd2d5b.jpg,白色,,DESK,Estante,Madera maciza,,,
71qcuZtfmXL,f7/f7b676f9.jpg,,,FOOD_SERVICE_SUPPLY,,,,,
81zzyn34-iL,5c/5cffa7f5.jpg,0,,VACUUM_CLEANER,0,,,,
61UrYtJb7zL,12/122de8af.jpg,Multi-coloured,,TOYS_AND_GAMES,,,,,
81yvDzp608L,c3/c31b68ac.jpg,,,WASTE_BAG,,高密度ポリエチレン,,,
71z2hVpAJ6L,bc/bc1f43c8.jpg,,Kenya Grand Cru,COFFEE,,,,,
71HcVNwQa6L,1e/1ee04fbb.jpg,Amarillo/Rojo,Pepperoni Pizza Lounge Float,FISHING_EQUIPMENT,,,,,
51Bi-cgaUZL,d4/d48a824b.jpg,Grey,,COMPUTER_ADD_ON,Aluminium,,,,
81LTyPuckvL,5d/5d58265e.jpg,Grau,,FURNITURE_COVER,,Textil,,,
61-yLOVMOWL,d3/d35ad3d6.jpg,Cognac/Black Leather,Cedar Casual Double Band Sandal,SANDAL,Cedar Casual Double Band Sandal,,100% Leather,,
813cvgNnE6L,d1/d1c76f04.jpg,,,LEGUME,,,,,
71nYNjfSQPL,45/4549c4da.jpg,,,VEGETABLE,,,,,
71akWM-YM+L,01/01568dab.jpg,Negro,,COMPUTER_ADD_ON,USB 3.0 de 4 puertos,,,,
51eV+i9PwsL,3c/3cd3c14b.jpg,Bruin,Chorley,SANDAL,Open teen sandalen,,,,
51MxMHXXqbL,9f/9ff61113.jpg,Satin Nickel,,DOORSTOP,Door Stop (Hands-Free),,,,
81MhmnhgRqL,b2/b2dcdbf2.jpg,,,TOOLS,,,,,
71CNVrPB7UL,92/920064db.jpg,,,VIDEO_GAME_ACCESSORIES,,,,,
A1vx126Ii2L,fe/fe6632cc.jpg,നീല,,WALLET,Wallet,സിന്തറ്റിക്ക്,,,
81bJY5aI+ZL,77/77d233b0.jpg,Blanco Brillante,FG-03960,STRING_LIGHT,,Plástico,,,
714vnkDHbmL,76/76be2ae9.jpg,Yellow,,FOOD_SERVICE_SUPPLY,Safety Ramp - Heavy Duty Nitrile,,,,
517XC3JxuML,03/03c09c21.jpg,Stainless Steel,,FINEOTHER,,metal,,,
61rzAySC-YL,a0/a09474a4.jpg,,,PLUMBING_FIXTURE,,,,,
71OAeNhzT-L,d5/d5453752.jpg,Multi-colored,,NUTRITIONAL_SUPPLEMENT,,,,,
816fW0RXdOL,ec/ec117b3f.jpg,White,"PBH-108031  36"" 100%cotton",JANITORIAL_SUPPLY,6-Pack,,,,
61ZGzGxAWIL,6f/6f9cfc9b.jpg,4-pack,,LOCK,,,,,
71fDzsXz9yL,35/35228560.jpg,Ivory,,STOOL_SEATING,,,,,
61m9v+y3QqL,76/765139db.jpg,,,PAPER_PRODUCT,Without Pockets,,,,
61QUzXKssSL,78/78654868.jpg,Doré,,LOCK,Lot de 2,,,,
71T-2AhERYL,6f/6f926338.jpg,Castaño,,SWATCH,,,,,
51wv8tM1laL,02/02c5c835.jpg,クリア,,BRACELET,ブレスレット,,,,
81UPRrXYoxL,5d/5d20980d.jpg,Silver,,MULTIPORT_HUB,Type-C,,,,
81LNTRmjbNL,63/6317a8a2.jpg,Black,,AUTO_ACCESSORY,,,,,
91QDm7XyjhL,c1/c1a08003.jpg,Multicolor,,WALL_ART,Contemporary,canvas,,,
611DRbU8KqL,eb/eb74e704.jpg,Blue,,FASHIONNECKLACEBRACELETANKLET,Diciembre,,,,
51V0ps6AluL,4c/4c74ab3e.jpg,Grey,,FURNITURE_COVER,Single,Fabric,,,
81o49eCU6YL,28/28035f1c.jpg,Multicolor,,WALL_ART,Abstract,,,,
61Ij42anCiL,5d/5d035a77.jpg,Blanco,,BREAD_MAKING_MACHINE,,,,,
81YWBTqmGPL,66/66045d69.jpg,,,FILE_FOLDER,pack of 10,Carta,,,
71zwzKAOS7L,c1/c13af81c.jpg,Dark Blue,,STOOL_SEATING,,金属,,,
81RoaZ0F36L,2d/2d7050cd.jpg,,,JANITORIAL_SUPPLY,,,,,
619tANywnFL,a0/a0f84ebd.jpg,,,SAFETY_SUPPLY,,ఫాబ్రిక్,,,
81ORFPCigzL,e2/e23436d9.jpg,Black,,WALL_ART,Contemporary,,,,
71qf0wC0abL,25/252d7119.jpg,Blu Marino,,SUITCASE,Qualità premium con lucchetto TSA integrato,Policarbonato,,,
91O7j8YmdUL,fa/fab6cac5.jpg,Aqua Blue,,BABY_PRODUCT,,Fleece,,,
51AtXvOtexL,2e/2ec58a52.jpg,,,LAUNDRY_HAMPER,,,,,
81zwYkjG2lL,b0/b0a8b7c3.jpg,ホワイト,,JEWELRY_SET,,Sterling-Silber 925,,,
91WanGdjb8L,5c/5cb78db8.jpg,പിങ്ക്,,BEAN_BAG_CHAIR,സമകാലികം,ലതറേറ്റ്,,,Teardrop
918aRhZkGoL,8f/8fcfbd3e.jpg,Grijs,,FLAT_SHEET,,,100% katoen.,,
71Ig8nlPIqL,fc/fc575b69.jpg,,,EDIBLE_OIL_VEGETABLE,,,,,
612qqShEs+L,03/032845c3.jpg,Color 1,,EARMUFF,,,,,
71N5TL6eu6L,54/54bb883c.jpg,,,TOOLS,,,,,
61IBCDwwxfL,6b/6b610d89.jpg,,,JANITORIAL_SUPPLY,,,,,
A1QYhgLX4GL,eb/ebfed9a0.jpg,Light Grey,,SWATCH,,,,,
81EzkSsNrOL,48/48bcf613.jpg,Black Nappa,,WALLET,,Cuero,,,
81EmHX-wXsL,86/8685295d.jpg,,,HERBAL_SUPPLEMENT,,,,,
8178AUzoH+L,fc/fcbaa782.jpg,Blanco,,SEALS,MERV 11,,,,
71qNLpf8noL,44/44ae1f0c.jpg,,,BEAUTY,,,,,
81MHX2alQyL,61/6199e5bb.jpg,Bronze,,HOME_MIRROR,classic,resin,,,Rectangular
61tiQ5Kgc8L,ee/ee34afd1.jpg,Chrome,,CLOTHES_RACK,,,,,
51b0WTGuMlL,76/7677a04a.jpg,,,RING,リング,,,,
81THLEzjZGL,2e/2e375321.jpg,svart,,STORAGE_BAG,,,,,
81g-h-extNL,b5/b5c754c3.jpg,Primary,,WRITING_INSTRUMENT,,,,,
71ifvE3+DPL,0d/0d963958.jpg,,,RAZOR_BLADE_CARTRIDGE,RightFit5,,,,
51VHF6R582L,ee/eeeea998.jpg,,,BENCH,,Teak,,,
71nxQpjskeL,21/21d64c23.jpg,,,COMPUTER_ADD_ON,,,,,
71VY5KzzYFL,85/8555220c.jpg,,023820-040-A60-PARENT,DRINKING_CUP,,,,,
516wuh7652L,5a/5abc0686.jpg,Black,71182,SCREEN_PROTECTOR,,Tempered_Glass,,,
81BNLvcQZqL,58/580ac704.jpg,,,BED_FRAME,18-inch,,,,
81IgozlC5tL,0f/0f5b0e6a.jpg,아이보리,,BENCH,现代,金属,,,
81RznnPnMvL,dc/dc0f6863.jpg,Black,,FOOD_SERVICE_SUPPLY,,,,,
71EMKYBSuuL,52/529df057.jpg,,,BEAUTY,,,,,
51bqvAoX9IL,8b/8b874147.jpg,,,CLEANING_AGENT,,,,,
71LZGTx9bjL,38/3874f200.jpg,Black,,CARRYING_CASE_OR_BAG,,,,,
61y3FVnXFWL,aa/aa406b4a.jpg,Avorio Off White,Knot Footbed,SANDAL,Scarpe col tacco,,,,
81JyxPZfkNL,dc/dc70412a.jpg,Assorted Color,,FILE_FOLDER,2 Pockets,,,,
81xn9R485aL,26/2624a00f.jpg,,,INCENSE,Jasmine,Sandalwood,,,
615-LFy7JtL,39/391eb281.jpg,,,MEDICATION,,,,,
619cEvvHlnL,ee/eec8206d.jpg,,,NECKLACE,,,,,
61MhvSDdgDL,91/913bbfe1.jpg,,,RING,リング,,,,
61k3gNtLFQL,4d/4d0c8e52.jpg,White,,DESK,Modern,Engineered_Wood,,,Rectangle
81hQbuQh8OL,6e/6ec3c5d6.jpg,,#_Marsh,BOOT,Chelsea Boots,Suede,,,
61z1jvRs-IL,c1/c1202a0c.jpg,Espresso,,DESK,,Engineered Wood,,,
51VUMvajPcL,02/025ff135.jpg,Negro con acento gris.,,VEHICLE_SEAT_COVER,,,,,
71gJ1akaRzL,ac/ac082864.jpg,വെള്ളി,,GARLIC_PRESS,,പ്ലാസ്റ്റിക്,,Garlic Crusher,
91znaFlA0UL,d5/d525baae.jpg,color fantasía (Sod),,OTTOMAN,,皮革,,,
91gZj-y8WYL,0f/0fdc59b6.jpg,Schwarz,RFQ227,PORTABLE_ELECTRONIC_DEVICE_COVER,,,,,
61axufqBqHL,9a/9adc7867.jpg,,,BEAUTY,,,,,
91mPG+MxqJL,6e/6e94efdd.jpg,Pink,,FURNITURE,Contemporary,Leatherette,,,
513gTvz4e1L,ea/ea5f656a.jpg,Tire,Tire Pressure Gauge,ELECTROMECHANICAL_GAUGE,Neutral,Plástico,,,
618ZxEn6Y4L,25/25f2c35b.jpg,Blanco,GMP1-32oz,CLEANING_AGENT,,,,,
81CAv8MjobL,0e/0ed0022a.jpg,Purple,,INPUT_MOUSE,Mouse,,,,
81HeZ3Oj6CL,86/86d9053c.jpg,,,FOOD_MIXER,,Kunststoff,,,
81AOOacrBML,be/be302beb.jpg,,,MAJOR_HOME_APPLIANCES,Premium,,,,
61t8dhxcuEL,03/037d2b16.jpg,Bronceado,Nola,SANDAL,Nola,Ante sintético,100% Microgamuza,,
81osl91W21L,ca/ca224d1b.jpg,Negro,,RECREATION_BALL,wall ball,,,,
61KxAqB14hL,8e/8ea9918c.jpg,Clear,,DRINKING_CUP,16-Piece Set,,,,
51FIl1IJ3oL,fe/fe384193.jpg,,,MINERAL_SUPPLEMENT,Magnesium + Potassium,,,,
815WHtVignL,bb/bb1dc52e.jpg,,,LAUNDRY_DETERGENT,Sport,,,,
813MuehJfxL,6c/6c2ea7ab.jpg,,,VEHICLE_INTERIOR_SHADE,,,,,
81UrqqMdJXL,81/81ec59da.jpg,Multicolor,,SKIN_CLEANING_WIPE,,,,,
81r+4++jfBL,59/5961a0b5.jpg,white,,SEALS,Merv 11,,,,
919KOxRQxML,d2/d2dbaed5.jpg,Multicolor,,WALL_ART,Boho II,,,,
71jpzuw3UXL,91/91327ef9.jpg,,,WRITING_INSTRUMENT,,,,,
61zeQ9uQ1VL,42/426be7e6.jpg,Black,,FOOD_SERVICE_SUPPLY,,,,,
71TYv3isATL,22/22178e98.jpg,Black,,MECHANICAL_COMPONENTS,Leather Mechnics,leather + polyester,"shell: 50% leather, 50% polyester
lining: 100% polyester",,
81yBz8bSNjL,2b/2b0e3a15.jpg,Autumn Green Suede,Mika Hiker Boot With Faux Shearling Trim,BOOT,Mika Hiker Boot With Faux Shearling Trim,,Suede,,
6142z-5athL,c0/c056d1ae.jpg,,,FOOD_SERVICE_SUPPLY,,,,,
71OhvE-MBVL,ba/ba4acf67.jpg,Silver,"Men'S Stainless Steel Padre Nuestro Double Layered Cross Pendant 30"" L X 0.1"" W, Pendant: 2.3"" L X 1.7"" W",NECKLACE,,Not applicableNot applicableNot applicableNot applicable,,,
81ZatfTdPCL,3a/3a5d67e1.jpg,,,TOOLS,4 piezas,,,,
71hC9r2DjqL,9c/9cdd32a2.jpg,,,PROFESSIONAL_HEALTHCARE,,,,,
512HZbnM0qL,9e/9ed9b038.jpg,Blue,Samsung Galaxy J7 Max,SCREEN_PROTECTOR,,Plastic,,,
71Je9raoNXL,a4/a43ed97f.jpg,Wood,,HEADBOARD,Footboard and Siderails,,,,
81MLk4oSf9L,fe/feddfca1.jpg,,,TEA,Earl Grey,,,,
91k4rp-ntQL,87/8770d470.jpg,,,ELECTRIC_FAN,,,,,
714JYirbiSL,39/39ed9309.jpg,,,INSTRUMENT_PARTS_AND_ACCESSORIES,Distorsione,,,,
91Uvzl5l7ZL,49/49843eb8.jpg,Película transparente con borde de tela negro.,,FILE_FOLDER,Soporte para billete,铜,,,
71E1CoT5V7L,1e/1e21f9c7.jpg,,,TOOLS,,,,,
71JO26EnqlL,25/25192a1e.jpg,シルバー,,BRACELET,,,,,
41tWoY+74JL,ca/cafd8cf9.jpg,,,HARDWARE,Ladegerät und 4 AA-Akkus,,,,
71hmHWATtEL,41/41dca3d1.jpg,,AmazonBasics AC Powered 2.0 5W Bluetooth Speakers,SPEAKERS,,,,,
714iR0kgKiL,56/562ec48b.jpg,Pink,,PERSONAL_CARE_APPLIANCE,,,,,
81mGrmP2KIL,f1/f1a2c5da.jpg,Black,,HEADPHONES,,,,,
81SjhNkB5tL,04/047b90e3.jpg,Black (Black Black),Zip Front Leather,BOOT,Ankle boots,,,,
910UtgYpiBL,19/197bc987.jpg,石板灰,,OTTOMAN,,灰石色,织物,,
51qsBlCriVL,00/00f26875.jpg,,,SECURITY_ELECTRONICS,,,,,
71ykFb8OFFL,8d/8d33e3cd.jpg,,,DAIRY_BASED_DRINK,,,,,
91-pCjDwEtL,45/45ccd9e0.jpg,胡椒,,OTTOMAN,,,织物,,Round
61NVJdXAu1L,8b/8bfce05a.jpg,,,NECKLACE,,,,,
71T5rBwu0iL,f3/f31c2565.jpg,Chrome,,CLOTHES_HANGER,,,,,
A1g-EW59E9L,de/de59bbfa.jpg,Pale Gray,,PILLOW,,Polyester,,geometric-pattern,Rectangular
71FkMWPZfAL,8e/8e0365f7.jpg,Black,,PERSONAL_CARE_APPLIANCE,,,,,
81PWHVKGrBL,ce/ce1a2efa.jpg,White,,PRINT_COPY_PAPER,,,,,
519fCPbGOAL,13/130ed072.jpg,,,BATTERY,Chargeur AA/AAA + 4 Piles AA (1000 cycles),,,,
71BbZBlZfQL,f3/f36d5fa4.jpg,,,COMPUTER_ADD_ON,1-Pack,,,,
61BF-VzfpuL,9c/9c10ec2d.jpg,Black,,WRITING_BOARD,,,"50% steel. 40% fiber, 10% MDF",,
918nJlWfbaL,0c/0c242b19.jpg,Multicolor,,WALL_ART,Inhale,Paper,,,
91esboz-0NL,23/23ab4289.jpg,白色（Marshmallow）,,OTTOMAN,,,织物,,Round
61uhngO0roL,af/af892167.jpg,Ottone.,,LIGHT_FIXTURE,Lampada da pavimento,,,,
A1KO0f3ElkL,17/1750df99.jpg,,,TOOLS,,,,,
81DZ-eM2R8L,da/dad1f153.jpg,Black,,ELECTRONIC_ADAPTER,1-Pack,Plastic,,,
71oF4KfbyZL,d0/d0f16ab6.jpg,,,JUICE_AND_JUICE_DRINK,,,,,
91Kf0C16OHL,f2/f2803502.jpg,Natural,,HAT,,,100% Merino Wool,,
B19TQSTTJ+S,77/7745d256.jpg,Black,,PILLOW,,,,,Square
61i9lksgHSL,36/364acd7a.jpg,,36985,BOOT,High Slippers,,,,
61R8KfRFs6L,43/435991d1.jpg,meerkleurig,,COMPUTER_DRIVE_OR_STORAGE,,,,,
61YFnEK73rL,ba/ba3e5d21.jpg,white,,ELECTRONIC_ADAPTER,,,,,
51N37fIlStL,09/09fe5a58.jpg,White,,ELECTRONIC_ADAPTER,,,,,
51OgbP0Nu8L,81/81e640f8.jpg,,,RING,リング,,,,
81KoKlLN+ZL,1d/1dbf6885.jpg,,,MINERAL_SUPPLEMENT,,,,,
71wIbvoL9dL,be/be09c903.jpg,,,PUZZLES,,rubber wood,,,
61lEwem+AIL,b3/b3c4966b.jpg,Black,#_Gafur-1a,SANDAL,Ankle Strap Sandal Heels,,,,
81uyhRVI6wL,d9/d9cc21ba.jpg,തെളിഞ്ഞ,,JAR,,പ്ലാസ്റ്റിക്,,,
7125c75hdML,69/69f129aa.jpg,,,FLASH_MEMORY,,,,,
71q0eGUzOrL,5e/5e514e6e.jpg,,,PROTEIN_SUPPLEMENT_POWDER,,,,,
91QLB8555OL,06/06b9609a.jpg,,,TOOLS,4 piezas,,,,
719fKLe9gcL,bf/bfb41d33.jpg,High Gloss White,,DESK,Modern,Engineered_Wood,,,
81NAYjgyHgL,12/12546b45.jpg,Soft White,,LIGHT_SOURCE,3W,,,,
61GR1QXMPaL,de/de72d416.jpg,Nero,,INPUT_MOUSE,Singolo,,,,
918rLM4v5RL,3e/3ea448b1.jpg,,,BISS,,,,,
71hHDXNaHGL,33/337dfa51.jpg,Striped Grey/White,,UMBRELLA,,,,,
81cPYaBQXSL,af/af0926c2.jpg,Gold Gold,Wedge Two Part,SANDAL,Suede Leather Wedge Heel Espadrille Shoes,,,,
712DWS9u-6L,f8/f8a47960.jpg,ಬೆಳ್ಳಿ,,PRESSURE_COOKER,,ಅಲ್ಯೂಮಿನಿಯಂ,,,
61o85BdJQSL,a7/a7c72590.jpg,,,TEACHING_EQUIPMENT,,rubber wood,,,
61F51JoIHLL,7e/7e6f6c40.jpg,,,STAPLER,"One-Touch Plus Desktop Stapler,",,,,
41Gtlp6Wm3L,77/7712f30a.jpg,,,CONSUMER_ELECTRONICS,,,,,
71bQBMVzocL,c7/c710398e.jpg,,,TOOLS,,,,,
81rUHsLLQJL,d5/d5f3d04c.jpg,Khaki,,PILLOW,Bench Cushion,spun_polyester,Polyspun,,Rectangle
61qKJAl43+L,f8/f8f8c763.jpg,Black,,STORAGE_BINDER,1-Inch,,,,
61zfjYQL8RL,c6/c67025c5.jpg,,,POWER_SUPPLIES_OR_PROTECTION,,,,,
71poQRJ4yCL,a9/a9478252.jpg,bordeaux,,EXERCISE_MAT,,,,,
81ewayWZ2+L,7d/7d09a1e8.jpg,Rot,FG-03930,STRING_LIGHT,,plastik,,,
81IQ51LWgrL,7c/7ccee62c.jpg,,,SUITCASE,,,,,
61gCIx+yq9L,b0/b0ae23a9.jpg,,,POULTRY,,,,,
91xmehL1VFL,37/37406716.jpg,Röd,,SUITCASE,"Bagageset, 56 cm, 68 cm, 78 cm",,,,
61Bq+DtcEnL,a0/a0567bd1.jpg,Black Snake Embossed,Honn,SANDAL,Honn,Leather,100% Leather,,
81M8PTZ-v+L,61/618def4f.jpg,Kleur: wit,,BOTTLE,,,,,
71OqxXEvJyL,a1/a10872f7.jpg,siyah,,FLAT_SCREEN_DISPLAY_MOUNT,,,,,
91FC3OfQPCL,64/64199f67.jpg,Beyaz,,JANITORIAL_SUPPLY,,,,,
71kFyVKaRQS,31/317ea554.jpg,Java,,DRESSER,,Madera,,,
81FcSB+WwSL,42/42129aac.jpg,White,,AIR_CONDITIONER,Window Mounted Air Conditioner with remote control,,,,
81iIMpOEylL,87/8790ccba.jpg,തെളിഞ്ഞ,,JAR,,പ്ലാസ്റ്റിക്,,,
51eC8v7TQVL,b7/b714cfa9.jpg,,,ABIS_BEAUTY,Full face treatment,,,,
61l-MkoXFDL,28/28d50485.jpg,Transparent,,FURNITURE_LINER,,,,,
51VT67FS0+L,27/27775dea.jpg,,,AREA_DEODORIZER,,,,,
61pEwNLG56L,57/57808ab6.jpg,Multicolour,,BOTTLE,,Plastic,,,
81g5OOUhFJL,ea/eac024fa.jpg,Wenge,,DESK,Contemporary,Particle Board,,,Rectangle
61GFsKr8F9L,99/9900b050.jpg,Nero Black Croc Mix Black Croc Mix,R2760 Avril,SANDAL,Sandali,Pelle,,,
614ldTWibsL,2b/2b62a4d8.jpg,Turquoise,,PORTABLE_ELECTRONIC_DEVICE_COVER,,faux_leather,,,
91LzdJre5BL,c5/c54789ae.jpg,Burgendy,,PLACEMAT,Alfombrilla,,,,
71os9DDEVxL,57/57aff247.jpg,,,ORTHOPEDIC_BRACE,,neoprene,,,
81Jn8nBwFXL,86/86c9a840.jpg,Petal Power-Toffee Brown,,BABY_PRODUCT,,,,,
817o+moYywL,28/28f151cc.jpg,ಕಿತ್ತಳೆ,,TENT,8-Person,ಪಾಲಿಯೆಸ್ಟರ್,,,
51UVi-dLjPL,03/035bba50.jpg,हरा,,JAR,,प्लास्टिक,,,
710SPhs7ypL,5e/5e494b60.jpg,シルバー,P2011701_120_678,NECKLACE,,platinum-plated-silver,,,
81z+LBxG-DL,f8/f83b1d8e.jpg,1 Black,,HAT,,,,,
71LkioY09HL,1e/1e08049d.jpg,Multi-colored,,NECKLACE,,,,,
7196LHxt+nL,f2/f23033d9.jpg,Blanco,,CHANGING_PAD_COVER,,,,,Rectangular
719z9GJMaJL,26/26e5af4b.jpg,ബഹു വർണം,,AIR_CONDITIONER,2019 Model,പ്ലാസ്റ്റിക്,,,
71humdW5+ZL,7d/7dff0fde.jpg,,,PROFESSIONAL_HEALTHCARE,,,,,
71NC8dvfTpL,47/4795c303.jpg,Mokka,,STORAGE_BOX,,,,,
81p13r6srcL,d4/d499df96.jpg,sea green crushed velvet,Genevieve Platform Sandal with Pearl Embellished Heel,SANDAL,Genevieve Platform Sandal with Pearl Embellished Heel,,Textile,,
715z0-UG0uL,ce/ce674a57.jpg,assorted and white,,WRITING_INSTRUMENT,,,,,
51psEfv+b8L,e3/e3f33369.jpg,,,SKIN_CLEANING_AGENT,,,,,
61lmiyMA7VL,54/5422ee36.jpg,,,NOTEBOOK_COMPUTER,,,,,
71mIQh9194L,89/89ea9e45.jpg,Walnut Durian,,DRESSER,,,,,
91rA7ZjerJL,69/69e72944.jpg,Silver,,WALL_ART,Contemporary,canvas,,,
71rMLVPXFuL,06/06d9ec84.jpg,Noir,,WALLET,,,,,
71SHLASWPsL,3b/3b943bdf.jpg,,,JEWELRY_STORAGE,,,,,
81osm5TXYhL,b3/b36c2204.jpg,,,LUGGAGE,,,,,
91PfoRQtEmL,95/95769fd8.jpg,,,RECREATION_BALL,15LB,,,,
81viLbZ3fXL,4b/4ba30902.jpg,블랙,,HEADBOARD,Clavos,Stone,,,
61MSGHvQeAL,ad/ad611867.jpg,,,ABIS_KITCHEN,Digital,,,,
71-7A3c6u2L,33/331dc93e.jpg,Brown,,BRACELET,,,,,
81JDpQ7jHiL,3a/3a65b4ab.jpg,Azul,,MUSCLE_ROLLER,45 cm,,,,
61SuFdy-y-L,52/52c92c6f.jpg,Blanco,,FOOD_SERVICE_SUPPLY,5 - Compartimiento,,,,
710Wvl0vncL,03/03cfce4c.jpg,ホワイト,"Rhodium-Plated Sterling Silver Diamond Cross Pendant Necklace (1/6 cttw) 18""",NECKLACE,,金属,,,
71XWMXoPhuL,8f/8f78f1d5.jpg,,,WATER,,,,,
612XFFHsQTL,0c/0c4b4740.jpg,Espresso,,STORAGE_HOOK,Paquete de 2,,,,
51jre59kiNL,07/0752d56f.jpg,Bronzefarben mit Ölschliff,,TOWEL_HOLDER,Standard,,,,
71AG9AD-tLL,32/32b7aed8.jpg,그레이,,FLAT_SHEET,床单,棉,면 100%,,
81RdLOKI3WL,11/11d4a30e.jpg,svart,,FLAT_SCREEN_DISPLAY_MOUNT,Flyttbar,,,,
71h4N7ErRLL,b9/b9834e46.jpg,铁灰色,,HEADBOARD,Sin clavos.,,,,
81SY5k-672L,cd/cd3a2e71.jpg,,,SNACK_FOOD_BAR,,,,,
515R3XLi3+L,a8/a8c9dca6.jpg,,,SAFE,,steel,,,
81sN3i0UfSL,f1/f1d081f1.jpg,Smoke,,JANITORIAL_SUPPLY,3/8 inches - Thick,Rubber,100% Carpet - Vinyl,,
815EQPjB5fL,3b/3b96a534.jpg,Zweifarbig,AE/5003WTTT,WATCH,,,,,Rund
71srQQN1ZsL,b7/b776391f.jpg,,,ACCESSORY_OR_PART_OR_SUPPLY,,,,,
81sq2TrLQzL,d6/d6e5d2e1.jpg,Nero-ondulazione,,RECREATION_BALL,,,,,
71GOZdH83WL,92/92899b18.jpg,antraciet,,FLAT_SHEET,Hoeslaken.,,,,
71yW6OIwkZL,95/9557a083.jpg,,,PORTABLE_ELECTRONIC_DEVICE_STAND,,,,,
71uj1qkIIOL,e3/e3d66458.jpg,Aluminum Frame,,WRITING_BOARD,Montura para pared,Metal,,,
612XxnqFdiL,3a/3a6072d1.jpg,,,SNACK_MIX,,,,,
61E5l8G-KmL,c8/c8a6a003.jpg,,,FRUIT,,,,,
819YUa3nhoL,8b/8b9ff57f.jpg,Green,,FURNITURE_COVER,,布料,聚酯纤维,,
61gF1WDirNL,b9/b9daad7d.jpg,Iron,,HEADBOARD,Clásico,,,,
81zn1QffFHL,72/7201cc0b.jpg,,,VITAMIN,,,,,
A1-CflkP4ML,c3/c3fdf92a.jpg,gelb,,JANITORIAL_SUPPLY,6 Stück,,,,
A1+v0icyZKL,ff/ffb17a47.jpg,Königsblau,,BACKPACK,Nur Rucksack,,,,
81c8s5ui3hL,9f/9ffd32e9.jpg,Zwarte Nappa,,WALLET,,,,Dier,
51MN8GqgTkL,d0/d09c1f1e.jpg,,,POWER_SUPPLIES_OR_PROTECTION,,,,,
61MFUSraBwL,d3/d361a61a.jpg,black,SOL_MH111,PORTABLE_ELECTRONIC_DEVICE_MOUNT,,,,,
818F94FJFnL,59/596e1254.jpg,,,BREAKFAST_CEREAL,,,,,
61131XruTxL,41/41480f6f.jpg,,,THERMOPLASTIC_FILAMENT,,PLA,,,
51n9YxCpjiL,6f/6f740ecf.jpg,हरा,,HEADPHONES,,,,,
61fhwyen9DL,1f/1f2a4c6e.jpg,亮灰色（Satin Nickel）,AC-DH112-SN,HARDWARE,圆形,不锈钢,,,Round
81ipSVDFl2L,8f/8f574278.jpg,Black,,WASTE_BAG,1.1 mil,,,,
61SsDY8YWSL,25/259064f8.jpg,كرزي,,STOOL_SEATING,,체리,,,Round
81sHRkG9MmL,ab/ab8cedba.jpg,,,TOOLS,,,,,
61tZDT4OXmL,79/7926cf9d.jpg,Anthrazit,,ABIS_LAWN_AND_GARDEN,,,,,
918-DtZHz5L,7d/7d76fcfe.jpg,,,HERB,,,,,
81f8vrV4b2L,04/04743e1f.jpg,White,WD-PT-04W,TOOLS,,,"Effective Filtration: Using 7-stage Water Filter Technology, the Waterdrop Chubby Water Filter Pitcher Tests Water to Eliminate as Many Impurities as Possible. It Can Reduce the Amount of Heavy Meta",,
41eO6k0IuBL,88/88bb2418.jpg,,,RING,リング,,,,
917Qo2C4fOL,c5/c54e972e.jpg,Glass,,HOME_MIRROR,rustic,stone,,,
71LQPCs7szL,6e/6e09e140.jpg,Legno grigio,,ABIS_DRUGSTORE,Ovale,,,,
71bkV79q6cL,a8/a8be4bdb.jpg,Black and Red,,EARMUFF,Safety Glasses (Clear Lens),,,,
51ppioboUUL,5f/5f7f9898.jpg,,,COMPUTER_COMPONENT,,,,,
91HBA+Ju6TL,0a/0a03ff57.jpg,Gris,,BISS,"Cut level 3 B, Polyurethane Coated, Touch Screen",,,,
81A6vpFaxBL,e0/e00a8e98.jpg,深蓝色,,PLANTER,,灰石色,,,
71Za2I8hp9L,a5/a5c23dd7.jpg,,,FLAT_SCREEN_DISPLAY_MOUNT,,,,,
71VEnucvhnL,7d/7dd0fe44.jpg,,,HARDWARE,,,,,
71WaOaOkGPL,92/92ff1694.jpg,,,SNACK_MIX,,,,,
71ijG9BGR3L,06/065421ba.jpg,,,MAJOR_HOME_APPLIANCES,高级,,,,
61oQ+xhNg2L,ac/aca90217.jpg,,,SPIRITS,,,,,
91VIL-yfpbL,90/907dc253.jpg,zwart,,BACKPACK,,,,,
81qNLXbaNGL,99/99c521ce.jpg,Brushed Stainless Steel,,FOOD_SERVICE_SUPPLY,Rotary Waffle Maker,,,,
71vqe0EWTyL,ad/ad29256c.jpg,Cromo,Traditional,TOILET_PAPER_HOLDER,Tradicional,Zinc,,,
81S9st07BlL,27/27b064d4.jpg,,,FURNITURE_COVER,,,,,
7185fRR+5LL,ab/abc4fe77.jpg,,,TOOLS,,,,,
714k-CfgOoL,0a/0a64d3d7.jpg,ग्रे(स्लेटी),,CE_CARRYING_CASE_OR_BAG,,,,,
61zdgdPva4L,48/4860a28c.jpg,Grey,,KICK_SCOOTER,,,,,
91LNPp0ceDL,9e/9e55ce09.jpg,Solid Olive,Soft Cotton Washed Beanie,HAT,Soft Cotton Beanie,,100% cotton,,
71RHovvBovL,fa/faa45283.jpg,White,,PRINT_COPY_PAPER,Letter (8.5 x 11 Inches),,,,
71Nhb1s6CLL,ef/ef559661.jpg,bruin,,CABINET,Wastafel met spiegel en wastafel,Holz,,,
71Wq4qCrY-L,93/9391d708.jpg,Bleu Marine,,FURNITURE_COVER,,,,,
71M94z3TePL,37/37f98b4a.jpg,,,TOOLS,,,,,
9179gJmZI8L,de/ded902f1.jpg,,,WALL_ART,Contemporary,canvas,,,
71GEgAKiCPL,8f/8fceedbe.jpg,Grey Wood,,ABIS_DRUGSTORE,Oval,,,,
51KR2YZ05YL,5f/5f36023c.jpg,,,NECKLACE,ペンダント,,,,
71hQkdDa1bL,91/91200189.jpg,,,HAIR_STYLING_AGENT,,,,,
71I4sezMuKL,20/20bdad3d.jpg,,,CLEANING_AGENT,,,,,
81sG6QlQQDL,f1/f17b3fe6.jpg,,,SKIN_CLEANING_AGENT,,,,,
816cxeLqVaL,3b/3bbd0b90.jpg,multi,,INCENSE,Multi fragrance,,,,
61mc66qf+kL,87/8716cf44.jpg,Grey,,PORTABLE_ELECTRONIC_DEVICE_MOUNT,,,,,
71kO7l2KShL,86/86083440.jpg,Beige,Cube box QR-34D,STORAGE_DRAWER,Con porta,Legno ingegnerizzato,,,
61bqXorXGWL,ae/ae601eaa.jpg,Rosegold,,CONSUMER_ELECTRONICS,,,,,
61MhiPLYxWL,b0/b063decc.jpg,Gris,,EXERCISE_MAT,,,,,Rectangle
81WZgZVLqmL,d7/d79d2d24.jpg,,,JANITORIAL_SUPPLY,,,,,
71aJfhBfijL,7c/7c5a472f.jpg,,Voltán.,BOOT,Voltán.,,100% cuero,,
81TxPTi8ykL,70/708fc463.jpg,,,COFFEE,,,,,
91SCzGcqVHL,12/123a1b5e.jpg,베이지,,CABINET,0,Iron,,,
81PcoT+0UlL,2d/2dabafdf.jpg,Bordeaux,Casquette de Base-ball,HAT,Casquette de base-ball,,100% Coton,,
71bJUFdk5+L,dc/dc7a0645.jpg,Nera Fodera in Pile,,HAT,,Acrilico,,,
8184XCPNekL,6c/6c05de39.jpg,,,SECURITY_ELECTRONICS,,,,,
81ZI8rp1vWL,c9/c9bde854.jpg,Beige Beige Linen,#_Olivia-1a-2,SANDAL,Ankle Strap,,,,
610sE3frm8L,64/64678f3e.jpg,,,COMPUTER_ADD_ON,,,,,
919aSVwyyCL,bc/bc879f69.jpg,Grey,,SUITCASE,,ABS,,,
61h2AppRW3L,5f/5f8f2fd7.jpg,Negro,WA50SASW,PLUMBING_FIXTURE,,,,,
61vDtxAl7aL,7c/7cb30b94.jpg,Peau,Sox,SANDAL,,,100 % synthétique,,
41MYwLL4QeL,5e/5ec1ddf2.jpg,White,,FIGURINE,,Porcelain,Porcelain,,Heart
819XDI-iL4L,a6/a6995aaf.jpg,,Ensemble Chapeau et Moufles,HAT,Ensemble chapeau et moufles,,,,
511+gSz3mPL,01/0122e6c8.jpg,ट्रांसपेरेंट,,AUTO_ACCESSORY,,Self Healing Silicon,,,
81mi99HjLZL,2b/2bf9a2ff.jpg,,118al4135,SANDAL,Espadrilles,,,,
61woRNJwHjL,de/dee78d86.jpg,High Gloss White,,DESK,Modern,Engineered_Wood,,Single,
61lHKANBuLL,58/58c0846f.jpg,White,,ENVELOPE,#6 3/4,,,,
81AetMuVoKL,c0/c045ba8a.jpg,Beige,,JANITORIAL_SUPPLY,3/8 inches - Thick,Rubber,100% Carpet - Vinyl,,
91nO8OPKBUL,fc/fc122c8b.jpg,Multi,,WALL_ART,Abstract,Paper,,,
61gdPOgXPpL,25/25a43288.jpg,0,,CONDITIONER,Shampooing,,,,
91GbMmHZY-L,f8/f8f58a16.jpg,Multi,,WALL_ART,,canvas,,,
81r8fmAhOeL,ed/ed3efa46.jpg,,,FACIAL_TISSUE,,,,,
51i1QFwQxZL,c8/c8d27da7.jpg,Bronze Huilé,,TOILET_PAPER_HOLDER,Classique - Standard,,,,
51HhtRZlYTL,0f/0f6dd3d4.jpg,White,,ACCESSORY_OR_PART_OR_SUPPLY,2 件装,,,,
7157jH9o2WL,f0/f093898b.jpg,Grey,,FLAT_SCREEN_DISPLAY_MOUNT,Contemporary,Wood,,,Rectangular
81PAiVChSQL,94/94438d2b.jpg,,,LEGUME,,,,,
41LTg0hvA9L,6b/6bb309e4.jpg,Negro y azul cielo.,,LUGGAGE,Set de 8 piezas,,,,
91pMcqAJbzL,2d/2d95b239.jpg,ಹಸಿರು,,BEAN_BAG_CHAIR,ಕಂಟೆಂಪೋರರಿ,ಲೆದರೆಟ್ಟ್,,,Teardrop
61D6nI6XO4L,fd/fd48d886.jpg,クリア,,WIRELESS_ACCESSORY,,ポリカーボネート,,,
71DCjOY1IgL,32/32810474.jpg,白色,1回使い捨て 薄型ペットシーツ レギュラー 300枚x2(600枚),WASTE_BAG,,,,,
81A-tzE21qL,0e/0e57f834.jpg,,,FACIAL_TISSUE,Box,,,Tissue,
71q2SQXR5OL,19/19c92638.jpg,,,LADDER,铝,,,,
51oqekkIeoL,8f/8f18515b.jpg,,,JANITORIAL_SUPPLY,,,,,
71gVXPz7zWL,a1/a1b927da.jpg,"Set of 6, Pink",,STORAGE_BAG,,Nylon,,,
71JXzscPZ9L,70/703aff10.jpg,,,ABIS_DRUGSTORE,,,,,
710G1d1HIXL,a4/a4e0b561.jpg,,,FACIAL_TISSUE,,,,,
91PoSgnYYXL,80/800301b5.jpg,钴蓝色,,STORAGE_BINDER,Mini álbum de fotos.,Cuero sintético,,,
91lqukCAZZL,ef/efd88b7b.jpg,블랙,,CABINET,,木头,,,
6180-SkYcNL,7a/7a68954b.jpg,,,NECKLACE,ペンダント,マルチカラージェムストーン,,,
71aWHQl6OSL,fd/fd7e9f82.jpg,,,DAIRY_BASED_CHEESE,,,,,
91DRPTzPGTL,b4/b438d0f1.jpg,തെളിഞ്ഞ,,JAR,Single,പ്ലാസ്റ്റിക്,,Jar (Red),Round
615Jr0pgMxL,c6/c6498760.jpg,옐로우,,PLANTER,,陶瓷,,,
519g3tIc7IL,52/52bf6d47.jpg,White,,WIRELESS_ACCESSORY,1 件装,,,,
A1vPucQkR-L,25/25839b75.jpg,Negro/Amarillo/Gris/Blanco,,FOOD_SERVICE_SUPPLY,"Borde de seguridad de tracción mejorado, color amarillo",,,,
811Tsmq5syL,ce/ce069b5a.jpg,그린,,OTTOMAN,,,벨벳,,Rectangular
61oK7BHYNlL,e7/e74e791f.jpg,Negro,,INSTRUMENT_PARTS_AND_ACCESSORIES,,,,,
61kC155n+0L,85/85087771.jpg,,,NECKLACE,,,,,
81g7SK6OxpL,7b/7b176cf1.jpg,,,PANTRY,,,,,
51nczBct1kL,67/670ce0c7.jpg,,,JEWELRY_SET,セット,,,,
610HFxIr5eL,d0/d067a37b.jpg,,,WOUND_DRESSING,,,,,
B1a92t+CJDS,35/3551ae2a.jpg,Spice,,PILLOW,,plush / fiber/polyester/cotton,,geometric-pattern,Square
811W6HcXhzL,97/97c83b7c.jpg,Blanco,,SEALS,MERV 8,,,,
81io8FYozYL,4c/4cd2622f.jpg,Grey,,DESK,Double Bed,Wood,,Single,Rectangle
81SVdP0ZsSS,df/dfd6bcbf.jpg,,,SCREWDRIVER,,,,,
71DqIucAXQL,d7/d7a0df5c.jpg,,,BEAUTY,,,,,
81xu5DAavuL,c2/c2a642b4.jpg,Light Grey,"AmazonBasics Fabric Storage Bin - Tall Round, Light Grey",BASKET,,Cotton,50% Cotton/50% Polyester,,Round
A1IY8ZxoAqL,03/0370df2e.jpg,浅灰色,,OTTOMAN,圆形,,织物,,Round
91PBOqowcJL,e0/e05190ef.jpg,Navy,,PILLOW,,,100% Polyester ,striped,Rectangular
810LF3yyORL,1e/1e0ac594.jpg,Black,,PORTABLE_ELECTRONIC_DEVICE_COVER,Orange Interior,Synthetic,,,
61q9A+zOviL,1a/1a2f973d.jpg,"1-1/2"", un paquete.",,LIGHT_FIXTURE,Para empotrar,,,,
81ji0qNlfBL,19/1998831f.jpg,브라운,,DESK,书桌,核桃色,,,
815UlojHVQL,64/648db80e.jpg,Grigio,,SUITCASE,Lucchetto TSA,Policarbonato,,,
91OfpbawYSL,e9/e920ef13.jpg,,,TOOLS,,Stahl,,,
41Rmmt1xKpL,c5/c5ec5cac.jpg,,,OFFICE_ELECTRONICS,,,,,
61f0VszmR9L,e7/e7550617.jpg,,,SECURITY_ELECTRONICS,,,,,
A1wLFbOywWL,b9/b9ebeea9.jpg,Denim,,BACKPACK,Overnight,,,,
71-RYJ9TjFL,24/240aefbd.jpg,നീല,,MEAL_HOLDER,,പ്ലാസ്റ്റിക്,,,
514A-rUHeNL,8c/8c8d00c6.jpg,,,NUTRITIONAL_SUPPLEMENT,,,,,
41r5-KHs1cL,fa/fa0570fd.jpg,,,GPS_OR_NAVIGATION_ACCESSORY,Dash mount + Sat Nav Case,,,,
81lxFnl5qqL,e4/e45316cd.jpg,,,WRENCH,Lote de llave inglesa de doble extremo,,,,
71dpMzRb++L,a8/a85fd5d8.jpg,Blanco,,FOOD_BLENDER,Con archivos adjuntos,,,,
6133ZVRE+RL,62/62c9e92e.jpg,Medium Turquoise,Swim Hat,HAT,Sun Hat,,"Shell fabric: 82% Nylon, 18% Spandex; Lining: 85% Polyester, 15% Spandex",,
7186jWZYATL,71/7148c39e.jpg,Gold,"Sterling Silver AAA Cubic Zirconia Mom Double Heart Pendant Necklace, 18""",NECKLACE,,Metal,,,Heart
81DjcPDcuxL,51/5159c321.jpg,Champán Plateado,,HOME_LIGHTING_AND_LAMPS,Costero,,,,
61cVmPGDnxL,24/24875afd.jpg,průhledné,,DRINKING_CUP,Single,Kunststoff,,,
91E0Mwy77xL,8b/8b710d17.jpg,,,SAFETY_SUPPLY,,,,,
419IT4S4LJL,06/06d11a04.jpg,Transparente,,DRINKING_CUP,Vaso corto ondulado,,100% Others,,
71nF9mD4GFL,20/20781bdb.jpg,Old Skool Pro,H Band Flat Sandal,SANDAL,"H Band, sandali piatti",,100% poliuretano,,
91Ta7Jyt25L,19/190d3509.jpg,Black,,WALL_ART,Antique,wood,,,
71--FA+SRaL,07/075662c7.jpg,Black,"Fashion Multi Chain and Glass Bead ""Y"" Necklace, 27""+3"" Extender",NECKLACE,,base,,,
71Z7kNb+99L,a4/a40e7c78.jpg,Teak Finish,,FURNITURE,Contemporary,Sheesham Wood,,,Rectangular
61aQhXfDaxL,58/5838f930.jpg,,,SKIN_MOISTURIZER,,,,,
61JNGSRC+wL,0b/0bb40684.jpg,,,NECKLACE,,,,,
91SWXkbQxsL,0f/0fdc100a.jpg,ഓറഞ്ച്,,BEAN_BAG_CHAIR,സമകാലികം,ലതറേറ്റ്,,,Teardrop
81NZLuJcg3L,8d/8d1ae19d.jpg,Black,Men's Performance Visor,HAT,Men's Performance Visor,,100% Polyester,,
A1KPFhheAVL,5c/5c5b5f00.jpg,Aqua,,PILLOW,,,,,Rectangular
71HKNpKCwWL,35/352e8aa5.jpg,Anthracite,,FLAT_SHEET,Flat Sheet,,,,
71pY5jWXvGL,87/875672ec.jpg,,,OFFICE_ELECTRONICS,monitor de pantalla ancha 16:10,,,,
81GqV427JuL,cc/cca48c9e.jpg,,,SKIN_CLEANING_WIPE,Fresh Scent,,,Single,
51cr0G+59yL,1e/1e6dbb33.jpg,Black,,SAUTE_FRY_PAN,,Aluminium,,,
815bJCri+iL,6f/6f970c37.jpg,,,MUSCLE_ROLLER,,,,,
71LIERY6ebL,a9/a9192e8c.jpg,,,WASTE_BAG,,,,,
81w-HsqVEsL,26/26afbe61.jpg,,ソリモ シェービングフォーム 3本パック,BEAUTY,,,,,
71fMwsqGO+L,88/8876a730.jpg,പിങ്ക്,,DRINKING_CUP,,,,,
715kHsiRU-L,2a/2a8d93a4.jpg,哑光黑色,,LIGHT_FIXTURE,吊坠,玻璃,,,
71t+VvoBO-L,1d/1d7739c4.jpg,,,BEAUTY,,,,,
81KdSV0s6QL,24/24c1dfbb.jpg,,,WALL_ART,Contemporary,canvas,,,
A1dhIave6+L,60/60836622.jpg,White,,STORAGE_DRAWER,引き出し4つ,,,,
812huDnWNQL,56/564a3495.jpg,,,SHELF,1 Adjustable Shelf,Wood,,,
81-Ynu13V9L,dc/dc355cb0.jpg,Teal,,DUTCH_OVENS,,Cast Iron,,,Oval
61r2eR8sloL,11/11d7f039.jpg,银色,,NECKLACE,项链,,,,
71RnhmT4UbL,a5/a5837561.jpg,"Infradito colorati estivi, con finte perline",,LABEL,,,,,
71rPnR-J5bL,ac/ace33f30.jpg,Pink,animal,TOY_FIGURE,,,,,
61V722gwhWL,e1/e1ac8079.jpg,Black,,COMPUTER_ADD_ON,1-Pack,,,,
61R4pfCYKsL,b5/b550a896.jpg,Barnwood,,STORAGE_HOOK,Sencillo,,,,
81c1vRDBZ4L,4d/4d24bf79.jpg,,,PORTABLE_AV_DEVICE,,,,,
81LNCmPneCL,cd/cd0d2580.jpg,,,FUEL_PUMP,,,,,
91nUeNPjLML,50/50f364cf.jpg,Ratán natural.,,SHELF,书架,藤制品,,,
71Kij7a0QiL,06/069e3460.jpg,,,BRACELET,,,,,
81JiZGEDeDL,bd/bd1bdecc.jpg,black,,AUTO_ACCESSORY,,,,,
A1xZFuJNrxL,7f/7fcbd717.jpg,Grau,,PORTABLE_ELECTRONIC_DEVICE_COVER,Etui na laptopa,,,,
615rf2mLbCL,81/811ec83f.jpg,black,,AV_FURNITURE,TV Trolley,,,,
61nGtNa6YhL,90/9048f059.jpg,,,BEAUTY,Refills + 3-Blade MotionSphere Razor,,,,
71+HjmJy1NL,44/44a8f8d5.jpg,哑光黑色,,LIGHT_FIXTURE,现代,钢铁,,,
91VTkfQ4PyL,ae/aeee1f39.jpg,Gris,,TRANSPORT_RACK,,,,,
71sWhRDr+PL,bf/bf055046.jpg,,,SAUCE,,,,,
71x3S05fSJL,71/7134774c.jpg,,,BABY_PRODUCT,,,,,
51KlVbHOgNL,6f/6f26da9c.jpg,,,CLEANING_AGENT,Dilution Control,,,,
91zHfFK41uL,de/de7800f6.jpg,,,HERB,,,,,
61R9xsywV4L,f6/f65b9f57.jpg,Blanc,,HUMIDIFIER,Intelligent,,,,
51S1gWdsNrL,3e/3e69635c.jpg,Dorado,Marzo,FINEOTHER,Marzo,,,,
61sE+FG+TlL,14/148133c4.jpg,Satin Nickel,,HARDWARE,,,,,
71ME5c1rXRL,44/44edb2e6.jpg,grijs,,VASE,,,,,
71npjsaV7oL,33/33fdd433.jpg,Black,,ELECTRIC_FAN,,,,,
619nsdv0XfL,e3/e3eda605.jpg,Chrome,,CLOTHES_HANGER,,,,,
81Y2e9AdNPL,a5/a530f0c3.jpg,grijs,,PORTABLE_ELECTRONIC_DEVICE_COVER,,,,,
81ACQW55axL,74/7424c7db.jpg,,,SAFETY_SUPPLY,,,,,
71cz9ueulrL,54/549a7148.jpg,Yellow Gold,,NECKLACE,,Precious Metal,,,
81GJsu53m2L,13/13bc1d66.jpg,네이비,,STOOL_SEATING,,,,,Square
A1knRBGg+dL,6e/6ed42467.jpg,Teal,,PILLOW,,,,,Square
81Fyu094N8L,82/82b1d300.jpg,Espresso 咖啡色,,BENCH,,木头,,,
61drW+JzaHL,d3/d3982bcd.jpg,Tortoise,Frame 10 Non-polarized Feminine Square Fashion Sunglasses,EYEWEAR,Frame 10 Non-polarized Feminine Square Fashion Sunglasses,,100%Metal/Acetate,,Square
712R17+STNL,d9/d9f056ca.jpg,,,SKIN_MOISTURIZER,,,,,
61B45tRXCOL,f7/f743bec4.jpg,Pink,,STRINGED_INSTRUMENTS,,,,,
61D0dSfaU2L,98/98e9c146.jpg,Brown,,DRINKING_CUP,,,,,
81DY+fR0mBL,31/31c5eab3.jpg,,#RM-14G_PARENT,JANITORIAL_SUPPLY,,,,,
91Bb2KrOlIL,79/790dfae5.jpg,hemelsblauw,,FLAT_SHEET,Flat Sheet,,,,
71nT86t65TL,51/51dcc59a.jpg,,,UTILITY_CART_WAGON,,,,,
41Y14Opy9zL,54/54bb494d.jpg,Alpin stil: Trendig/högglansigt väggklistermärke,,CABINET,4-dörrars garderob,,,,
81tuhxQUkhL,e0/e06e4034.jpg,,,DAIRY_BASED_CHEESE,,,,,
518Jy7i4EOL,26/26d01a6b.jpg,,,VITAMIN,,,,,
A17V4wWY2TL,19/1988d383.jpg,,,FURNITURE_COVER,Detachable Square,Polyester,Polyester,,
61sD45NUaxL,0b/0b9a797b.jpg,,,HERBAL_SUPPLEMENT,,,,,
51xKje4osiL,20/200cc4db.jpg,,,LEGUME,,,,,
81Z9fptInAL,b9/b93dafd5.jpg,White,,SPEAKERS,,,,,
51dl-g3ZTyL,d7/d7e74167.jpg,Black,1101682,SCREEN_PROTECTOR,,Tempered_Glass,,,
51xT1ibj-FL,0c/0c1acd9e.jpg,,,BEAUTY,,,,,
61fuGso7QPL,59/5947f935.jpg,,,DAIRY_BASED_DRINK,,,,,
91d7mhPUx3L,33/33d5de05.jpg,Black,,EARMUFF,,,100% Leather,,
81z9rlPOb2L,e5/e5b34211.jpg,Quercia Sonoma / Grigio Scuro,,CABINET,vetrina a 2 sportelli,,,,
713BEt1qpML,22/22debfd1.jpg,1 Pcs#- Red Flame,,HAT,,,,,
91uWQ4GYgSL,b0/b00f9c25.jpg,Green,,SUITCASE,"2-piece Set (20"", 28"")",ABS,,,
71AR2fWLERL,10/108742cb.jpg,taupe suede,Myrtle Gladiator Fashion Sandal,SANDAL,Myrtle Gladiator Fashion Sandal,,100% Leather Upper,,
71Jh4EFKeBL,96/96a23fb3.jpg,白色,,LIGHT_FIXTURE,传统,,,,
71E+9aurMwS,20/20f45527.jpg,Brown,,STOOL_SEATING,,metall,,,
81e68Agp-hL,96/96fa5cfe.jpg,Beige Camel,37281,BOOT,Chelsealaarzen,,,,
51hTkbFfI1L,6b/6b91c88c.jpg,Red,,PORTABLE_ELECTRONIC_DEVICE_COVER,"iPad 12.9""",,,,
61iXy6QP36L,19/195726ad.jpg,,,ABIS_BEAUTY,,,,,
91-XYyakGmL,a1/a1accef1.jpg,Curious Weave Indigo,,HEADBOARD,headboards,灰石色,Curious Weave Eclipse,,
71qdLCNT1dL,1b/1b159d84.jpg,,,EDIBLE_OIL_VEGETABLE,,,,,
811m2-fchaL,5e/5eeebb6f.jpg,,,JANITORIAL_SUPPLY,,,,,
71sfTsON-XL,01/01aaba7a.jpg,White,S9P659O340A06761,HOME_LIGHTING_ACCESSORY,,,,,
71FTg1H8+kL,d4/d494b09f.jpg,,,STRING_LIGHT,Twinkle Star,,,,
718B4+DQ2VL,e5/e55ddd7f.jpg,Argento,,KITCHEN_KNIFE,Bordo smerlato,acciaio_inossidabile,,,
816jXlqDmcL,10/10d810f0.jpg,Brushed Steel,,TOWEL_HOLDER,,Stainless Steel,,,
71wJbVUko0L,b3/b3ddf84f.jpg,,,PROFESSIONAL_HEALTHCARE,,,,,
81yR40rNSAL,f1/f18c2a84.jpg,青铜色,,LIGHT_FIXTURE,经典,Bronze,,,
81qmNyJo+kL,c5/c52d5ccc.jpg,,,BATTERY,,,,,
71o2M6e8MeL,28/28184e51.jpg,,,SKIN_MOISTURIZER,,,,,
91+vuKBFZxL,29/296efe85.jpg,Light Oak,Taylor + Logan,FURNITURE,Contemporary,Metal,"Iron, Laminate, Metal, Particleboard",,
81WhhbeNn8L,98/983bda73.jpg,Blue,Western Ankle,BOOT,Boots,,,,
81TtdiTQxZL,9d/9d5579be.jpg,White,,THERMOPLASTIC_FILAMENT,,PETG,,,
71Cav1igrQL,48/483bcb2a.jpg,,,TEA,,,,,
61P8PWUAD6L,89/89ea81db.jpg,,,SNACK_CHIP_AND_CRISP,,,,,
71IkFnwYyQL,46/46e049b0.jpg,Rojo,,STORAGE_BINDER,,,,,
81KU2Eg-CFL,ee/ee251885.jpg,奶油色,,SUITCASE,2点セット(51cm/71cm),,,,
71MxaFnKxhL,73/7318edde.jpg,Brown,Chukka Boots,BOOT,Chukka Boots,,,,
91Ho8AdL4dL,aa/aaa8313e.jpg,,,NUTRITIONAL_SUPPLEMENT,,,,,
81QdKaXQ05L,cf/cfc6118d.jpg,Noir,,SHELF,4 niveaux,Acier allié,,,
71KouuTAzSL,63/631fd522.jpg,,,BLANK_MEDIA,,,,,
81rpD8iz9wL,9d/9d53c16c.jpg,Grey,,DESK,Desk,Wood,,,Rectangle
81P8MUGHPAL,2d/2d69e6c1.jpg,,,THERMOPLASTIC_FILAMENT,,,,,
71jiTrcqTmL,a4/a4e0d4b0.jpg,White,WDF9-1,ELECTRIC_FAN,Manual Control,,,,
815oB4Gf50L,2e/2ea43239.jpg,,,DAIRY_BASED_CHEESE,,,,,
715TuNcAeTL,1f/1ff7d2b1.jpg,white,,PLUMBING_FIXTURE,,Stainless Steel,,,
61O5Oy3zrmL,2e/2e797e07.jpg,White,,FILE_FOLDER,1/3 Cut,Paper,,,
81smEEgnhfL,8e/8eeadd35.jpg,블랙,,TOASTER,,,,,
71+n0jPgtVL,c2/c2731b9e.jpg,Taupe Brown,,UMBRELLA,,,,,
5105Dw81wFL,05/057594f7.jpg,,,ABIS_DRUGSTORE,Circle Pattern,,,,
61fvDVz+44L,45/455b7c0a.jpg,,,DRINKING_CUP,Insulated,,,,
51xVWHZVC7L,34/34e5af68.jpg,,,MEAT,,,,,
71VttcjUh8L,9b/9bf03808.jpg,,,TOOLS,,,,,
71CFQdypYYL,d4/d40119d4.jpg,Hautfarben,Shogun Women's Casual Strappy Sandal,SANDAL,Shogun Women's Casual Strappy Sandal,,100% synthetic,,
71jR-fD8rlL,d7/d702b493.jpg,,,DAIRY_BASED_DRINK,,,,,
81pLA+HcnNL,95/9500f815.jpg,Verde Caqui,Mellor,BOOT,Botas chukka,,,,
41F0EetZGEL,f0/f0e13943.jpg,그린,,PLANTER,风扇,陶瓷,,,
51GOrwZUGxL,1c/1cca5e58.jpg,White,,ACCESSORY_OR_PART_OR_SUPPLY,1 件装,,,,
61vC1op9snL,da/da07b1c2.jpg,Black/Silver,,TOOLS,2-pack,,,,
51YsqKhVewL,a4/a46060c4.jpg,Branches,,DISHWARE_PLACE_SETTING,Branches,Porcelaine,,Uni,
51Exf46KjeL,a4/a4306270.jpg,,,THERMOPLASTIC_FILAMENT,,,,,
71Gz9890jCL,eb/eb1c0fdd.jpg,,,BATTERY,,,,,
81VxCwNuCxL,f5/f5d752ea.jpg,Blauw Jeans,,TOTE_BAG,,,,,
71Reihr+7+L,1b/1b47ac0f.jpg,,,VITAMIN,,,,,
817oFdyj4WL,24/24f88179.jpg,Oak,,DESK,Wardrobe,Wood,,Single,Rectangle
61oTjKKCUIL,78/78f36eb6.jpg,,Amazon Marke Mama Bear Baby Feuchttücher Er Packung ' Tücher,SKIN_CLEANING_WIPE,Fresh,,,,
51qDAS9B1+L,c7/c7297660.jpg,,,SKIN_CLEANING_AGENT,,,,,
51xNo59wcOL,cb/cb0bd5ab.jpg,Sonoma eiken/alpinewit,,SHELF,Boekenkast,,,,
61qAzu2dgZL,bb/bb05f689.jpg,Gris,,BAKING_PAN,,,,,
61jT0wAJ5ML,9c/9c8099c3.jpg,,,SKIN_MOISTURIZER,Hydratante - à l'aloe vera,,,,
71HhnFoiKcL,f0/f0ce9274.jpg,,,CAN_OPENER,,,,,
71QHlEaysHL,0d/0d8a9201.jpg,8x42,10x50,BINOCULAR,,,,,
81DH1HC3GdL,da/da5cad27.jpg,Black,,WALL_ART,Contemporary,,,,
51qVzbqM1KL,f0/f098e3e6.jpg,Negro,WA63UP,WATER_PUMP,,,,,
81LPo3K9M+L,fe/fe06fb7c.jpg,Azul Grisáceo,,FLAT_SHEET,,Terciopelo,100% Algodón,Solido,
818ihkqKFuL,1a/1ac21f68.jpg,Kraft marrón,,LABEL,,,,,
61tbXD6ripL,db/db073dbc.jpg,,,ABIS_DRUGSTORE,,,,,
71-v1YkfL5L,c7/c763a3a3.jpg,,,SKIN_MOISTURIZER,,,,,
41I9ZOD9AVL,89/892d3925.jpg,深古铜色,,LIGHT_FIXTURE,吊坠,,,,
71wZ+vnQ7uL,e2/e244db83.jpg,Viola,,BOTTLE,,,,,
81-DR68slyL,20/201eb920.jpg,Zwart,Gumsole Weave Leather,SANDAL,Wiggenhakken Sandalen,,,,
71cKYx13fSL,d9/d9e457ee.jpg,Marrone Chiaro,Rainier Duck Boot,BOOT,Rainier Duck - Stivali,,Gomma e pelle,,
81ZZdrHEtWL,6c/6c39db30.jpg,,,CANDLE_HOLDER,,Glass,,,
71BpAbBsp6L,46/46aaa672.jpg,,,PLUMBING_FIXTURE,Válvula de montaje rápido,Plástico,,,
41L4Kc3mU-L,df/df19b6dd.jpg,Natural,,PERCUSSION_INSTRUMENTS,,,,,
91Zvff0aj7L,32/320993bb.jpg,,,DRINK_FLAVORED,,,,,
71v5cPRGRzL,84/84f7ffca.jpg,,,BATHWATER_ADDITIVE,,,,,
510Rzbo2SOL,89/8910584a.jpg,blauw,,SAFETY_SUPPLY,,,,,
91fNufj-F4L,1b/1bd44168.jpg,,,VEGETABLE,,,,,
71FR3wQmsKL,a4/a415d4d4.jpg,深棕色,,OTTOMAN,,,织物,Sitz,Square
51d4oBmjwLL,a6/a620021f.jpg,Blanco,,CHARGING_ADAPTER,4 Port,,,Cargador USB,
715kb7iciCL,66/66ac56c0.jpg,Gris,,STOOL_SEATING,Taburete de barra,Madera,,,
910kprxCMQL,48/48b554ac.jpg,Red,Marled Beanie,HAT,Marled Beanie,Cotton,"60% Cotton, 30% Nylon, 10% Wool",,
81DFs3+QqvL,15/15480f0a.jpg,Nero/Arancione,SM1301137R1,PORTABLE_ELECTRONIC_DEVICE_COVER,Interno Arancione,,,,
51SXj6dFZdL,3d/3d3a5fd0.jpg,Nero Opaco,,STORAGE_HOOK,Cirque,,,,
91f+yAhrHmL,7c/7ccdacf5.jpg,,,FRUIT,,,,,
81xOsizFnxL,6b/6bec7919.jpg,modern gray,Laurel,DRESSER,,,,,
51yVNaJpgbL,18/18dadc44.jpg,Folding,,WRITING_BOARD,Dry Erase,,,,
91YYfK4glaL,24/24168407.jpg,白色,,PLANTER,,陶瓷,,,Round
81rFUaQYkeL,83/8325ab43.jpg,白色,,PLANTER,,陶瓷,,,Round
614EkUHWhtL,ee/ee0cb382.jpg,Black,,BABY_PRODUCT,,,,,Rectangular
51y-VF-DBML,72/72da1e30.jpg,Clear,,DRINKING_CUP,"Shot Glass, Set of 6",,,,
81UzaIHmbPL,1c/1cd6592b.jpg,,,SUITCASE,,,,,
81T4SwxnMdL,76/763878e2.jpg,Black,,FLAT_SCREEN_DISPLAY_MOUNT,Swivel and Tilt,,,,
818weVAlSZL,6e/6e1b3e31.jpg,白色,,PLANTER,,陶器,,,Round
81PWdFFIN6L,0c/0c4d96e1.jpg,Black,,SPEAKERS,,,,,
71GRv5RBl4L,45/451477a9.jpg,Gesorteerd Neon,AMZ99755,CARD_STOCK,300-tellen,,,enkel,
61PxATJLARL,9f/9fce2002.jpg,Blanco,,BATTERY,Rápido.,,,,
61KZ7+vmnuL,04/04127b86.jpg,,,RING,リング,,,,
81bcOQTzSXL,ce/cee123e5.jpg,,,JANITORIAL_SUPPLY,,,,,
71aNXpinIXL,64/64d67e8f.jpg,Black & Grey,,TOOLS,3000/8000 Grit,,,,
A1xH6031GaL,8d/8d9acaf2.jpg,Rain,,OTTOMAN,,,tecido,,
81qiWuOnDOL,e9/e9130941.jpg,Yellow,,THERMOPLASTIC_FILAMENT,,Polylactic Acid,,,
51P20Oe5adL,4c/4cd25beb.jpg,1 Pcs- Star Flag With Horizontal stripes#,,HAT,,,,,
815pyNu-wuL,b3/b31fe6d0.jpg,,,TOOLS,Hammer,,,,
71ogL42TRDL,ac/ac0085bc.jpg,Printing,,DESK,Desk,Wood,,,Rectangle
91vWHL8BxkL,78/788fb083.jpg,Preto,,PORTABLE_ELECTRONIC_DEVICE_COVER,Interior gris,尼龙,,,
51bjSQm4XAL,fb/fba22bce.jpg,,,BEAUTY,Mascarilla con efecto reafirmante,,,,
71gg8pPkARL,5d/5dfc4822.jpg,ബഹുവർണ്ണം,,CLOTHES_RACK,നൂതനമായ,Engineered Wood,,,
91b+BH4ppiL,e4/e46c6cbe.jpg,,,TEACHING_EQUIPMENT,,,,,
61qILo3lIZL,21/21a00308.jpg,Marron,Cube Bookcase CX-2,SHELF,2 casiers,Bois d'ingénierie,,,Rectangulaire
A1ycRuBg0TL,6e/6e954865.jpg,Noir,,BACKPACK,,Tissu,,,
61BuuWsMSPL,61/61ccdff7.jpg,Yellow,,TOYS_AND_GAMES,,,,,
71sIfloQ-dL,29/2904df6e.jpg,Blue,20-222-010501-00,FISHING_EQUIPMENT,,涤纶,,,
615BFmutFYL,40/408c8ab8.jpg,,,MEAT,,,,,
51LSluGDl5L,40/405f24db.jpg,89220_black,,HAT,,,,,
71wg2JfXHpL,1d/1d7d3f2f.jpg,Clear,,DRINKING_CUP,,plastic,,,
91vMNogsTkL,54/54cddbdd.jpg,,,WALL_ART,Traditional,canvas,,,
51LNksGKKOL,52/523eec33.jpg,Nero,,COMPUTER_COMPONENT,Cavo + Caricatore USB 6 Porte,,,,
81d-41v5CHL,40/40c2e85b.jpg,,,ELECTRONIC_ADAPTER,Sélecteur 4K HDMI 3x1,,,,
61EWINjL7tL,5d/5d26d5bc.jpg,,,INSTRUMENT_PARTS_AND_ACCESSORIES,Individual,,,,
614tXtSd87L,46/46e82bd8.jpg,,,FLAVORED_DRINK_CONCENTRATE,,,,,
716POtZ+iAL,19/196fff7e.jpg,Brass,,HOME_MIRROR,Standard,,,,Rectangular
71gmQoLowDL,b9/b98ed3cb.jpg,Kein Platz für Kunststoff.,,TOTE_BAG,Tasche,,,,
81vXpnYcUKL,4c/4c1bb9e5.jpg,,,HERB,,,,,
81P4FDiUfmL,ae/ae18576b.jpg,深绿色,,PLANTER,,炻器,,,
817SdsEl5-L,b4/b4c15af6.jpg,,,ABIS_KITCHEN,,,,,
61AHCZchalL,d2/d2e6aa1f.jpg,Camo 6 a,,HAT,,,,,
71QgFiu1XbL,29/2981d13c.jpg,,,MAJOR_HOME_APPLIANCES,Standard,,,,
81xWsvbb5gL,55/5513103e.jpg,Ivoor,,CLOTHES_HANGER,,,,,
81LGT+i9j2L,f2/f25b7cf2.jpg,레드,,PLANTER,plantador mediano,炻器,,,
81b3uhiUdXL,5c/5c15522c.jpg,,,POWER_SUPPLIES_OR_PROTECTION,,,,,
714oWvOddWL,b0/b0bede75.jpg,White top/Black edge,,EDUCATIONAL_SUPPLIES,Trapezoidal,,,,
51SlxAA4l5L,5a/5abfb58b.jpg,,,WASTE_BAG,Kitchen,,,,
71WtLK9oBRL,06/065e5231.jpg,,,JUICE_AND_JUICE_DRINK,,,,,
51yEj6mEUoL,7f/7fa8367f.jpg,Nero,,ACCESSORY_OR_PART_OR_SUPPLY,,,,,
81wAgjQBnnL,19/196a5c8f.jpg,,Ivy,SANDAL,Ivy,,100% sintetico,,
71GOSZLWHjL,49/49b1d747.jpg,,,HOME_LIGHTING_AND_LAMPS,5000K,,,,
61sTERu2HrL,87/871d61df.jpg,भूरा,,JAR,Copper Jug (Plain),तांबा,,,Round
816czU82uAL,2d/2db7d22e.jpg,Walnut,,JANITORIAL_SUPPLY,3/8 inches - Thick,,,,
51LojAte9QL,6a/6ab8de42.jpg,,,BATTERY,Chargeur AA/AAA + 4 Piles AAA (500 cycles),,,,
613Rw5zknbL,3d/3d23bb58.jpg,,,TEA,,,,,
61cV+6kCVGL,88/887a70e8.jpg,Siyah,,WIRELESS_ACCESSORY,,,,,
51p488astWL,84/84d029de.jpg,,,NON_DAIRY_CREAM,,,,,
81K4TgCUJQL,02/02eb86a4.jpg,紫,,EXERCISE_MAT,,NBR,,,
41miBLGTXdL,28/2869a1f1.jpg,Beige,Space Saving Shelf UB-6030 L.Brown/White,SHELF,2 étagères,Bois,,,Rectangulaire
6130n91R4AL,4e/4ec1f6f8.jpg,Gold,Frame 03 Non-polarized Shallow Aviator Sunglasses,EYEWEAR,Frame 03 Non-polarized Shallow Aviator Sunglasses,,100%Metal/Acetate,,Aviator
61OeK+cUOQL,e3/e31c9a8a.jpg,White Powder Coat,,HARDWARE,10 pares,,,,
A1HH9j15kCL,04/04bcb2a4.jpg,,,LUGGAGE,,,,,
51qMZ-ZgbGL,3d/3d5452e9.jpg,Stainless Steel,,PLUMBING_FIXTURE,1.25-Inch Diameter,,,,
61D0c1v1RML,93/936f90da.jpg,Blanc,,AUTO_ACCESSORY,Vernis,,,,
91BQmOVE6mL,75/75612864.jpg,Rosa,,SUITCASE,,Poliéster,,,
61Pt6sZ88aL,b0/b0c40d3e.jpg,,,SKIN_MOISTURIZER,,,,,
41PNVl71R3L,24/24cd69f7.jpg,クリア,,BRACELET,ブレスレット,,,,
71Jk-VJO5rL,f1/f1765988.jpg,,,INSTRUMENT_PARTS_AND_ACCESSORIES,Compresseur,,,,
61-ZHNe4IOL,15/15e20dc0.jpg,Style02-dark Grey-1 Pack,,HAT,,,,,
61YXlKZ8l0L,2d/2d0d61fa.jpg,Negro,,MULTITOOL,,Stainless Steel,,,
81ZFWYxDNTL,cf/cf55de7b.jpg,,,SUGAR,,,,,
51tN7e1cTTL,c2/c21a6b04.jpg,,,COMPUTER_COMPONENT,,,,,
812yqksZyeL,f9/f9cc78ad.jpg,,,LUGGAGE,,,,,
715aWfOWy+L,db/dbc685ae.jpg,Black,,UMBRELLA,,,,,
81ppN4nWXmL,ad/adcf66dc.jpg,ఐవరీ,,CLOTHES_HANGER,,ఇతరులు,,Hangers,
81kGCFbo2IL,8c/8c1dcbdf.jpg,Onyx,,JANITORIAL_SUPPLY,,Goma,100% Molded Carpet,,
61dWY2of-5L,66/665c155a.jpg,,,RING,リング,,,,
71ka7e5G2mL,f6/f662fb1f.jpg,blush suede,Loyal Block Heel Dress Sandal - High,SANDAL,Loyal Block Heel Dress Sandal - High,,100% Leather Upper,,
71RnsaI7V4L,23/23b0cd12.jpg,Galvanized,,HOME_MIRROR,Contemporary,Hardwood,,,Round
31N0YZWim4L,51/51685798.jpg,Green,,EXERCISE_MAT,Yoga Mat and Blocks,,,,
61BFdLrC4FL,75/7546b814.jpg,ブルー/ホワイト,,BASKET,,,,,
A15Bjm9ZdiL,98/98278eb0.jpg,Tan,,WASTE_BAG,,,,,
711ZqDk+v0L,10/1038d310.jpg,Black,,CLOCK,,Plastic,,Wall Clock,
612ct1KPO0L,b0/b018158f.jpg,Red,,JAR,7 Piece,Plastic,,,Round
61KtFmLsZhL,ad/adc7d04d.jpg,Chêne Sauvage,,BENCH,Modern,Chêne sauvage et cuir synthétique,,,
710V2WOdnQL,e4/e445be7d.jpg,black,,RECREATION_BALL,Arrow Grip,Caucho,,,
61AJQxE3puL,88/881ebf44.jpg,Noir,,KEYBOARDS,0,,,,
91vFlhey9fL,15/155538c9.jpg,Black,,WALL_ART,,canvas,,,
8165HGh8uaL,cc/cc7576e8.jpg,,,JANITORIAL_SUPPLY,,,,,
61U0i7NOazL,66/663678ac.jpg,블루,,HEADBOARD,弯曲,木头,,,
91gYXgDOAFL,e5/e519ec75.jpg,Multicolor,,WALL_ART,Weathered Black,wood,,,
61i+yC3TbyL,03/03c1b056.jpg,,,MEDICATION,Durante el día,,,,
61qDp6pabUL,03/03c0a9b9.jpg,,,RING,リング,,,,
919aNfJzV6L,e3/e38697e0.jpg,Black,Trapper Hat with Faux Fur,HAT,Trapper Hat With Faux Fur,,"Shell: 60% Acrylic, 40% Polyester; Lining: 100% Polyester",,
71dLvy2EYqL,42/42bf2b77.jpg,Walnut,,HOME_MIRROR,Peaked,walnut,,,Rectangular
718eKl7fLhL,5c/5c36f369.jpg,rojo,,MUSCLE_ROLLER,,,,,
51EAa1rOFdL,3b/3b3d0dfd.jpg,Polished Steel,,TOILET_PAPER_HOLDER,,,,,
81pJHtZgWwL,05/05e95ea8.jpg,Blue,,JAR,,Plastic,,8-Pieces,Oval
41WqkHsTVEL,a2/a21de0ee.jpg,Trasparente,,DRINKING_CUP,Bicchiere Highball,,100% Others,,
41T6YINftVL,d9/d976268d.jpg,Damson Berry,,ACCESSORY_OR_PART_OR_SUPPLY,Case and Lightning Cable Bundle,,,,
71LcwYk2rYL,08/087e5865.jpg,灰色,,OTTOMAN,,Polyester; Sturdy wooden frame,织物,,
81HZtKszB-L,de/dec4d881.jpg,Negro,,FURNITURE_COVER,Dog Metal Crate Cover,,,,
51-dmiNWD9L,05/05d65602.jpg,Others,Samsung Galaxy J5 Prime,SCREEN_PROTECTOR,,Plastic,,,
71GiASCMivL,fb/fb96e38e.jpg,പച്ച,,JAR,,പ്ലാസ്റ്റിക്,,,Rectangular
71mllyNVhxL,42/42fa932c.jpg,,,MECHANICAL_COMPONENTS,,,,,
81FdN9SoTZL,c7/c73c6f10.jpg,,,STAPLER,,,,,
81nfrI2a5xL,8a/8a30b766.jpg,パープル デイジー,,UMBRELLA,,,,,
51D3DW9D12L,1b/1bc74975.jpg,Black,1101707,SCREEN_PROTECTOR,,Tempered_Glass,,,
81JxSX7hS1L,da/dae0b177.jpg,Black,,COMPUTER_COOLING_DEVICE,Single-fan,,,,
61h5u0H+P4L,49/49f8ce3f.jpg,Yellow,,CARGO_STRAP,,,,,
81FbjZ+pmkL,18/18ba7b1f.jpg,,,HERBAL_SUPPLEMENT,,,,,
81U5wL4m0IL,ca/ca259249.jpg,블랙,"AmazonBasics Dual Arm Full Motion TV Mount, 37-Inch to 80-Inch",FLAT_SCREEN_DISPLAY_MOUNT,电视支架,金属,,,
51q8PwlpfFL,a8/a82041c9.jpg,,,SKIN_CLEANING_WIPE,Dischetti detergenti,,,,
91GfYDrs6aL,84/84bb0ce6.jpg,,,VASE,Anchos,Ceramic,,,
81ZgbprQRXL,98/98576998.jpg,Roségold,,LUGGAGE,,,,,
51SaVfg13TL,d0/d040cc58.jpg,,,GPS_OR_NAVIGATION_SYSTEM,Garmin 57LMT Zentraleuropa & Hartschalenetui,,,,
61K1f1obHbL,04/04a0dd3e.jpg,Negro,,CHARGING_ADAPTER,,,,,
61vA6+d3n3L,57/57823cd7.jpg,White,,FOOD_SERVICE_SUPPLY,,,,,
61feBkkncJL,96/9616b774.jpg,Claro,,WASTE_BAG,1.1 mil,,,,
31uhSQu3SiL,9c/9cffac04.jpg,,,SANDAL,Unda Cross Strap Footbed Sandal,,Leather,,
71TPPbvzYcL,87/874c14e1.jpg,white,,TOILET_PAPER_HOLDER,,Stainless Steel,,,
6129IZjeC1L,17/17cbbecb.jpg,Gris,Bobbi,SANDAL,Bobbi,,100 % synthétique,,
71HsWP2lomL,1a/1a3b038b.jpg,Transparent,,DRINKING_CUP,,Glass,,,
71V9JqADvIL,4c/4ccd691f.jpg,BLACK,,BUCKET,,,,,
91i9DiL+KCL,23/23682042.jpg,Blue,,FLAT_SHEET,,100% Cotton,100% Cotton,,
719wQx+kp0L,da/da15898b.jpg,,,DAIRY_BASED_DRINK,,,,,
51Z0zHhlh+L,ae/aee3ad5d.jpg,亮灰色,"AmazonBasics Bathroom Handicap Safety Grab Bar, 16 Inch Length, 1.5 Inch Diameter",PLUMBING_FIXTURE,38 mm (1.50 pulgada) de diámetro,Acero inoxidable,,,
61WfS6xHLxL,01/01df8202.jpg,,,BATTERY,CR1616,,,,
91gcyVWf0aL,de/dec6e23b.jpg,Red,,BABY_PRODUCT,,Fleece,,,
81y6KIYAlfL,d2/d2fbefe0.jpg,Black & Espresso,,BED,Aurora,,,,
51arz0ceMZL,0d/0d02586e.jpg,,,TOOTH_CLEANING_AGENT,Original,,,,
61M8QspZxgL,11/11913967.jpg,Negro,,TOTE_BAG,,Tela,,,
612d2xcaF4L,49/4917366b.jpg,Clear,,WASTE_BAG,,,,,
81JxVxPiAfL,43/43755324.jpg,marineblauw,,PORTABLE_ELECTRONIC_DEVICE_COVER,"AmazonBasics – tablethoes, 25,4 cm, marineblauw",,,,
81Tfh7HxMNL,d4/d4650cea.jpg,Multi,,WALL_ART,Contemporary,,,,
713qokH34JL,4c/4c98b2d4.jpg,亮灰色,"Stone & Beam tri-ply stainless steel fry pan with lid, 12""",SAUTE_FRY_PAN,,不锈钢,,,
81l3FpqK8CL,12/12829356.jpg,Gray,,MECHANICAL_COMPONENTS,,pla_(polylactic_acid),,,
81m0UtWNgAL,0b/0bee2675.jpg,,,TEA,,,,,
71yb1j+SvmL,3d/3d43be4c.jpg,clear,,DRINKING_CUP,100 Count,,,,
71DkRZu6QZL,4e/4eafb64e.jpg,Nero,,CLOTHES_HANGER,,,,,
81axBc2ObgL,c6/c6c07edc.jpg,bruin,,PORTABLE_ELECTRONIC_DEVICE_COVER,,,,,
71UE7tDG--L,c2/c2abe481.jpg,黑色,,PORTABLE_ELECTRONIC_DEVICE_MOUNT,,,,,
51-zpau+tTL,a0/a0dc2f98.jpg,,,BEAUTY,,,,,
71uuh5yM2DL,3f/3fe25142.jpg,കറുപ്പ്,,SAUTE_FRY_PAN,,Aluminium,,Kadhai,
51gF-z0YUZL,83/832c0abb.jpg,Natural,,FOOD_SERVICE_SUPPLY,,,,,
81g2jHMgmxL,2b/2b071568.jpg,그레이,,VASE,,炻器,,,Round
61RVfw+YMwL,de/de8e84d5.jpg,,,CONSUMER_ELECTRONICS,,,,,
71SsR+xLWNL,27/2796e622.jpg,Brass,,CLOCK,,,,,
51lBeZ3T5UL,d9/d916f0bb.jpg,,,FLAT_SCREEN_DISPLAY_MOUNT,TV Mount w/ HDMI Cable,,,,
71sppkbtsML,c3/c3563134.jpg,,,AUTO_PART,"21"" / 21"" Hook",,,,
610cxa610yL,b2/b2f8b68b.jpg,Rosa,,THERMOS,,Acciaio inossidabile,,,
81Qr-Zm6LpL,0d/0daea1a5.jpg,Blue,,GOLF_CLUB_BAG,,,,,
716TyCDQjgL,65/65f66fa5.jpg,,Desert Boot 2,BOOT,Desert Boots,,,,
61SUOg9ewML,b6/b6c010df.jpg,Acabado Con Pintura En Polvo Blanca,,HARDWARE,10 pares,,,,
71NFs7pJK1L,e6/e66bfed7.jpg,,,SALAD_DRESSING,,,,,
71Vapi4c6hL,1f/1feffb3c.jpg,,,BATTERY,AA,,,,
61UavUjF99L,b9/b9ded9f7.jpg,Blanco,,CABINET,Mueble de baño con espejo y lavabo,Madera,,,
71f-2j+hxvL,b9/b9f2cdd8.jpg,,,LIGHT_FIXTURE,,,,,
81aFcNlMaKL,e3/e3f0e71b.jpg,Yellow Speckled,,MUSCLE_ROLLER,36 英寸,,,,
51jw1IoZgQL,40/40590ffc.jpg,,,ABIS_DRUGSTORE,Anti-stress,,,,
81haVAqrV2L,05/052ca9f4.jpg,"3L mesh-matten, tang + borstel",,ABIS_LAWN_AND_GARDEN,,,,,
61GsauVV3rL,a0/a04951c7.jpg,,,SKIN_CLEANING_AGENT,Shampoo + Body Wash,,,,
717qeCA+fjL,4a/4aef8aa3.jpg,Black,,POWER_SUPPLIES_OR_PROTECTION,6 ft. cord,,,,
514apcKc10L,9f/9f8e3e42.jpg,Natural,,FOOD_SERVICE_SUPPLY,,,,,
41kIEgl0+bL,da/daa0026c.jpg,,,SKIN_MOISTURIZER,Moisturizer + Eye Cream,,,,
81FxjHjXoqL,c1/c104a7bb.jpg,Black,Chunky Sole Chelsea Boots,BOOT,Chunky Sole Chelsea Boots,,,,
71C9RqpbiYL,b7/b7c83f13.jpg,Black,,CLOCK,,,,,
81La2j-cM2L,69/695d7a26.jpg,水洗牛仔布,,STOOL_SEATING,,,,,Square
81GL1F-FMRL,41/41371655.jpg,,,DISHWARE_PLACE_SETTING,Blue Accent,,,,
71QcE2oRAXL,7a/7a2de669.jpg,,,VINEGAR,,,,,
81LmIItuBbL,61/6137fb46.jpg,Assortis,,MARKING_PEN,,,,,
712aLXVO0VL,d2/d298b199.jpg,白色,,LIGHT_FIXTURE,0,金属,,,
61cSxVGxdcL,cc/cc2b8747.jpg,White,,BISS,FR,,,,
719u-tp9o4L,14/145f8be1.jpg,,,NUTRITIONAL_SUPPLEMENT,,,,,
513CPA-G48L,25/256ae42e.jpg,,,ABIS_DRUGSTORE,,,,,
71Fxo0RwRrL,ee/eebf2624.jpg,Satin,,TRASH_CAN,0,,,,
61fvrR3ea2L,0a/0aa2cadb.jpg,Oak Sonoma,,BED,Under-Bed Storage Drawer,,,,
81DDkQJzn6L,06/06662485.jpg,zwart,,MOUSE_PAD,,Gummi,,,
61+zhW9YvRL,5d/5d64e319.jpg,Blh,Nola,SANDAL,Nola,,100% Microsuede,,
41UWz6234XL,f5/f59702c4.jpg,绸缎黄铜,,LIGHT_FIXTURE,Candelabro colgante,玻璃,,,
61UcVMMhWqL,a9/a986c74b.jpg,Azul (rain),,OTTOMAN,,,,,
71+JUY-UFZL,66/66103ad4.jpg,,,SAUCE,,,,,
61BaFGtoDTL,d2/d267b4ba.jpg,Black,,COMPUTER_ADD_ON,1 Pack,,,,
91ULzMo7OZL,e6/e6d72579.jpg,,,BACKPACK,,,,,
71S7YSK7N+L,1f/1f6a94fe.jpg,Brown,E-0167,CABINET,Firm,Pine,,,Rectangle
71dbSL+px5L,2f/2fcb4e0c.jpg,,,HAIR_BRUSH,,,,,
51K3hgZOtnL,f3/f346307c.jpg,,,JANITORIAL_SUPPLY,,,,,
81SXhSsXtFL,b5/b57c7de1.jpg,,,SKIN_CLEANING_AGENT,,,,,
91ztsOMFUIL,59/5961ab8a.jpg,Gris Oscuro,,LAUNDRY_HAMPER,Sencilla,,,,
61hFM7HrNfL,ce/cec37c4c.jpg,,,MECHANICAL_COMPONENTS,,,,,
51HOOAfMAyL,19/1947e312.jpg,Anaranjado,FlexWare Collapsible Sink,OUTDOOR_RECREATION_PRODUCT,,Plástico,,,
71x3ksMYBsL,53/53c1a34a.jpg,Gold Two Tone,"Disney Frozen II Tow-Tone Silver Plated ""True To Myself"" Crystal Pendant Necklace, 16""+2"" Extender",NECKLACE,,Metal,,,
71+-sVZs7TL,ec/ec9c7b47.jpg,White,,STORAGE_HOOK,,प्लास्टिक,,,
91TiQX-qGgL,7e/7eaa22f5.jpg,Negro,,FLAT_SCREEN_DISPLAY_MOUNT,Giro e inclinación,,,,
5154K9gRR6L,e9/e9f29208.jpg,Nero,,TRASH_CAN,coperchio a scatto doppio,,,,
816UpikU3nL,2e/2e2b71d5.jpg,Silver,,MECHANICAL_COMPONENTS,ESILK,,,,
71SKVTt8gqL,30/30023463.jpg,,,BATTERY,,,,,
51kwKuELoGL,ab/abeea586.jpg,Matte Noir,,TOILET_PAPER_HOLDER,,,,,
61WHeXMBB1L,e2/e266fb77.jpg,,,FRUIT,Nüsse und Rosinen,,,,
616P73+rxCL,52/521bd904.jpg,,Baylee,SANDAL,Baylee,,100 % synthétique,,
81W+nSXQPQL,34/342b74b4.jpg,브라운,,STOOL_SEATING,,黄铜,,,
71ltHU7CdlL,7b/7bf475e6.jpg,,,LADDER,钢,Alloy Steel,,,
618wY0ZeapL,5a/5a1866b0.jpg,,,SKIN_MOISTURIZER,,,,,
51KMllfusUL,d5/d5fa2055.jpg,Flat Black,,STORAGE_HOOK,Modern Single Prong,,,,
71JiV3P6pvL,57/57e64979.jpg,,,STORAGE_RACK,,Plástico,,,
61S8Z4zLt+L,08/086186a0.jpg,,,CLEANING_AGENT,,,,,
71vkEaAtlvL,c4/c49bd130.jpg,Black-1,,BAG,,,,,
61P354DHCWL,b4/b4f8fae5.jpg,Color 4,,EARMUFF,,,,,
91YUbff64pL,5b/5b69697f.jpg,Noir,RFQ468,PORTABLE_ELECTRONIC_DEVICE_COVER,Sacoche,,,,
71ugocKg7aL,f4/f45ae000.jpg,Blue/Clear,"AmazonBasics Standard Duty Clear Sump VIH Filter Housing 3/4"" In and Out | Equivalent To Culligan HF-360A",WATER_PURIFICATION_UNIT,,,,,
71FZN4-WCrL,06/06fc6336.jpg,Rouge,,SPEAKERS,,,,,
71pRtMt3VqL,31/31bf4b18.jpg,,,FOOD_SERVICE_SUPPLY,,,,,
81+IvkAXZgL,41/41c557d6.jpg,Cromado,,SHELF,3 estantes,Metal,,,
81+fqEoX8mL,15/15c78b6e.jpg,Gris,,BABY_PRODUCT,,,,,
81E4nc6HQ8L,5f/5f77a2de.jpg,Oak,,CABINET,Wardrobe,Wood,,,Rectangle
81cRqxCJ4JL,da/da592743.jpg,wit,,FURNITURE_COVER,,Stoff,,,
71ENt+y73bL,de/de85052d.jpg,Marrón Chocolate Chocolate,Marsh_syntetic,BOOT,Botinas,,,,
81Z6pqe5ScL,10/10de9f0a.jpg,Black,,BACKPACK,35L,,,,
31-ctxZG7wL,cf/cf719079.jpg,Netzteil mit Kabel schwarz,,PHONE_ACCESSORY,,,,,
61zikK0CBgL,60/60e10998.jpg,,,JEWELRY_SET,セット,,,,
81Yj9YhyZgL,40/402f56ae.jpg,Brown Sand,Muck 2,BOOT,Muck 2,,,,
A1MRr-2eZOL,18/18c1c757.jpg,Blue/Green Flower,,PILLOW,Deep Seat Cushion,spun_polyester,Polyspun,,Square
71pKi9YVtiL,85/852b68fc.jpg,咖啡色（Caramel）,,OTTOMAN,,,,,Square
71l-bZLR9KL,5a/5a94ccb3.jpg,,,ROASTING_PAN,,,,,
81Z7xnzixFL,78/78e94359.jpg,Cuir de Vachette Nappa Noir,,WALLET,,,,,
81dmNAoMhjL,0c/0c00642f.jpg,Rundernappaleder bruin,,WALLET,,Leder,,,
61nZo4-ziML,a1/a19cf24d.jpg,,,NECKLACE,ネックレス,,,,
6149ppKf1+L,80/803a8967.jpg,Manilla (stad),,FILE_FOLDER,2 bevestigingsmiddelen,,papier,,
71o7CDgHzyL,3a/3a9a2fdd.jpg,Matte Black,,STOOL_SEATING,,Metal,,,
91jvjbWfxdL,97/9742702d.jpg,Hyper Green,,BACKPACK,,840D & 900D Twisted Poly,100% 聚酯纤维,,
61BI-PB3HTL,f6/f66c8f1e.jpg,Negro,,BABY_PRODUCT,,,,,
81yw3-BRPxL,7b/7b895285.jpg,Blue,,SPEAKERS,,,,,
71tKkTN9W6L,4b/4bd08006.jpg,,,EXERCISE_MAT,,,,,
81ZfyGohxCL,3b/3b4537eb.jpg,,,STORAGE_RACK,,,,,
81CzdNxAryL,0e/0e0cef52.jpg,,,SNACK_MIX,,,,,
81wu5Vbrr1L,b0/b0c62969.jpg,Blue,,SUITCASE,2-Piece Set,PC,,,
71oHYoP9nYL,c2/c2526e1d.jpg,לבן,,CABINET,Contemporary,Beech Wood Legs; Solid Hardwood,,,
61UY55f-X7L,cd/cd327c05.jpg,White,,POWER_STRIP,"Barra de contactos protectora de sobretensiones de 6 salidas, 790 julios.",,,,
51Dc512uSKL,1d/1d7b5af8.jpg,,,JANITORIAL_SUPPLY,,,,,
61QL3yOXPEL,fd/fdb3eb7a.jpg,Orange (Hot Coral Hot Coral),Block Heel Mule,SANDAL,Block Heel Mule Open-Toe Sandals,,,,
71ep4gRt9ML,cb/cb573a5c.jpg,,,POPCORN,,,,,
51Q+jAp4mHL,df/dffbcb08.jpg,,,NETWORKING_DEVICE,,,,,
716BWiWTz7L,7a/7a989282.jpg,,,PROFESSIONAL_HEALTHCARE,,,,,
81LRwyqb9gL,51/510677a1.jpg,Biege,,BASKET,Set of 2 Medium,Plastic,Plastic,,Rectangular
812qecqFnBL,d4/d49fc784.jpg,Plateado (Silver Leather),Myrtle Gladiator Fashion Sandal,SANDAL,Myrtle Gladiator sandalia de moda,,100% cuero parte superior,,
913+7b+MFrL,51/51523481.jpg,干邑色,Andrews,OTTOMAN,,皮革,Top-grain Leather,,
71oTlAM5hHL,d1/d176cd67.jpg,nikkel mat,,TOWEL_HOLDER,Klassiek,,,,
71iSv45L23L,3b/3b089bcc.jpg,blau / violett,"Silver-Plated You & Me Butterfly Pendant Necklace, 18""",NECKLACE,,Kristallmetall,,,
718q-jsX0UL,08/08dcf907.jpg,실버,,CLOTHES_RACK,,,,,
71vUu9c5BsL,c9/c93d5815.jpg,Zwart,,HEADPHONES,,,,,
71HdN4EIlJL,ae/ae80179b.jpg,,,SKIN_CLEANING_AGENT,,,,,
71GA8f+okmL,91/91a4c57f.jpg,Linen,,FURNITURE_COVER,Loveseat,Linen,,,
61L+b9ZgNRL,ab/abef8377.jpg,SVART,,DRINKING_CUP,,rostfritt stål,,,
71o8XPsLPtL,c4/c47e4038.jpg,beige,,BASKET,"Stijlvol, modern, elegant en praktisch","Slubbed Fabric, Vliesstoff, Karton, Baumwollseil",,,Würfelform
711-QNDHetL,37/37c70f82.jpg,White,,PHONE,Kein Antwortgerät,,,,
71l02URn5ML,4b/4bfee01a.jpg,,,POWER_SUPPLIES_OR_PROTECTION,1500V,SILVER,,,
81fSkODOUCL,33/33794fb5.jpg,,,COFFEE,,,,,
81VO2ZdB-JL,c7/c78ba3b2.jpg,,,BODY_POSITIONER,,,,,
91WViR7cs8L,61/61581fa6.jpg,Black,,SAFETY_SUPPLY,OS,,,,
71W6VNtwQCL,a0/a04f55bc.jpg,Silver,,FASHIONNECKLACEBRACELETANKLET,Amethyst,metal,,,
61fogsshKdL,d9/d95c1bc4.jpg,Black,,CHARGING_ADAPTER,,,,,
91yXclGPphL,8a/8a8c8f8b.jpg,Charcoal,,SWATCH,,,,,
71FQH1eHpoL,c8/c8c75811.jpg,,,COOKIE,,,,,
71P3Ceqjx0L,89/897aaf84.jpg,,,HOME_LIGHTING_ACCESSORY,,,,,
71j3Kq+4TDL,d2/d22072ec.jpg,,,COFFEE,,,,,
A10VEakxEHL,2f/2f887c9b.jpg,Red,,PILLOW,,,"Front Cover: 91% Cotton, 9% Polyester; Back Cover: 100% Polyester; Insert: 100% Cotton; Stuffing: 100% Polyester",,Square
81VqFfL4QoS,c5/c57a3aa8.jpg,,,TOOLS,,,,,
81uIYKT2msL,57/57de8a05.jpg,,,AUTO_ACCESSORY,常规,,,,
71PEXXPmHZL,01/01be471c.jpg,geel,,UMBRELLA,,,,,
81w2CbmCzaL,5b/5b73feb5.jpg,Grau,Ravenna,FURNITURE_COVER,,Kunststoff,Polyester,,
61h5+eyYPtL,e8/e8cf97b4.jpg,Plata,,PORTABLE_ELECTRONIC_DEVICE_STAND,,,,,
71AxY2uRuUL,15/15afbb87.jpg,,,CLEANING_BRUSH,Toiletborstelhouder - Geborsteld staal,Roestvrij staal,,,
71ZNPk4gm0L,bf/bf50e2da.jpg,,,AUTO_ACCESSORY,Totalmente sintético,,,,
71r4YE7xo2L,5d/5d386cc3.jpg,,DT-820V,THERMOMETER,Compacto,,,,
91+b1K2MXHL,72/72d0a376.jpg,,,HERB,,,,,
91i7F1SPu2L,20/20248aa0.jpg,,,FOOD_SERVICE_SUPPLY,,,,,
811K-ylGg-L,65/6503093c.jpg,,,DRINKING_CUP,,Glass,,,
71nmpWuntqL,f7/f79f6c33.jpg,White,,ENVELOPE,Self-Seal,,,,
81ENICMDXxL,f9/f9e42a75.jpg,Seafoam Green,,FLAT_SHEET,Flat Sheet,Sateen,,Solid,
61syMJw2-dL,b6/b60752e5.jpg,White,,POWER_STRIP,Single,,,,
51lWtGDvzWL,65/65c41806.jpg,White,,ELECTRONIC_ADAPTER,,,,,
912R+HJqeML,ec/ecaa3013.jpg,Black,,KEYBOARDS,,,,,
81y2tzqNDxL,b1/b118792b.jpg,,,CE_ACCESSORY,,,,,
61h1xAPHZdL,f3/f39abb7c.jpg,,,TEA,,,,,
81W4G60iXgL,e4/e458bdd3.jpg,,,COFFEE_MAKER,,,,,
814a8UEzlSL,1e/1e0f0726.jpg,వెండి,,BAKING_PAN,,ప్లాస్టిక్,,,
71He3EvZUQL,46/46f64bcd.jpg,,#705-1,JANITORIAL_SUPPLY,,,,,
41zUNxS7ogL,48/4878ce58.jpg,,,COMPUTER_DRIVE_OR_STORAGE,Drive 1 TB + Custodia,,,,
61QQepfK5qL,63/637e03b8.jpg,,,HAIR_CLEANER_CONDITIONER,Citrus Energie,,,,
A1Wj59yx87L,b4/b42aa2c3.jpg,Antique Red,,PILLOW,,,Front Cover: 100% Propylene. Back Cover: 100% Propylene. Stuffing: 100% Polyester.,,Square
61o5qwqBcZL,6d/6dd07ce5.jpg,,,JANITORIAL_SUPPLY,con Z Fold Compatible,,,,
A1Xr4ju9CxL,f1/f11f52f9.jpg,Black/Gray/White,,FOOD_SERVICE_SUPPLY,,,,,
912DT8eNyPL,0a/0acf7937.jpg,Flannel,,HAT,,,100% Cashmere,,
710yXlz3ZEL,1e/1e6b8c77.jpg,café (aspecto de ante topo).,Suede Look,BOOT,Botas Chelsea de ante,,,,
81cVQqCu8PL,1d/1d3cde27.jpg,blue,,SAFETY_SUPPLY,Cushion Grip,Plastic,,,
51YyHW36qmL,60/6061e380.jpg,ابيض,,POWER_STRIP,Extension Cord + 790J White Power Strip,,,,
518voHRjl-L,cb/cbac36ec.jpg,White,,WRITING_BOARD,New Collection,,,,
61BQt4LHf+L,4c/4c3afeb0.jpg,ബഹു വർണം,Eco,ELECTRIC_FAN,Single,Mild Steel,,Ceiling Fan,
51to7AY8yzL,9b/9b2e0e47.jpg,Noir,,ACCESSORY_OR_PART_OR_SUPPLY,,,,,
81z3mRoawjL,12/122af31b.jpg,లేత గోధుమరంగు :: టీల్ :: తెలుపు,,RECREATION_BALL,,తోలు,,,
61r08L6Ts+L,c1/c163b648.jpg,,,THERMOPLASTIC_FILAMENT,,,,,
41dAEZ3WP4L,0f/0fe2b02f.jpg,Rojo,,FOOD_MIXER,,,,,
41sMudzaM0L,05/051a0c63.jpg,Clear,,DRINKING_CUP,11.7 oz,,,,
81R2N9PKr8L,eb/eb93f24d.jpg,Black/Gold,AE/5000BKGP,WATCH,,,,,Round
61DNGysuzvL,e1/e158aa7d.jpg,Black,,BABY_PRODUCT,,,,,
81K8GVVOEyL,3f/3fdfa554.jpg,Fawn,,OTTOMAN,,Polyester/Nylon; Wood frame,Fabric,,
81v1VGP1zOL,12/122f8da3.jpg,,,STRING_LIGHT,,,,,
711ZN1l9o4L,bd/bdb0de8b.jpg,Nero,,FLAT_SHEET,Sateen Flat Sheet,Cotone,,,
71-L1UrazcL,c0/c0fe8a0a.jpg,Eclipse,,HEADBOARD,Classic,Fabric,,,
81+OIReWwHL,6f/6fb26e5b.jpg,Sky Blue/White,,OUTDOOR_RECREATION_PRODUCT,Hammock,75D Nylon Fabric,100% Nylon,,
71I1L-sGsiL,42/42dfb5fc.jpg,Black,,TOILET_PAPER_HOLDER,,,,,
7175OHE3KnL,94/94a46bdb.jpg,,,BASKET,,,,,
71tsYVtHVJL,85/85ea9dd7.jpg,White,Stainless Steel Mother Of Pearl Inlay Money Clip With Created Sapphire Accent,FINEOTHER,,mother-of-pearl,,,
51OPR8pnrkL,8b/8bd01292.jpg,,,CLEANING_AGENT,,,,,
91FC6GPdroL,44/44610673.jpg,,,HARDWARE_TUBING,,,,,
71vv24toaNL,6f/6f3773eb.jpg,Red Faux Leather,,PILLOW,Transitional,Faux Leather,,,
51ZiDiOe0rL,09/09d16899.jpg,,,FOOD_STORAGE_BAG,Quart + Sandwich Storage Bags,,,,
81cWQF2rZ6L,98/984dfbe4.jpg,,,MILK_SUBSTITUTE,,,,,
71ZomkazCqL,a3/a3d4a5df.jpg,ブルー,,WRITING_INSTRUMENT,,,,,
81tQUIZny2L,f9/f99c5bce.jpg,Salt & Pepper,,SAFETY_SUPPLY,,,,,
61CTB1FKBML,1e/1e60f202.jpg,,,WINE,,,,,
61HkqQIY9YL,ea/eae6a8b9.jpg,Blu,,WASTE_BAG,"11,3 l",Plastica,,,
71IrrYcpO2L,4d/4d179d8e.jpg,ಕಂದು,,BED,कंटेंपरेरी,Engineered Wood,,,
61L1hTq8tsL,f7/f7d26784.jpg,Oil Rubbed Bronze,,STORAGE_HOOK,Traditional,Zinc Alloy,,,
91kmNYLoA3L,46/46906656.jpg,,,THERMOPLASTIC_FILAMENT,1 kus,PLA,,,
71RB5uY5uDL,76/76029d1d.jpg,,,SKIN_MOISTURIZER,,,,,
71K3dhiL4PL,c4/c49571f0.jpg,,,POWER_SUPPLIES_OR_PROTECTION,Estándar,,,,
81LYUrBnN1L,ee/eec2517d.jpg,,,ABIS_ELECTRONICS,,,,,
61kDEfmN0qL,0b/0bf17eed.jpg,,,BATTERY,AA,,,,
A1rEM6mVPgL,1e/1ed410d6.jpg,Emerald,,OTTOMAN,,木头,tela,,
51POZ7snm2L,69/691bae22.jpg,,,COMPUTER_COMPONENT,,,,,
41m7oupnSSL,0f/0f071506.jpg,,,SKIN_CLEANING_AGENT,,,,,
61BHi3-4DsL,35/35c6d508.jpg,Orange,,DUTCH_OVENS,,,,,
71tBJxIJd8L,10/1016313b.jpg,Vert,,MUSCLE_ROLLER,,,,,
51Gn9RA3szL,cd/cdbace35.jpg,1 paquete,Sunglass Strap,OUTDOOR_RECREATION_PRODUCT,,Algodón,,,
911qm9xibrL,e2/e21eece0.jpg,blanc,,JANITORIAL_SUPPLY,,,,,
91NjoRXG4SL,a0/a046a221.jpg,Multi,,WALL_ART,Black,wood,,,
81iVdDWPM6L,e2/e239a405.jpg,Series#13,,HAT,,,,,
61ZD+HxdeVL,75/75fbf585.jpg,Dark Grey,,WIRELESS_ACCESSORY,1-Foot,,,,
71bcen0GurL,14/14051a69.jpg,ホワイト,,NECKLACE,ネックレス,金属,,,
61mSwJAgQKL,0e/0e8f3b5a.jpg,Blanco,,HUMIDIFIER,Humidificación automática inteligente,,,,
71hmo96wMGL,14/149e98ab.jpg,,,INSTRUMENT_PARTS_AND_ACCESSORIES,Paquete de 3,,,,
61x+v218AgL,c0/c0b464ea.jpg,Wit,,STORAGE_HOOK,5 Haak,,,standard,
71NbS-zOHJL,0b/0b87f66c.jpg,,,EDIBLE_OIL_VEGETABLE,,,,,
71glQGmP8pL,22/22ea15cc.jpg,,,PLANTER,,炻器,,,
51jwbA0saOL,39/3983d872.jpg,,,COFFEE,,,,Dark Roast + Colombian Coffee Pods,
61SveRd89kL,3e/3ed38d18.jpg,,,STORAGE_HOOK,Förvaringsfack,,,,
61B08rlWztL,df/df32b867.jpg,,,WILDLIFE_FEEDER,Basic Bird Feeder,,,,
81eRnQwnaFL,bb/bba73534.jpg,,,COFFEE,,,,,
616cnx8T98L,0d/0d23c859.jpg,Linen,,OTTOMAN,,,Fabric,,
61p2FVrOgpL,f3/f3a375c4.jpg,,,SKIN_CLEANING_WIPE,,,,,
81gtOskt63L,ef/efcce09d.jpg,,,PANTRY,C,,,,
B1gbAX0hExS,e9/e9c0722d.jpg,Scopic Black,,BENCH,,,,,
714qT4xYmrL,46/46b5e141.jpg,Sonoma Oak,,DESK,Modern,Engineered_Wood,,Single,
81J9WF7mGeL,1f/1fcbf901.jpg,లేత గోధుమరంగు :: టీల్ :: తెలుపు,,CLOCK,,ప్లాస్టిక్,,Wall Clock,
91o9DSreULL,5c/5c74e02a.jpg,,,PACKAGED_SOUP_AND_STEW,,,,,
71Qj8IKQpFL,fa/fa84d50e.jpg,シルバー,,NECKLACE,,,,,
61vEgS-2NGL,98/9861e7b1.jpg,,,PANTRY,,,,,
61oEMnU3fqL,6f/6f44b440.jpg,,,NUTRITIONAL_SUPPLEMENT,,,,,
8111YjpBU3L,0d/0dc7bcf7.jpg,,,WATER,,,,,
51KR5eU6RiL,ab/abb84508.jpg,,,ABIS_DRUGSTORE,,,,,
91iKbcWY4TL,bb/bb42879c.jpg,ಕಂದು,,FURNITURE,ಕಂಟೆಂಪೋರರಿ,ಲೆದರೆಟ್ಟ್,,,
51hkOe7pVuL,19/199c8331.jpg,,,HAIR_CLEANER_CONDITIONER,Champú y acondicionador.,,,,
71JXyq4x23L,36/363c9b28.jpg,Amarillo dorado,,NECKLACE,,,,,
81jq0Ay1y1L,14/14e2bd86.jpg,Pattern 9,,HAT,,,,,
61VxbI9cHKL,d8/d82c8f6a.jpg,,,DISHWASHER_DETERGENT,,,,,
81PRmf0U7CL,86/86fc538c.jpg,,,PACKAGED_SOUP_AND_STEW,,,,,
51OQFSiHd4L,2b/2bbab24e.jpg,,,TEACHING_EQUIPMENT,,rubber wood,,,
713E1yc+ApL,9f/9f23883d.jpg,Rose Gold,,FASHIONEARRING,,,,,
61bB0gOfK2L,19/19ba3c7d.jpg,Espresso,,STORAGE_HOOK,2er-Pack,,,,
61Q27XrzffL,e5/e5767b25.jpg,,,PLANTER,Contenedores decorativos,炻器,,,Cylindrical
51E4sIPnrOL,4f/4ff86218.jpg,White,,CHARGING_ADAPTER,Single,SILVER,,,
41aAbXhpb4L,4e/4ed362f5.jpg,,,HOME_LIGHTING_AND_LAMPS,,,,,
71el0YfgKSL,de/de3a6951.jpg,stříbrná,,FLATWARE,Modernes Design,Edelstahl,,,
81PibQtUPHL,92/9208df2b.jpg,,,AUTO_OIL,,,,,
A1IDb0HTmPL,87/8787b908.jpg,Multi,,WALL_ART,Contemporary,,,,
71N2pCW6JvL,4d/4daeeeef.jpg,Brown,,FURNITURE,Contemporary,MDF,,,Rectangular
51EEhtWUXzL,26/26d74ee1.jpg,Gold,"10K Gold November Birthstone Charm, Featuring Cubic Zirconia",FINEOTHER,November,metalgemstone,,,
717xnzSCrgL,b7/b7cc066a.jpg,クリア,,BRACELET,ブレスレット,,,,
71BvjDOnasL,9f/9f4f6daa.jpg,"Verde, Lima, Salvia",DPWS376589,DISHWARE_PLACE_SETTING,,Stoneware,,Verde liso,
71G6ZeW3noL,1c/1c61e95a.jpg,Marbre Bleu Noir,,PORTABLE_ELECTRONIC_DEVICE_COVER,,,,,
71HMzGZXrFL,97/97ef04d8.jpg,,,SKIN_CLEANING_AGENT,,,,,
71AomZW4KZL,16/16caae56.jpg,,,BEAUTY,,,,,
71JCI+Xg8TL,18/18b4a829.jpg,,A.M. Refresh Facial Cleanser,SKIN_CLEANING_AGENT,,,,,
71CUuxwx8pL,05/05cc19ba.jpg,,,MAJOR_HOME_APPLIANCES,上級,,,,
81hDd+JNnQL,85/858e397c.jpg,蓝绿色,,PLANTER,plantador grande,炻器,,,
61xUUpit8mL,3b/3bd835b0.jpg,블랙,,STAPLER,"Grapadora de computadora, banda completa",金属,,,
7172lgGD+pL,09/0962b45d.jpg,,,EDIBLE_OIL_VEGETABLE,,,,,
81vFhqlqGsL,a1/a1fdad5e.jpg,Black,,COMPUTER_ADD_ON,,,,,
71Mm6D0xTDL,b3/b37231d4.jpg,,,DISHWASHER_DETERGENT,,,,,
71RX9C-s3nL,13/1320123c.jpg,ಹಳದಿ,,UMBRELLA,,ಇತರೆ,,,
91RMyKeCdML,02/029b8a0e.jpg,Black Multi Tweed Textile,Sadie Miliary Style 4 Strap Ankle Boot w/Jewel Buttons,BOOT,Sadie Military-inspired Four-strap Ankle Boot With Jewel Buttons,,Tweed Textile,,
91kItaMyvGL,f5/f5e4c362.jpg,Svart,,SUITCASE,,,,,
81d2rXvxoPS,55/55084dde.jpg,,,TOOLS,,,,,
711bfQFRYKL,ea/eabfdb01.jpg,ಬೆಳ್ಳಿ,,BOTTLE_OPENER,,ಪ್ಲಾಸ್ಟಿಕ್,,Dough Maker,
81jQpoq3d3L,9d/9d1787f1.jpg,marineblauw en zwart.,,BISS,"Winter, schuim latex en acryl, touchscreen.",,,,
71tBPET8XnL,72/72f947a2.jpg,,,VEHICLE_LIGHT_BULB,H7,,,,
81mLZ4KntRL,2d/2dc9d4a0.jpg,,,TOOLS,,,,,
9126Itu+2iL,a7/a7471685.jpg,Russet,,OTTOMAN,,Nuez,织物,,Square
71HzEC81a1L,cc/ccffe87f.jpg,Black,,RICE_COOKERS,,,,,
81G8h9DUvVL,c6/c6b5add3.jpg,,,SAFETY_SUPPLY,,,,,
61PwqtOj90L,b6/b63b913f.jpg,Paquete con 2,Hammock Straps,CARGO_STRAP,,Nailon,,,
71Ie5CMPmvL,f6/f6bab9e1.jpg,,,LIP_BALM,,,,,
71+PKgpsuVL,76/76b0b390.jpg,Standing,,WRITING_BOARD,borrado en seco,Melamine,,,
71cUTOeJmRL,3f/3f464514.jpg,,,DAIRY_BASED_CHEESE,,,,,
61lehm5tN+L,7b/7b2c9e2a.jpg,Hliník,,STORAGE_RACK,Durchgehende Stangen,Aluminium,,,
61cpaWPyC7L,dd/ddf8e05b.jpg,89607_black,,HAT,,,,,
81CvJJSm5lL,c5/c53ae6fa.jpg,Yellow,,INK_OR_TONER,TN225,,,,
91g1oI258fL,8b/8b90dc51.jpg,Caribe,,DISHWARE_PLACE_SETTING,,,,,
91bn+b8Wm+L,85/85dff2e0.jpg,Braun (Brown Snake),Block Heel Square Toe,BOOT,Block Heel Square Toe,,,,
51l6kWoWSCL,10/10867cab.jpg,0,,WINE,Dornfelder Qualitätswein,,,,
712bpxcA6UL,d9/d9f269c0.jpg,Cruz V2 Fresh Foam,,CHARGING_ADAPTER,Doppia porta,,,,
81a1eWOBcJL,d4/d46fa759.jpg,Camouflage,,HAT,,,,,
91dR2CnpeGL,e3/e32ab281.jpg,,,VITAMIN,,,,,
81BUcd+-dlL,10/101ddf25.jpg,,,VASE,,,,,
81BdvlmGpIL,bb/bb3895e5.jpg,白色,,VASE,,灰石色,,,Oval
51E95U7g4tL,86/8690e64e.jpg,Red,,HEADPHONES,,,,,
51MbRD48lkL,0c/0cfd97a9.jpg,그린,,OFFICE_ELECTRONICS,"Shredder + File Folder, Green",,,,
81tXuy7bX4L,94/943ae511.jpg,Indigo Swirl,,DISHWARE_PLACE_SETTING,,,,,
71xlXgTq6tL,d9/d9bb548a.jpg,,,AUTO_ACCESSORY,,,100% polipropileno,,
619yU5NY5jL,21/2157ec50.jpg,Gray,,WIRELESS_ACCESSORY,1-Pack,,,,
31Cc37YREsL,3f/3f568d61.jpg,,,TOOLS,,,,,
61iGTYWiS-L,ef/ef0e852f.jpg,Black,,OTTOMAN,Barrel Chair,,,,
61QyuPZkLWL,21/21d9f1c9.jpg,,,CAMERA_TRIPOD,,Aluminium,,,
81OdCb2sSKL,9b/9bb9b221.jpg,,,WRITING_INSTRUMENT,,,,,
61Em+GoAfeL,c7/c7839e75.jpg,Black,,CHARGING_ADAPTER,10W Pad,,,,
61aqS5eO8CL,58/58b35452.jpg,,,BREAD_MAKING_MACHINE,,,,,
91pTEHPAkxL,4e/4e82be31.jpg,Aqua,,BACKPACK,,Fabric,,,
51wcMkLnvjL,07/07b8d448.jpg,White,iPhone 7 Plus,SCREEN_PROTECTOR,,Plastic,,,
61J8YEu0s7L,bd/bd5b7bef.jpg,Walnoot,,STORAGE_HOOK,8 haken,,,standard,
714Uq6tIx+L,71/71030f93.jpg,,,NUT_BUTTER,,,,,
91T-HmmeAsL,52/52a16ce1.jpg,,,OTTOMAN,,linen,Fabric,,Rectangular
71-Qao6Ea-L,fe/fe4784a4.jpg,,,FLAT_SCREEN_DISPLAY_MOUNT,Articulating,aluminio,,,
81MGMEZbtGL,6c/6cd4c8a5.jpg,,,STORAGE_BOX,Square,,,,
71F1o9RenSL,8a/8a5a98b5.jpg,Green,,DRYING_RACK,,Plastic,,,
51fc7qN7u-L,52/52819327.jpg,Grey,,SHELF,3 Shelves,Fabric,,,
A1rKPAaO6oL,58/587ef910.jpg,,,FURNITURE_COVER,Round,,,,
81WzRtKwScL,ba/ba17d43d.jpg,černá,,TRANSPORT_RACK,Dachgepäckträger-Tasche,,,Pojedynczy,
81chltEN+PL,83/83e5d5db.jpg,Brown,,HOME_MIRROR,Antique,glass,,,
816vgSuAbcL,17/17910512.jpg,,137.264,SANDAL,Ankle Strap Wedges,,,,
61dzDBGX26L,cc/cc1e77bd.jpg,White,,FLAT_SCREEN_DISPLAY_MOUNT,TV stand,,,,
41gZuK6z60L,57/57844a44.jpg,,Canvio Basics,COMPUTER_DRIVE_OR_STORAGE,Festplatten + Tasche + Zusatz-USB-Kabel,,,,
91xNBZJXzjL,90/90f95972.jpg,"red, blue, white assorted",,DRINKING_CUP,120 Count,,,,
71FcEjF11tL,50/504bd37d.jpg,블랙,,STOOL_SEATING,Altura do balcão,,,,
81cOUhjxqpL,97/97107cf3.jpg,,,SALAD_DRESSING,,,,,
91VUPx2U8nL,2a/2a77b93f.jpg,,,TOOLS,,,,,
71qyjvRHBlL,54/5488ce00.jpg,Manila,,FILE_FOLDER,,,,,
71xA5cUI7KL,d4/d4b5cbf8.jpg,,,SHAMPOO,,,,,
81CqjD7SzBL,4c/4c9f6216.jpg,,,CABINET,sección esquinera,木头,,,
71HZ-Fywc2L,d2/d2efb378.jpg,Black,36951,BOOT,36951,,,,
61VXRGS-NKL,ed/ed058603.jpg,White,,CHARGING_ADAPTER,One Port,,,,
81KrX+zoX2L,2b/2ba6b922.jpg,,,MINERAL_SUPPLEMENT,,,,,
71C-NCux7+L,83/8390c2f1.jpg,,,RING,リング,,,,
81mLe4CV7DL,1c/1cee2034.jpg,Rouge,,SUITCASE,,,,,
81AKMklJ7ZL,a4/a40b5e5b.jpg,블루,"AmazonBasics Gaming Computer Desk with Storage for Controller, Headphone & Speaker - Blue",DESK,Gaming computer desk with storage,金属,,,Rectangle
61vCJZc+7pL,41/41343918.jpg,Metallic,,PLUMBING_FIXTURE,,,,,
91JvQ8-gwSL,21/21025aae.jpg,Grey Crosshatch,,FLAT_SHEET,Bedlaken,Mikrofaser,,,
61AVMC1amSL,1f/1f331fac.jpg,,,DRINKING_CUP,,,,,
61HhxCGUpSL,b4/b4820830.jpg,,,MICROPHONE,,,,,
51ZBORs6lLL,fd/fd662ed4.jpg,Red American Flag,,HAT,,,,,
61Z4+0muntL,e0/e05dd7c2.jpg,,,NOODLE,,,,,
61+4ef9Vb5L,a6/a69109ea.jpg,Noir,Daytona,SANDAL,Daytona,,100 % synthétique,,
61uyXL4uQIL,2e/2e1c9ef6.jpg,Pink,"10k Rose Gold Diamond Accent Cross Ring, Size 8",FASHIONRING,,,,,
71jcJVcP2rL,22/22d68e09.jpg,Doré,Sox,SANDAL,,,100 % synthétique,,
61XNI5Ha1FL,01/01b9ccb1.jpg,,,DRILL_BITS,,,,,
61iLqXiZgPL,dd/ddb3b43d.jpg,,,PERSONAL_CARE_APPLIANCE,Clean Plus,,,,
91FS6mawMiL,d3/d39bc951.jpg,Black,,BACKPACK,,840D & 900D Twisted Poly,100% Polyester,,
71ITpB-sf9L,bf/bf8599ed.jpg,,,HAIR_BRUSH,,,,,
71JFFGnuPGL,1e/1eb95d8d.jpg,,,BRACELET,,,,,
71SeShpWa9L,76/767ad46b.jpg,Dark Wood,,EXERCISE_MAT,,Wood,,,
81+d3D-9NBL,07/07d95712.jpg,1 Pink,,HAT,,,,,
81D0Zr+q-mL,da/da5c7d30.jpg,Amarillo dorado,,NECKLACE,,,,,
81kCBRq3LYL,0d/0dc4d4b9.jpg,,,JANITORIAL_SUPPLY,,,,,
81VWRc-P0TL,14/14133eca.jpg,,,SHAMPOO,,,,,
71dUxr5gsxL,9f/9f048a2f.jpg,Copper,,JAR,Copper Jug + Bottle (Hammerred),तांबा,,,
61ig6kwFL1L,0d/0d88b7fd.jpg,,,BEAUTY,,,,,
718HfITkV2L,a4/a481d1b4.jpg,,,AUTO_ACCESSORY,Totalmente sintético,,,,
61w9XauNTQL,e3/e303d012.jpg,Grigio scuro,,WIRELESS_ACCESSORY,Confezione da 1,,,,
512mioaYVEL,80/8042576e.jpg,,,WASTE_BAG,Kitchen + Sandwich Storage Bags,,,,
91pBNUeVoML,99/99f9865f.jpg,,,FRUIT,,,,,
81pF2Q4eIuL,a3/a34c9f3a.jpg,Blu,,FLAT_SHEET,Flat Sheet,Cotone,,Tinta unita,
71gpwF1XQ2L,b5/b5c72fb3.jpg,Beige Taupe Python,#_Happy-01w3,SANDAL,Wiggenhakken Sandalen,,,,
710UuBtXLqL,cc/cc087f57.jpg,Grigio,,CLOTHES_HANGER,,,,,
51TX65Xl7hL,97/977a5359.jpg,,,NECKLACE,ペンダント,,,,
71cp3NrU5UL,0b/0bfd7348.jpg,black,,BROOM,Short Lobby Angle Broom,,,,
51XqJ4bvjxL,59/59b4eec8.jpg,,,RING,リング,,,,
51oV0BHaQGL,39/39038724.jpg,,,AUTO_ACCESSORY,,,,,
81fgb2JAKzL,8b/8bcd2fbd.jpg,Cielo Blue Stretch Satin,Becca Pointed Toe Sock Bootie,BOOT,Becca Pointed Toe Sock Bootie,,Textile,,
91dXlC13QIL,59/591e4fdb.jpg,Mustard,,BACKPACK,Traditional Backpacks,Polyester,,,
81pPpE2DdWL,8e/8ede45d2.jpg,,,NUTRITIONAL_SUPPLEMENT,,,,,
61YdMzeWRZL,4d/4d490f23.jpg,White,,STORAGE_HOOK,Single,,,,
61Ys2EgP-XL,38/383f32de.jpg,White,Evelyn,SANDAL,Evelyn,,100% Plastic,,
71VxAXOO-lL,1d/1dffb904.jpg,Amarillo dorado,,NECKLACE,,,,,
51emlpvPeUL,64/64b7e915.jpg,Trasparente,,DRINKING_CUP,,,,,
61kGVXbtX6L,a9/a99d900e.jpg,Black,,WRITING_BOARD,mini,,100% Wood,,
81wKK+No-5L,e7/e7eee097.jpg,,,AUTO_OIL,Conventional,,,10W-30,
71sATi5FybL,03/03fdcab3.jpg,Blanco claro (Bright White Leather),Daniella Block-Heel Ankle Bootie,BOOT,,,cuero,,
41-eRDYUOBL,b4/b4c3ac96.jpg,,,GPS_OR_NAVIGATION_SYSTEM,,,,,
81buYgfWKCL,08/08c58078.jpg,,,PASTRY,,,,,
91nZtKH4QOL,c5/c5932f46.jpg,,,DAIRY_BASED_ICE_CREAM,,,,,
71X8WomKEaL,41/41c6a4f4.jpg,Negro,,POWER_STRIP,Carcasa de aluminio extruido.,,,,
614KvxqyCbL,e2/e2effb28.jpg,6-pack,,LOCK,,,,,
71fvHnHjWrL,89/89bacbb1.jpg,白色,,PLANTER,,,,,
71PBpNfQIPL,88/880e2738.jpg,Negro,,FLAT_SCREEN_DISPLAY_MOUNT,montura para TV,,,,
71zextr4ZQL,61/619fd466.jpg,,,TEA,,,,,
61qI2a0oWCL,5d/5d750895.jpg,Walnuss,,BENCH,,,,,
91aXnU4BDUL,ba/ba003345.jpg,Blue and Green,,WALL_ART,古董,,,,
61CCWw7ttpL,15/1556de40.jpg,,,RING,リング,,,,
714yxDqub5L,38/3864f6b7.jpg,,,PACIFIER,,,,,
710x0ClX59L,24/24d9982e.jpg,,,PLUMBING_FIXTURE,,,,,
912XNDpWk3L,f8/f8bc6b3a.jpg,Vanilla,,PILLOW,,Velvet/Linen/plush,100% Polyester ,,Square
41+-6PFLrzL,e6/e602a9af.jpg,Dark Bronze,Transitional,LIGHT_FIXTURE,,Metal,,,
61EGQy-g1QL,79/79c96bc0.jpg,Blanco/Negro,,PLANTER,2 unidades,,,,
819nPy+b2CL,7f/7f2d2e83.jpg,,,ENVELOPE,,,,,
A16cipBYDQL,ea/eaecbb1d.jpg,ബഹുവർണ്ണം (grey::grey::black::black::black::black),,BACKPACK,,നൈലോൺ,,,
71WwudNsOdL,85/85d6e77d.jpg,,,FOOD_SERVICE_SUPPLY,,,,,
51+QYQPCO5L,66/6626c0ef.jpg,White,,ELECTRONIC_CABLE,15 cm,,,Single,
71bEKvW0iwL,2f/2fa19aad.jpg,,,WATER,,,,,
81odguyPA9L,bc/bca219f0.jpg,Humo,,JANITORIAL_SUPPLY,,Goma,100% Carpet - Vinyl,,
61zXHi6a7aL,b5/b5a80be0.jpg,,,CHARGING_ADAPTER,,,,,
91+420IW01L,1c/1c855b16.jpg,,,PANTRY,,,,,
71pGN6Nip+L,f3/f3235222.jpg,Black (Black Black),Ethan,BOOT,Ethan,,,,
61V9yDXNEvL,43/43efbee0.jpg,,,DAIRY_BASED_DRINK,,,,,
A1jO0kdNIeL,5f/5fdb3d8e.jpg,रॉयल ब्लू,,BACKPACK,,फ़ैब्रिक,,,
71qgiFq0rQL,ee/ee5a3f9f.jpg,Black,,VEHICLE_INTERIOR_SHADE,,,,,Ovalado
51q46fzGKvL,b0/b0c2a2e0.jpg,Polished Chrome,,TOWEL_HOLDER,Classic,,,,
71aHlVyJUlL,22/220758f3.jpg,Red Burgundy,Mia Pe-5810,BOOT,Short-Shaft Boots,,,,
71PTFo5CpoL,a3/a3243b30.jpg,Boy Car,3-Pack Swaddle Blanket,BABY_PRODUCT,3-Pack Swaddle Blanket,,100% Cotton,,
81cOC3pdfXL,93/9367694a.jpg,Green/Silver,AE/1001WTGN,WATCH,,,,,Round
71YBbauuqDL,48/483c1140.jpg,Neutral Uni Star Stripe,3-Pack Swaddle Blanket,BABY_PRODUCT,Paquete de 3 mantas para envolver al bebé.,,100 % Algodón,Rayas,
91x6iQFMaYL,2d/2dd7ec94.jpg,,,NOODLE,,,,,
51N0fQyELsL,62/622e562d.jpg,,,JANITORIAL_SUPPLY,,,,,
61U7K9BJtyL,2e/2e7d310e.jpg,Rood,,WIRELESS_ACCESSORY,1 stuk,,,,
71c0b5SBv2L,e4/e4fc230f.jpg,,Amz129,BOOT,Skinny,,,,
41pAyJYMBkL,28/2802f0e0.jpg,אדום (red),,PORTABLE_AUDIO,Altavoz y cable de audio de 3.5 mm,,,,
61vjUCzQCaL,c1/c19fef86.jpg,Black,,CAMERA_TRIPOD,Tripod Only (1-Pack),Aluminum,,,
71fw5GTUuZL,be/be6de5d2.jpg,Terciopelo Negro,Melanie Pointed Toe Stiletto Ankle Boot,BOOT,Melanie Stiletto - Bota de tobillo,,Textil.,,
61cSRbr32RL,57/57dc852b.jpg,粉红色,,ELECTRONIC_ADAPTER,单面,,,,
8106zAcH5JL,09/092781a4.jpg,,,PACKAGED_SOUP_AND_STEW,,,,,
81ck6-XHo1L,9e/9efd7f96.jpg,,,NUTRITIONAL_SUPPLEMENT,,,,,
61XMuzs9NwL,0c/0c23add5.jpg,,,THERMOMETER,,,,,
51W7+BIb4oL,28/28d8593c.jpg,Oil-Rubbed Bronze,Modern Single-Handled,FAUCET,,Brass,,,
51ROUPhpiIL,2a/2a520d9c.jpg,काला,,SUITCASE,,अन्य,,,
81Zl4bcl+KL,65/6526d0ed.jpg,Black,,WIRELESS_ACCESSORY,Two-Port,,,,
51AziAJOTuL,db/dbc373dd.jpg,,,MEDICATION,Severe Congestion & Cough,,,,
91W4zbt23YL,0b/0b687212.jpg,,,BEAUTY,替换装,,,,
71PDY1132DL,48/4863d5fd.jpg,Brushed Stainless Steel,,FOOD_SERVICE_SUPPLY,Double Flip Waffle Maker,,,,
61bxijQAqEL,b9/b971cff9.jpg,Bleu,AB Microfiber,FLAT_SHEET,Uni,Polyester,,Uni,
81P3SywTqjL,78/780a1dc2.jpg,Yellow,,WRITING_INSTRUMENT,Regular,SILVER,,,
71kdKhqBL0L,f0/f05cb2e7.jpg,Error:#n/A,,WATER_PURIFICATION_UNIT,ERROR:#N/A,,,,
71HflKv5JTL,39/3938dc10.jpg,,,FOOD_SERVICE_SUPPLY,,,,,
61T7AxxybDL,f9/f99934eb.jpg,,,ABIS_DRUGSTORE,,,,,
61yLybtGTKL,ef/ef553d1d.jpg,Chevron blå dimma,,FLAT_SHEET,Platt lakan,,,,
71Q5tyDq0KL,b3/b3a83588.jpg,Black Suede,Eve Stiletto Heel Dress Sandal - Low,SANDAL,Eve Stiletto Heel Dress Sandal - Low,Suede,100% Leather Upper,,
81ebtSec+oL,de/de80a346.jpg,Marrón topo,Cadence,BOOT,Cadencia,,100% Microgamuza,,
81kmM92oEuL,a4/a4c63d34.jpg,,,BEAUTY,,,,,
61+VIRmH7jL,cb/cbf036b7.jpg,White/Beech,023471-047-A60,TOILET_PAPER_HOLDER,,Metal base; silicone dowel,Metal base; silicone dowel,,
31W7hjon4RL,b5/b551ecd5.jpg,Black,WM021,SURVEILANCE_SYSTEMS,,,,,
51eJ5fUQFxL,a5/a5ed2b9b.jpg,Black,,WASTE_BAG,,,,,
81S9M6l+ZFL,0c/0c866450.jpg,beige,,LAUNDRY_HAMPER,Inklapbare wasverzamelaar met magnetisch deksel.,,,,
81zUSbIfSZL,45/45e4e3f4.jpg,Salmone e riso,,PANTRY,Gatti adulti,,,,
51LRfRkQ4sL,c4/c470a587.jpg,,,PLUMBING_FIXTURE,,,,,
81Jf+7JjHUL,70/70233024.jpg,,,NUTRITIONAL_SUPPLEMENT,,,,,
91-4iECY7yL,90/90ad351c.jpg,,,FRUIT,,,,,
811dRIU5CwL,04/04d0aeab.jpg,Oak Wellington,,CABINET,Queen Size Bed,,,,
718UntgGwmL,7f/7f222d31.jpg,Amarillo Yellow,#_Judd-s-1a-2,SANDAL,Alpargatas,,,,
812dgHJUYsL,cd/cd402638.jpg,,Hazel 4 Buckle Strap Ankle Boot,BOOT,Hazel 4 Buckle Strap Ankle Boot,,cuero,,
719gjtAuUEL,35/354775ba.jpg,Negro,"Silver-Plated Crystal Black Cat Body Pendant Necklace, 18""",NECKLACE,,,,,
61RzxwzCFZL,f8/f8e2c78a.jpg,,,FLATWARE,,,,,
91wXCZKaf8L,0d/0d6262d2.jpg,棕色和绿色,,STORAGE_BOX,,炻器,,,round
81qqKveHTHL,df/dfe2eb5f.jpg,Tan; Black,,WALL_ART,Silver Metallic/Black Frame,paper,,,
81lT12Xv1JL,10/1026d4b8.jpg,ബഹുവർണ്ണം (grey::grey::black::black::black::black),SOL-HD-CLOCK-126,CLOCK,,പ്ലാസ്റ്റിക്,,Wall Clock,
61My3EYb3YL,9f/9f99b2b4.jpg,,,SKIN_CLEANING_WIPE,Sensible avanzado,,,,
810Pb0kKaOL,93/938d234d.jpg,Zwart nappaleder van runderen.,,WALLET,,Leder,,,
71IU0FKykdL,d8/d87cba40.jpg,White,,CABINET,2-Door Display Unit,Engineered Wood,,,Rectangle
71ymSU-EmiL,5a/5a442b21.jpg,灰色（Brushed Nickel）,,LIGHT_FIXTURE,复古,金属,,,
91YJHvabs3L,42/4233deb5.jpg,Negro,,SAFETY_SUPPLY,,,,,
51uDjYC6R0L,ad/ad01c7aa.jpg,,,RING,リング,,,,
41i1UEciNGL,6e/6ebb9def.jpg,Monótono,STREAM 3.0,KEYBOARDS,,,,,
A1+WW+v69QL,df/df82b31a.jpg,Negro/Naranja/Gris/Blanco,,FOOD_SERVICE_SUPPLY,"Borde de seguridad de tracción mejorado, color naranja",,,,
61a+qYAfsiL,71/71dc29f1.jpg,,,BEAUTY,,,,,
812HkSX3hiL,e7/e7c8f8cf.jpg,Assorted,,PROFESSIONAL_HEALTHCARE,Stack Resin Chair with Chrome Legs,,,,
81o4RpYSBkL,69/6937dfe9.jpg,Blue,,JAR,,Plastic,,,Rectangular
81NvSCvmVPL,28/28600064.jpg,Bleu Poudré,,BASKET,,,,,
71asqnnapKL,46/4641724a.jpg,Red,,BAG,,,,,
71ty4kv2u1L,05/05d65163.jpg,Plateado,"Sterling Silver AAA Cubic Zirconia Mom Double Heart Pendant Necklace, 18""",NECKLACE,,Metal,,,Corazón
61VqygyCOcL,5a/5a67143c.jpg,0,,PROTEIN_SUPPLEMENT_POWDER,100% Whey,,,,
61rSSAJBdAL,b9/b9cf76e9.jpg,,,ABIS_DRUGSTORE,2 x 84,,,,
71n3KxCiynL,eb/ebe933c0.jpg,Azul,,CLEANING_AGENT,,,,,
6169WEiBUeL,ee/ee4ff036.jpg,natural,,FOOD_SERVICE_SUPPLY,cutlery,Plastic,,,
71vG1l6LKTL,2e/2e8fcad9.jpg,Braun Plum Plum,Avacado-1w4,BOOT,Ankle Boots,,,,
71PeHFgCbgL,86/866746b4.jpg,,,TOOLS,Aluminum,,,,
71Jhr-9MfPL,d4/d4741221.jpg,negro,,HEADPHONES,circumaurales,,,,
51qS7rIOOfL,de/de82f0fa.jpg,Transparente,,DRINKING_CUP,1000 Piezas,,,,
41utUi4RPUL,ab/ab1341e2.jpg,White,,DRINKING_CUP,,Paper,,,
71RrGLSgGmL,70/708bf521.jpg,,,DAIRY_BASED_DRINK,,,,,
91l16r1xqDL,20/20dc9925.jpg,Multi,,WALL_ART,Abstract,Paper,,,
81SNTS2pioL,52/52e99c33.jpg,,,VITAMIN,,,,,
818qxTsze8L,74/746b4c71.jpg,Noir,,RECREATION_BALL,wall ball,,,,
91vU8otJJnL,1e/1ec15f51.jpg,Black,Men's Lightweight Performance Running Cap,HAT,Men's Lightweight Performance Running Cap,,100% Polyester,,
817FKEl+eZL,52/528d79d4.jpg,Black,,ELECTRONIC_ADAPTER,1-Pack,,,,
A1qjgrH-wuL,11/115c92fe.jpg,Grey,,FLAT_SHEET,,100% Cotton,100% Cotton,,
81JIyNCUUoL,b2/b21f825d.jpg,,Classic,BOOT,Bottines,,,,
71Mmnj8vGCL,1c/1c00aa8f.jpg,Blue,,EXERCISE_MAT,,,,,
613uwtG3CTL,2d/2d68d4f8.jpg,Negro Black Black,Mellor,BOOT,Botines Chukka,,,,
71f5DGUoYDL,93/93cd58d7.jpg,Poppy,,BABY_PRODUCT,,,,,
71+x8lsWO9L,eb/eb8cde51.jpg,Oil-Rubbed Bronze,,LIGHT_FIXTURE,Mid-Century Modern,Vidrio,,,
A1KWjJKg2qL,1f/1ffff4d2.jpg,,,FRUIT,,,,,
715euK792gL,9a/9aac3613.jpg,Black,,HOME_MIRROR,Round,metal,,,
71wxRBAHZmL,5f/5f849a0d.jpg,,,CAMERA_TRIPOD,sin clip para smartphone,Caucho,,,
91va7QJFzuL,f4/f43b6372.jpg,Black,,BACKPACK,Traditional Backpacks,Polyester,,,
618Blc4s-JL,e6/e6809bbd.jpg,Pink,,HEADPHONES,,,,,
61PFvVs-VnL,a3/a37a450e.jpg,Cream,,STORAGE_BOX,,Fabric,,,
51ZnZWJbMOL,2f/2f3c760b.jpg,lichtbruin,UB-6035,SHELF,2 planken.,Holz,,,
619OsTNfOzL,45/4542c884.jpg,Black,,TOOLS,,,,,
71RP3hm--aL,ba/baa02563.jpg,White,,HARDWARE,Small,,,,
61BAoPg-MJL,f9/f9179451.jpg,White/Brass,,PLANTER,,,,,Square
41a+LMGwLmL,fd/fd157d89.jpg,,,BRACELET,,,,,
A1cdomArs-L,98/9853e71a.jpg,Badlands Saddle,,PILLOW,,Leather,,,
71j17AncjIL,2a/2aee354e.jpg,,,AUTO_ACCESSORY,Convencional,,,,
41bt93fwdqL,d7/d7ef09e4.jpg,Dark Bronze,,LIGHT_FIXTURE,,,,,
71-JyLu-FfL,fe/fe747f66.jpg,Gris,,CLOTHES_HANGER,,,,,
71zbFMv-yVL,7d/7db552dd.jpg,,,JANITORIAL_SUPPLY,,,,,
71EE-BVlpsL,8e/8ece9e88.jpg,,,SCISSORS,Extendable Hedge Shears,,,,
71O0Qqn7KPL,b5/b59cbd8b.jpg,,,JANITORIAL_SUPPLY,3 shelves,,,,
71hIcC3nOmL,ee/ee027a3c.jpg,schwarz,,CAMERA_TRIPOD,Nur Staiv (2er-Packung),,,,
91EeZ78pB2L,f4/f498d202.jpg,Pink,,SAFETY_SUPPLY,Garden,synthetic leather + plyester + elastic,"90%synthetic leather, 10%polyester",,
71OxCiI2TML,26/268b6ba4.jpg,Negro,WA64UP,PLUMBING_FIXTURE,,,,,
71vz7nTFvpL,85/852d2693.jpg,Blanc/Noir,,PLANTER,Lot de 3,,,,
61FLxJL6meL,31/31f0c32d.jpg,,,WIRELESS_ACCESSORY,,,,,
71DnmrrZBML,9c/9cccc324.jpg,,,EDIBLE_OIL_VEGETABLE,,,,,
7179LPBfeZL,eb/eb6a0087.jpg,,,ELECTRONIC_ADAPTER,NFC Hi-Fi Adapter,,,,
71QPO-LZYNL,10/1000681d.jpg,Noir,,NETWORKING_DEVICE,,,,,
619tPVrItML,f9/f9d50af1.jpg,,,SHELF,,,,,
81cfliR1unL,b9/b9716094.jpg,Gold Leather,Campbell Espadrille Dress Wedge- High,SANDAL,Campbell Espadrille Dress Wedge- High,,100% Leather Upper,,
51XplMNWD+L,99/998153d7.jpg,,,COSMETIC_BRUSH,,,,,
81SmYWrW+PL,ad/ad45b505.jpg,ಬೆಳ್ಳಿ,,KITCHEN_KNIFE,,ತುಕ್ಕಹಿಡಿಯದ ಉಕ್ಕು,,Knives,
71KzmY34ShL,d9/d988d8a5.jpg,Uni Americana,6-pack Bib Set,BABY_PRODUCT,6-pack Bib Set,,100% Cotton,,
71uCa53269L,33/33def65c.jpg,黑色,,BACKPACK,65L,,,,
71BL7UWvFkL,76/76b3d705.jpg,Negro,,MICROPHONE,,Plastic+Metal,,,
81QaMcsG+NL,68/681b041e.jpg,,,HOME_LIGHTING_ACCESSORY,,,,,
61ZC0xwO-CL,83/83a608c1.jpg,Black,,LUGGAGE,Large Duffel Bag,,Nylon,,
71IqTrhDVmL,50/502cea72.jpg,Ragazza Ottobre,"Sterling Silver, AAA Cubic Zirconia and Simulated Birthstone Babies Girl Charm, October",FINEOTHER,,Fine-altro materiale,,,
81a1zo9bq9L,5d/5d14b8cb.jpg,0,,PROTEIN_SUPPLEMENT_POWDER,100% Iso-Whey,,,,
71o4smk9zFL,ff/ff3af5f6.jpg,,,BOOT,Chunky Sole Leather,,,,
81xpqOfd-4L,21/215c7a98.jpg,"Black, Cyan, Magenta, Yellow",,INK_OR_TONER,,,,,
71po3Sfmt7L,b5/b5f4dafb.jpg,,,STORAGE_HOOK,,,,,
91xFrsXBZlL,e9/e9bfc1e2.jpg,White,,JANITORIAL_SUPPLY,,,,,
71I2HsgQaHL,20/20fb3208.jpg,灰色（Brushed Nickel）,,ELECTRIC_FAN,0,,,,
61mQmThutQL,ea/eac2daa1.jpg,,Siri,SANDAL,Siri Leather Sandal,Leather,100% Leather,,
61YUiuyryQL,be/be99cc6d.jpg,,,BAKING_PAN,,Carbon Steel,,,
91quCR9VyeL,e3/e370eabd.jpg,Ljus,,EXERCISE_MAT,,,,,
71-oujH0TNL,bc/bc3b85c6.jpg,White,Sterling Silver White Topaz Cross Lord's Prayer Pendant Necklace,NECKLACE,amzn-fine-jewelry-religious,Not applicableNot applicable,,,
71aCvewuBXL,ce/ce013242.jpg,Negro,,LIGHT_FIXTURE,现代款,Metal,,,Pendant
61crMOSyXZL,e4/e4f8d129.jpg,Rosa Rossa,,PORTABLE_ELECTRONIC_DEVICE_COVER,,,,,
61m+5dRPhxL,9d/9dec9fa4.jpg,,,BEAUTY,,,,,
81YwqhCcM7L,26/260d5f05.jpg,siyah,,FLAT_SCREEN_DISPLAY_MOUNT,,,,,
618xewtpKEL,b6/b660a07a.jpg,Dorado,,WIRELESS_ACCESSORY,,Alumínio,,,
71fiiX2IhUL,06/068b746b.jpg,,,BREAKFAST_CEREAL,,,,,
81zzA3RHqyL,7a/7a6f09b7.jpg,,,LEGUME,,,,,
514g8JNIg6L,4b/4b6e325c.jpg,,,NECKLACE,ペンダント,,,,
7199fmciMNL,f6/f6c419ce.jpg,,,BRACELET,手镯,,,,
91VnUS0L1-L,4c/4cf4bbdb.jpg,,,TOOTHBRUSH,,Bamboo,,,
71+EI2Xi6EL,6c/6c5b7807.jpg,,,VEGETABLE,,,,,
81Lo0DS2kpL,3f/3ff39b1f.jpg,,,WRENCH,,,,,
91sTyXY2XVL,ed/edcfc168.jpg,Gray and Cream,,OTTOMAN,,,Fabric,,Round
91bCVsXuJCL,a3/a35ce04d.jpg,,,LEGUME,,,,,
611z-3KmKNL,d0/d0b7719b.jpg,,,NECKLACE,,,,,
51qMric6w9L,54/545a0a85.jpg,Black,,BODY_POSITIONER,,,,,
81cnidWw0AL,83/832ea7d0.jpg,عاجي,,HEADBOARD,,灰石色,,,
71VRY+Wtg-L,07/0720658b.jpg,1v- Khaki,,HAT,,,,,
61NVQzPRNsL,b8/b8a192ae.jpg,Weiß,,CHARGING_ADAPTER,,Kunststoff,,,
51C1dix53SL,52/522b89b7.jpg,White,,FOOD_SERVICE_SUPPLY,,Others,,,
81VZLm4S07L,c3/c3ddd122.jpg,네이비,,STOOL_SEATING,酒吧凳,灰石色,,,Rectangle
81VbNGijLJL,12/12249b5c.jpg,Black,,RECREATION_BALL,Square Grip,,,,
51cL+BNrtML,e9/e9fc4926.jpg,Gold,"10K Gold September Birthstone Charm, Featuring Cubic Zirconia",FINEOTHER,September,metalgemstone,,,
71L3iNpsBeL,ce/ce3cd45b.jpg,ホワイト,,JEWELRY_SET,,,,,
61AIEAr-IJL,3e/3e0dfcec.jpg,meerkleurig,,PORTABLE_ELECTRONIC_DEVICE_COVER,,,,,
712tNveFyCL,7e/7e957f26.jpg,,,ENVELOPE,,,,,
71i4I0wwhpL,68/682cf11c.jpg,White Melamine,,BED_FRAME,Modern,MDF,,,
61WFLPdgFeL,c8/c87514e6.jpg,,,SKIN_CLEANING_AGENT,Body Wash + Cool Mist Body Wash,,,,
51KkqoDtm8L,ec/ec1d87fa.jpg,Grey4,,LAUNDRY_HAMPER,,,,,
61qL1E+pqwL,8d/8d0afdc0.jpg,blauw,,LUGGAGE,,,,,
61CRtk2Xk-L,94/949bbe4f.jpg,dark red,,ACCESSORY_OR_PART_OR_SUPPLY,,,,,
81GaY2v-orL,62/62fa9a36.jpg,Gold/White,,NECKLACE,,white-gold,,,Pendant
51SN7Wt+KgL,59/5907c2ff.jpg,,,CLEANING_AGENT,,,,,
81Q9AcnX2oL,a1/a1ce6267.jpg,Chroom,,FOOD_SERVICE_SUPPLY,5-Tier draadrek,,,,
41N6d7jfZQL,20/20be3843.jpg,,,NOODLE,,,,,
51eZ89fACDL,58/587ea899.jpg,Satin Nickel,,TOWEL_HOLDER,Klassisk,,,,
81hk9O1N--L,92/925745be.jpg,Blue,36942,BOOT,36942,,,,
7162DPWW0BL,71/71c34b41.jpg,Black,,CLOTHES_HANGER,,,,,
81MTB-3D0qL,5d/5d95e5b5.jpg,Black,,INFANT_TODDLER_CAR_SEAT,,,,,Rectangular
91bJ7zDM9ZL,b0/b05c4a5b.jpg,,,AUTO_ACCESSORY,,,75% Polyester/25% Polyvinyl Chloride,,
61uMrT6-vnL,c4/c46f4b7f.jpg,,,WATER,,,,,
71AIz1PXyCL,ad/ada53530.jpg,干邑色,,STOOL_SEATING,,,,,
71bezUegMkL,d0/d08838c3.jpg,黑色,,HEADPHONES,,,,,
71aTlxGzrGL,46/46e06d88.jpg,Verde,,STRING_LIGHT,Bombilla G40,,,,
61JiliSOIIL,0c/0cbfca58.jpg,bílá,,WINDOW_SHADE,,Stoff,,,
51UKqfKqdWL,1c/1cf71e6f.jpg,深古铜色,,LIGHT_FIXTURE,Semi-Flushmount,金属,,,
B1fPrvc-J-S,4e/4e194b3d.jpg,Juniper Navy,,SWATCH,,,,,
61lgvqAdI3L,4c/4c0e0ef5.jpg,,,SECURITY_ELECTRONICS,,,,,
61dc7UJeI2L,7b/7ba01d47.jpg,M+l (2 Piezas),,LUGGAGE,,,,,
716bFOF4PBL,d3/d3dc3ccc.jpg,,,SKIN_MOISTURIZER,,,,,
71wfQi-7SSL,b1/b10cbc46.jpg,薄荷,,SKIN_CLEANING_AGENT,,,,,
51tABbHeIYL,f5/f593f312.jpg,,,SPIRITS,,,,,
61WOrW93QwL,a0/a0edd2c8.jpg,,,CLEANING_AGENT,,,,,
51C8Ls1zaaL,0b/0b65976e.jpg,,,CLEANING_AGENT,,,,,
91hayjRY54L,96/96c89ee8.jpg,,,SNACK_CHIP_AND_CRISP,,,,,
618vgyr796L,68/68fb6097.jpg,White,,STORAGE_HOOK,5 Hook,Metal,,Modern,
51d692w0KbL,27/274e2694.jpg,,,PASTRY,,,,,
81xO92c6gtL,28/28ba18a1.jpg,,,HERBAL_SUPPLEMENT,,,,,
71YzppbfiKL,c0/c0397a5e.jpg,Naturel,,HOME_MIRROR,Miroir,Chêne sauvage,,,
410mVD0PCwL,c4/c467b53b.jpg,,,STORAGE_BOX,,Teak,,,
71FyvJK1lqL,d2/d2613ad5.jpg,Natural,,SHELF,,,,,
7182c5gAZHL,b6/b63b28b0.jpg,Black,,CLOCK,,MDF,,Wall Clock,
514K0jzwTjL,9b/9ba7191e.jpg,,,PLUMBING_FIXTURE,,,,,
3159dRtHWXL,26/26ca0d3d.jpg,,,DAIRY_BASED_CHEESE,,,,,
61CHMbdYRbL,ca/ca73ecf7.jpg,wit en oranje,,CHARGING_ADAPTER,,,,,
81izU8sWudL,8c/8c7d359a.jpg,,,SALAD_DRESSING,,,,,
71+ET8tdaYL,cd/cdd9691a.jpg,sin tapa - azul,,BABY_PRODUCT,,,,,
51HIWSLFwZL,a9/a9af8512.jpg,,,HONEY,,,,,
816mr80OvLL,f3/f33f195d.jpg,Fresh Dune,,BED,beds,灰石色,Fresh Weave Dune,,
71798gi4AiL,f0/f08d7a28.jpg,,,BEAUTY,,,,,
71oG0NzvbQL,d6/d620fe48.jpg,,Laundry Capsules Universal,LAUNDRY_DETERGENT,,,,,
41SyQcYZ-7L,a7/a76d81a3.jpg,Bronze,,LIGHT_FIXTURE,,,,,
814dDve5QYL,8b/8b5f7b3b.jpg,Espresso,,SHELF,,Wood,,,
51zg4zVOOlL,c0/c0cf8da0.jpg,Black,1101677,SCREEN_PROTECTOR,,Tempered_Glass,,,
71ZZ6I0OUXL,ec/ec4840c0.jpg,,,DAIRY_BASED_DRINK,,,,,
612FUHObzhL,6a/6afc043f.jpg,,,TOOLS,Lever,,,,
81sBrYdfX9L,f6/f6c7cac7.jpg,ピンク,4 Pack Cap and Mitten Set,HAT,,,コットン100%(オーガニック)。,,
71f-hmopL8L,51/513e9a34.jpg,zwart,,FOOD_BLENDER,"600 ml, 600 W",,,,
31kFLhMkaVL,5c/5c8ebef3.jpg,,,AUTO_CHEMICAL,,,,,
71qvH1CAd0L,f2/f2567206.jpg,bianca,,PHONE,senza segretaria,,,,
612mr2zUEPL,63/635b96d3.jpg,Black,,LEOTARD,,,,,
91JdWxju1uL,a1/a13068e4.jpg,Grey,,BACKPACK,,,,,
31+kLqwINXL,bb/bb2c3e13.jpg,weiß,,CHARGING_ADAPTER,Ladekabel Lightning Weiß Set,,,,
81HN8IBrP-L,cf/cf091d32.jpg,石板灰,Ravenna,HEADBOARD,经典,木头,,,
91E54c2PLPL,e4/e44954bf.jpg,gris,,LUGGAGE,,,,,
81sZZ2fJ1TL,5a/5a8a8c53.jpg,,,SKIN_CLEANING_AGENT,Neem & Aloe,,,,
71nKhSwGKOL,b7/b753fd3c.jpg,Yellow Gold,,NECKLACE,,Precious Metal,,,
81pOPer1eIL,7d/7df5df86.jpg,Negro,,PAPER_PRODUCT,,,,,
81gtvbZe2FL,b9/b9884181.jpg,浅棕色皮革,,STOOL_SEATING,,,,,
91FTglsLxxL,17/1769c7b6.jpg,Grey,,FURNITURE,Contemporary,Fabric,,,
71RNF21fe4L,a4/a40a0ced.jpg,blauw,,COSMETIC_CASE,,,,,
61j+0mCnGmL,63/63a179e5.jpg,,,BREAKFAST_CEREAL,,,,,
91fotZJBhJL,d6/d603567a.jpg,Black,,CAMERA_BAGS_AND_CASES,,nylon,nylon,,
81juAxge-uL,68/68378e5d.jpg,Raissa metallizzate,,MUSCLE_ROLLER,"91,4 cm (36 pollici)",,,,
9119rLf1DYL,26/26b1a6d3.jpg,Animal Print Beanie,Animal Print Fuzzy Knit Beanie,HAT,"Animal Print Fuzzy Knit Scarf, Beanie, and Mittens Set",,"59% Nylon, 41% Cotton",,
41nCLbNz8+L,3c/3c929c91.jpg,,Seagate Expansion,COMPUTER_DRIVE_OR_STORAGE,Set Portable (2017) und Zusatz-USB-Kabel,,,,
81qFhY5TrDL,d6/d663f739.jpg,Purple,,EXERCISE_MAT,,,,,
51ilGjCIr8L,6b/6bf6d17a.jpg,Verde agua,,SUNGLASSES,,,,,Redondo
81Lb504JMXL,48/48a2b323.jpg,Black,,KEYBOARDS,Keyboard,,,,
91kGGVFx2WL,f8/f8413ba4.jpg,Black,,SPEAKERS,AC,,,,
81G2RlSzLTS,69/69d36c24.jpg,Cardamom,,DISHWARE_PLATE,,,,,Round
71VjUUJZ8nL,da/da308820.jpg,Black and Red,,EARMUFF,,,,,
61HAKUdRfaL,cc/cc9eaa34.jpg,,,HERB,,,,,
71KYV2ZMQzL,91/9164cdce.jpg,,,BREAD,,,,,
51p6QCvuGxL,01/01b0fc0a.jpg,,,DAIRY_BASED_DRINK,,,,,
71DgCiwV-5L,76/76d34579.jpg,黑色,,LIGHT_FIXTURE,古董,黄铜,,,
81uQS4j8iJL,87/8768ff92.jpg,Spinsol Iron,,HEADBOARD,headboards,Iron,Spinsol Iron,,
71ik+UmTvBL,c9/c9371588.jpg,,,DAIRY_BASED_CHEESE,,,,,
81emW6kK9qL,fb/fb4021f2.jpg,,,SNACK_MIX,,,,,
713GZuV53qL,c0/c07596d2.jpg,Black Oak,,SHELF,,,,,
81YtSmkncPL,0e/0ec35fd4.jpg,Multicolor,,WALL_ART,Gold Metallic/Black Frame,,,,
81gxSVMfKML,e5/e5e42ceb.jpg,Olive,,SUITCASE,2-Piece Set,,,,
91xjOd-EDcL,10/1053a873.jpg,BLACK,,AUTO_ACCESSORY,,,,,
81sywArcBQL,8b/8bf047dd.jpg,beżowy,"Veranda Haltbare Möbelabdeckung für Gartencouchtisch, Loungegarnitur-Tisch",FURNITURE_COVER,,Textil,Polyester,Solid,Rectángulo
71y9LUpvpKL,5b/5becd0ce.jpg,Rijk Bruin,Marsh_syntetic,BOOT,Chelsealaarzen,,,,
8191fRNEvSL,64/64d25a62.jpg,,,PANTRY,,,,,
A1+sg41p8OL,a2/a22938b5.jpg,Gris (Grey Storm),,OTTOMAN,,,tela,,
A1iYB8Aav+L,ab/abda7c88.jpg,"12-Pound, Orange",MED12LB-SX,RECREATION_BALL,12 Pound,Safety Ball,,,
71UOaKvgbtL,b2/b2fa2f5f.jpg,毛毡灰色,,OTTOMAN,,涤纶,직물.,,Rectangular
81w9Zovc4uL,7d/7de1522c.jpg,,,SNACK_CHIP_AND_CRISP,,,,,
81swF0yO-hL,99/99965a21.jpg,Negro,,SUITCASE,,,,,
61bAA4q0SnL,06/0642df45.jpg,Pattern 4,,HAT,,,,,
61+VKskZq3L,42/424c28a0.jpg,,,RING,,,,,
61kof98VdoL,cc/cc6c8526.jpg,,,MEAL_HOLDER,,Plastik,,,
91cUgb3WhEL,06/06f53b57.jpg,Rojo,,STORAGE_BAG,,,,,
91CxuVY8PPL,ae/ae61f598.jpg,Natural Rattan,,LIGHT_FIXTURE,,,,,
81zy0s4AbNL,49/491ad589.jpg,블랙,,HEADBOARD,Sin clavos.,Fabric,,,
81c+7+2iE9L,02/028c7b60.jpg,white,,THERMOPLASTIC_FILAMENT,,Ácido poliláctico,,,
51LpcNdbqyL,02/0200e7d7.jpg,,,PASTRY,,,,,
814RH9YfhUL,f2/f2bf18f1.jpg,,,LEGUME,,,,,
81uWljiEanL,11/110caeb0.jpg,Roestvrij staal,,FOOD_SERVICE_SUPPLY,Roterende rasp,,,,
61VyPNiBwbL,8c/8c325463.jpg,Walnut & Black,,DRESSER,3 Drawer,Engineered Wood,,,Square
51CBzYcsjoL,09/099cc24b.jpg,,,SHAMPOO,Champú y acondicionador.,,,,
A1xWm7bN7UL,0f/0f09b7fd.jpg,Black,,PILLOW,,cotton_blend,,,Rectangular
51K7MVbDLML,30/3010973d.jpg,Gold,Mai,FINEOTHER,Mai,Metall-Edelstein,,,
71ACd+sgg7L,20/205a424c.jpg,,,AREA_DEODORIZER,,,,Ocean Breeze,
81Yf+I-oZhL,2a/2ae02ab9.jpg,Black,,SAUTE_FRY_PAN,Cookware set,,,,
31Ci7Pw9e2L,10/10011ec0.jpg,V51,,HAT,,,,,
81awnd17f4L,e2/e2dc709e.jpg,Negro,,OFFICE_ELECTRONICS,Triturador,,,,
91p+JNSDG2L,47/475a8422.jpg,,,HERB,,,,,
71AMo9TOKhL,33/331a29d3.jpg,,,NECKLACE,,,,,
51o4MTWEUEL,88/889ea1e9.jpg,,,COFFEE,,Silver,,,
61DvPkluAxL,fa/fa5b2cb8.jpg,,,CLEANING_AGENT,,,,,
81P7HUPyLRL,f9/f95942b3.jpg,,Hex Key Wrench Set,WRENCH,Long-Arm,,,,
41YuEOBGY0L,2a/2a3d493f.jpg,Blu marino,NC1303154F1,PORTABLE_ELECTRONIC_DEVICE_COVER,Confezione da 1,,,Single,
71WZeyxFPtL,ac/ac15bca4.jpg,,,JANITORIAL_SUPPLY,Dust Pan,,,,
71juvBXAuhL,66/660dfd3b.jpg,,,INSTRUMENT_PARTS_AND_ACCESSORIES,,,,,
91ngsRBbzpL,57/57afb5f3.jpg,Lagoon,,HEADBOARD,headboards,灰石色,Twill Performance Blue (Might Be Labeled Smoky Teal),,
71zxSZeSLRL,fe/fe3a444f.jpg,Rose Gold,,STORAGE_HOOK,,,,,
71zI+O0MPNL,cc/cc0b1d01.jpg,,,CLOTHES_HANGER,,Plástico,,,
8108iqrZ1DL,64/647e2d04.jpg,,,BREAD,,,,,
A1DGJeEG7IL,5c/5cb1ecb6.jpg,红色,,RECREATION_BALL,3.6kg,ゴム,,,
A19mZgtFyHL,3f/3f9cd0d2.jpg,Black and Gray,,LUGGAGE,"4-Piece Packing Cube Set - Small, Medium, Large, and Slim",,,,
913+xsJwrXL,2d/2d24e04e.jpg,Black,,STORAGE_BINDER,Heavy-Duty D-Ring Binder,,,,
81BHrzjPE9L,f8/f82a6ae8.jpg,Black,Women's Performance Visor,HAT,Women's Performance Visor,,100% Polyester,,
91H1Wu-qYwL,38/380f38ac.jpg,Brown,,SAFETY_SUPPLY,floor mat,Soft Foam,,,
713bdAKCB3L,6a/6a9c0e39.jpg,,,BEAUTY,,,,,
71Hl3KTEBmL,4e/4e390852.jpg,,,SKIN_CLEANING_AGENT,,,,,
81cES4PbQBL,20/2089e516.jpg,Blue,,JANITORIAL_SUPPLY,3/8 inches - Thick,Rubber,100% Molded Carpet,,
71HNy98eRJL,cc/cc158ecd.jpg,Noir,Linus,BOOT,Linus,,Polyuréthane,,
71usvV1loLL,02/024ec476.jpg,,Maud-3w4-26,BOOT,Botte chelsea,,,,
81lfavC4qCL,3e/3eee13ed.jpg,White,,LABEL,,,,,
71VEayET5TL,f9/f9d5d8a1.jpg,Marrón topo,,BABY_PRODUCT,,,,,
71PvCr5jbNL,ed/ede1300e.jpg,ホワイト,,NECKLACE,ネックレス,,,,
A1hGQ97nBYL,8d/8de474ed.jpg,Midnight Blue & Steel Grey,,BACKPACK,Travel Backpacks,Polyester,,,
81V9gVm07qL,d0/d05f9601.jpg,Negro Black,10202,SANDAL,Atado al Tobillo,,,,
A1BmAOrFIBL,db/dba3a686.jpg,Šedá,,BACKPACK,,,,,
71DaJNtKPRL,e6/e67508e8.jpg,,,CAMERA_TRIPOD,,,,,
61xFLdCg7qL,36/362fe767.jpg,,,BEAUTY,,,,,
5133O2F0HbL,c7/c7b0af08.jpg,,,CLEANING_AGENT,,,,,
51GL8gPoKLL,1d/1db1e469.jpg,Black,1101422,SCREEN_PROTECTOR,,Tempered_Glass,,,
81HFj5Du1cL,d4/d4545b17.jpg,,,JEWELRY_STORAGE,,,,,
71ofNU+K0iL,67/6749c247.jpg,Yellow & blue,,BATTERY,Alkaline battery,,,,
716jyE+AcgL,5a/5ade8fbf.jpg,Black,Game Set,RECREATION_BALL,,Metal,,,
81ihFcnPLFL,fa/fa42d76c.jpg,,,WRENCH,,,,,
61k4lqW2icL,18/18811718.jpg,,,WATER,,,,,
814nj+DWBxL,74/74bc467b.jpg,,ZS111,DUTCH_OVENS,,Cast Iron,,,
61KEYBgfCnL,11/1195ea59.jpg,,,NECKLACE,ペンダント,,,,
71a2nyljH+L,96/967d6603.jpg,Black,,CLOCK,,Plastic,,Wall Clock,
61n12FPll0L,ac/acbb5721.jpg,,,DAIRY_BASED_DRINK,,,,,
81SScV32N1L,59/59c6245e.jpg,Black,,WALL_ART,Contemporary,,,,
61IQbH-uXyL,73/739e917a.jpg,Crema,,BABY_PRODUCT,,,,,
41jc2Ry4GzL,01/0135a458.jpg,,,SKIN_MOISTURIZER,Moisturizer + Eye Cream,,,,
81-3KULsZaL,1b/1b6dbb80.jpg,,,JANITORIAL_SUPPLY,,,,,
61jWZsdKm6L,a7/a74bc533.jpg,Snow,,HAT,,,,,
91xWKulAWSL,6b/6bf5ee83.jpg,grijs (Soft Grey),,FLAT_SHEET,Bedlaken,Mikrofaser,,,
714lTzTZ2VL,b5/b542e027.jpg,White High Gloss and Mat With Elemnts of Oak Wotan and Timber,,CABINET,2 door,,,,
A1q32xFFWtL,6b/6ba04f7b.jpg,,,AUTO_ACCESSORY,,,,,
81wKejr-+0L,0e/0e3855ab.jpg,White,,ELECTRIC_FAN,,,,,
71aFOXHl6OL,6a/6a3bc3ba.jpg,red,,BUCKET,,,,,
81wzwR1FofL,b6/b6d02a42.jpg,,,LIP_COLOR,Glossy Charm,,,,
71qSi-UV0qL,cf/cf180779.jpg,Negro Black,37031,BOOT,Botinas,,,,
616ssE1+4iL,90/9060b039.jpg,Pewter,,HEADBOARD,Classic,Fabric,,,
91VYXfBLuLL,c1/c1045012.jpg,,,HERB,,,,,
61cQ+IlUhaL,69/69190dc1.jpg,Svart,,LUGGAGE,,,,,
81kXQU6jJuL,07/07c8887f.jpg,Multi,,WALL_ART,,wood,,,
91MUibxBP5L,d6/d66878ca.jpg,Chrome,,FOOD_SERVICE_SUPPLY,5-Tier Wire Shelving,,,,
614H6oGzuPL,63/63b34535.jpg,Black,,COMPUTER_ADD_ON,1 Pack,,,,
91rEkOZYfQL,86/86fcae84.jpg,Maroon,,FURNITURE,Contemporary,Leatherette,,,
81DVLeWyGsL,6e/6e9d1eac.jpg,深棕色,,SUGAR,,,,,
41PgMtau7xL,19/1926b3ed.jpg,Walnut & White,,DRESSER,2 Drawer,Engineered Wood,,,Square
71SxajSJIgL,17/177d95ae.jpg,Marron Brown,N-7592river,BOOT,Botte chelsea,,,,
71WvfrUiQVL,a2/a2f7d229.jpg,白色,,PLANTER,,陶器,,,Triangular
81xayAmqY4L,a4/a46d5cf8.jpg,बैंगनी,,INPUT_MOUSE,,,,,
81VLQdq03aL,32/32861cee.jpg,Deep Cranberry,Z4715MR,DUTCH_OVENS,,Iron,,,Oval
81l7aqzT9cL,35/35696175.jpg,लाल,,WALLET,Wallet,अन्य,,,
81M5p8HfOdL,5b/5b728999.jpg,Black,,WASTE_BAG,,,,,
91xxZG27NoL,d6/d6fa01da.jpg,svart,,PORTABLE_ELECTRONIC_DEVICE_COVER,"AmazonBasics – laptopfodral, 43,18 cm, svart",,,,
51atNzpJxAL,e5/e5ef5d97.jpg,,,DAIRY_BASED_ICE_CREAM,,,,,
810GJYaHZAL,fe/fef2cc8d.jpg,Beech,,DESK,Regular Depth (60 cm),Wood,,,Square
51kCLMbzjVL,ab/aba76a6e.jpg,Wit,,WRITING_INSTRUMENT,Wit gum,,100% TPR,,
81kTSSGnbNL,cf/cfbe5ded.jpg,,,BEAUTY,,,,,
817r7HySiuL,b5/b5503ae8.jpg,,,HERBAL_SUPPLEMENT,,,,,
71krD17FOSL,ec/ecc69dc1.jpg,,,SKIN_CLEANING_AGENT,Daily 3-In-1,Plata,,,
51nUqyZ2qDL,c4/c4715d05.jpg,,,FOOD_STORAGE_BAG,夸脱,,,Bags + Freezer Quart Bags,
81pcRNji8EL,dd/ddb5559a.jpg,Negro,,FLAT_SCREEN_DISPLAY_MOUNT,Movimiento completo,,,,
71Rv1z3nNeL,ab/ab2b4854.jpg,干邑色,,OTTOMAN,,皮革,가죽.,,Rectangular
71u2m8rX8KL,7f/7fddf77b.jpg,Bluetopaz,Platinum Plated Sterling Silver Swarovski Paraiba Blue And White Topaz Ring,RING,リング,Not applicable,,,
61+WzeM4yxL,7b/7bb2b639.jpg,schwarz,,CHARGING_ADAPTER,,,,,
71AHufjxIQL,2a/2aba5d1a.jpg,,,CLEANING_AGENT,,,,,
71CKsvkIuKL,64/64a7e180.jpg,Grey,,FASHIONRING,,,,,
81HW-P0H1YL,d6/d641bdef.jpg,,,TEA,,,,,
513MKICNaZL,14/1455f169.jpg,Polished Chrome,Standard Two-Handled,FAUCET,,Plastic,,,
61y1h7HsmCL,8a/8a56c174.jpg,,,BATTERY,Batteries and Battery Charger,,,,
91Hylu524nL,f8/f85f6aba.jpg,,,CAMERA_TRIPOD,,,,,
71ARzMKGYVL,50/50741396.jpg,White,,STOOL_SEATING,mid back,,,,
71uDqlRJK-L,79/79e550c0.jpg,青铜色,,LIGHT_FIXTURE,,,,,
81kPEZsKVIL,89/897263d9.jpg,ಬೂದು,,SHELF,,ಬಟ್ಟೆ,Non-woven,,
71EddwldMoL,f1/f187f0ca.jpg,,,VEGETABLE,,,,,
819cK2YOruL,b3/b3fda717.jpg,Carbón,,JANITORIAL_SUPPLY,,Goma,,,
61NuKOaFiEL,1d/1d7d3a69.jpg,,,BROOM,,,,,
81yixEvbDDL,4d/4d605a44.jpg,그레이,,STOOL_SEATING,酒吧凳,,,,Square
41gBGmJq6XL,c5/c5774ee5.jpg,Matte Black,Mid-Century Modern,LIGHT_FIXTURE,Sconce,Metal,,,
91M1Y2VAWRL,e4/e4cb338a.jpg,काला,,BACKPACK,,नायलॉन,,,
61c0UMl3MPL,70/70abcc85.jpg,White,,COMPUTER_ADD_ON,1-Pack,,,,
512C6TWcdDL,9b/9b07f7b9.jpg,,,PHONE_ACCESSORY,,,,,
71CXGo9gjRL,28/28f2af2e.jpg,,,LIGHT_FIXTURE,,,,,
41T5zTp0wxL,a4/a4f78e1e.jpg,Dark Bronze,Swag Portable Plug-In,LIGHT_FIXTURE,Plug In,Metal,,,
71yCZ5gMabL,a7/a7170a40.jpg,Gris,,AUTO_ACCESSORY,,,,,
910ibHY5mzL,ee/eeb30159.jpg,నీలం :: మెరూన్,,FURNITURE,సమకాలీన,లేథెరెడ్,,,
91NCbrw9yOL,4a/4afe2739.jpg,棕色,,INSTRUMENT_PARTS_AND_ACCESSORIES,"AmazonBasics Adjustable Guitar Strap For Electric/Acoustic Guitar/Bass - Includes 3 Pick Holders - Cotton Strap, Brown",,,,
616niJaGZ3L,28/28a3e23c.jpg,Svart,,AV_FURNITURE,,,,,
91F3mdJLNEL,9f/9ff6c161.jpg,,,SPEAKERS,,,,,
81ZHgWu1yzL,54/5447af78.jpg,Taupe,,FURNITURE_COVER,,,,,
81p-wd3Th0L,78/7856af77.jpg,Spinnsol Natural,,BED,beds,灰石色,Spinsol Natural,,
814bDupyc2L,52/527834fc.jpg,ಬೆಳ್ಳಿ,,KITCHEN_KNIFE,,ತುಕ್ಕಹಿಡಿಯದ ಉಕ್ಕು,,,
61INsX8d+UL,64/643fec71.jpg,,,TEA,,,,Iced Tea,
715LyRqTxiL,3d/3d6797cb.jpg,,,RING,,,,,
610KEfXRwtL,9d/9defed4d.jpg,Azul,,WASTE_BAG,Regular,,,Toallitas,
618tunO5lyL,8a/8af552e3.jpg,Noir,AmazonBasics Cable Raceway,HOME_LIGHTING_ACCESSORY,1 pièce,PVC,,,Rectangulaire
81JR0aglmrL,5a/5adef4a4.jpg,Cuero Marrón Vintage / Aspecto Usado,,LUGGAGE,,,,,
61Lse-v4nnL,dd/dd457cef.jpg,വെള്ളി,,JAR,,സ്റ്റെയിൻ‌ലെസ് സ്റ്റീൽ,,,Round
71F6La03DIL,60/60603b41.jpg,,,BEAUTY,,,,,
91aDcDvvH6L,45/45f5e85f.jpg,グレー,,STORAGE_BAG,,,,,
91146Ocy2hL,ff/ffb6e7c0.jpg,,,RECREATION_BALL,15LB,,,,
71GE5LW8AjL,0d/0d7cb811.jpg,Old Skool Pro,,LIGHT_FIXTURE,pendente,Metallo,,,
613KiM3xVVL,e4/e48f788f.jpg,,,CAMERA_OTHER_ACCESSORIES,,,,,
71N144kwPJL,90/90e29cd3.jpg,,,SUNSCREEN,SPF 30,,,,
81OSE2aAX0L,fa/faec8eff.jpg,Large,,LAUNDRY_HAMPER,,Tela,,,
81aUSf2b8iL,bb/bbae2e01.jpg,पीच,,WALLET,Wallet,अन्य,,,
71A639aBxGL,e5/e580f6f8.jpg,,,FOOD_SERVICE_SUPPLY,표준,,,,
61GUyBUw+HL,05/05934c59.jpg,,,TOOLS,,,,,
61UU6FqVUzL,27/27b4fafd.jpg,,,PERSONAL_COMPUTER,,,,,
71qj2ceAHWL,77/77523c26.jpg,,,STORAGE_BINDER,,,,,
81nMjaFpv3L,04/04e77ddb.jpg,灰色图案,2030grey,PLACEMAT,,泡沫,"11% Pvc, 86% Polyurethane, 3% Other Fibers",,Rectangular
81XU20HJhZL,f5/f5ac4fd5.jpg,,,SAFETY_SUPPLY,,,,,
31AFbZbs3LL,9e/9e877eef.jpg,Pink,,WIRELESS_ACCESSORY,Silikon-Unterseite,Silicona,,,
71vh5KgMAaL,33/330a23b8.jpg,Negro / rojo,,CHARGING_ADAPTER,Recto,,,,
513SFRg40SL,63/63630aef.jpg,black,,VEHICLE_INTERIOR_SHADE,Semi-Transparent and Transparent,,,,
71rq9--N2fL,28/28f35c31.jpg,블랙,,PLANTER,,,,,
81nBjjsaPFL,d5/d593a583.jpg,,,JANITORIAL_SUPPLY,,,,,
911axslpqcL,c3/c3f18658.jpg,Brown,,LAUNDRY_HAMPER,,Cotton,,,
61iGtYmVEGL,a5/a54436d3.jpg,Black,,COMPUTER_DRIVE_OR_STORAGE,External,,,,
61WWPyUYSuL,89/892f63cc.jpg,,,COFFEE,"Donut Cafe, Medium Roast + Just Bright",,,,
51jC13et+bL,ad/ad2d759c.jpg,,,DRINKING_CUP,,Verre,,,
61Bhtz9fu9L,4f/4ffafc76.jpg,Blanco,,COMPUTER_ADD_ON,Paquete de 5,,,,
71Peiha-WBL,ff/fff1e8ba.jpg,,,HERBAL_SUPPLEMENT,,,,,
61ug9rR6OEL,8f/8fc65df4.jpg,White,,CABINET,Shoe Cabinet,Wood,,Single,Rectangle
81Iu3lR2ojL,06/06a4e2f4.jpg,Green,,PRINT_COPY_PAPER,Letter,,,,
61+pbMjCqWL,c0/c00c065e.jpg,,,ACCESSORY_OR_PART_OR_SUPPLY,,,,,
81QvPpONiuL,56/56beefd3.jpg,,,FOOD_BLENDER,Pro Blend,,,,
71RE-L+x3iL,02/026dda08.jpg,gri,,ROWING_MACHINE,,,,,
61X-lC4cjeL,cd/cdf9e88a.jpg,,,PERSONAL_CARE_APPLIANCE,,,,,
518Y+2DJ76L,13/13e69640.jpg,Walnut,,FURNITURE,Contemporary,MDF,,,
61OvmaMo1rL,95/95df9c93.jpg,Negro,,CHARGING_ADAPTER,4 puertos,,,,
71C7tv8qWRL,af/afb57873.jpg,,,SCISSORS,Anvil Looper,,,,
71oXAt4hILL,30/3053d2c7.jpg,Light Brown,,FINEOTHER,,metal,,,
81-MeV5lS1L,88/88cd63a2.jpg,,,FASHIONRING,,,,,
413ChWvUSFL,8b/8b0cd3d8.jpg,,,CONSUMER_ELECTRONICS,,,,,
71XWrFXD74L,73/734a4adc.jpg,Blauw marine,120181,SANDAL,Enkelband,,,,
41f3zFO70yL,f5/f500d75b.jpg,Níquel cepillado,,SPEAKERS,,,,,
81qlfK82EmL,0b/0b2740c1.jpg,Blue Hydrangea Floral,,DISHWARE_PLACE_SETTING,Dinner ware,,,,
61vnZBC5hGL,8f/8f5a7da1.jpg,银色,,NECKLACE,项链,,,,
61NBWAdhjsL,f0/f0fb95df.jpg,Black,,COMPUTER_ADD_ON,1-Pack,,,Single,
71yKt2yRosL,c9/c9c38c9f.jpg,Wood,,HEADBOARD,Footboard and Siderails,,,,
61XGoWJotzL,4e/4ece3c07.jpg,,,TEA,,,,,
71X166lkr0L,d8/d8e6e6f7.jpg,0,,SKIN_CLEANING_AGENT,0,,,,
71mvlFAQnQL,7e/7e9fd08c.jpg,marrone,,ENVELOPE,Borsa B4,,,,
715WJ26bGtL,83/833e95dc.jpg,,,COMPUTER_DRIVE_OR_STORAGE,,,,,
61v+nOXs+HL,7b/7bad6c4a.jpg,Yellow,,JANITORIAL_SUPPLY,Professional Reusable Rubber Gloves,,,,
71wQamtHwwL,18/1832270b.jpg,Black,,SAUTE_FRY_PAN,,Aluminium,,,
81NlVs226OL,7f/7fac243f.jpg,Black,,FOOD_SERVICE_SUPPLY,2-Shelves + 1-Basket,,,,
61Gf26vZddL,9a/9a4bbb98.jpg,,,PANTRY,,,,,
91ao6HETaIL,21/21c6293b.jpg,브라운,,DRESSER,드레서,木头,,,
81ZLtVEyq3L,db/db689034.jpg,,,SNACK_CHIP_AND_CRISP,,,,,
71CFVduup3L,bd/bd224fe3.jpg,Negro,,HUMIDIFIER,Humidificación automática inteligente,,,,
71QchPSBYsL,30/30920e0a.jpg,Siyah,,BACKPACK,,,,,
61ObYpRvxcL,ad/add56b06.jpg,,,AMAZON_TABLET_ACCESSORY,,,,,
71F2TeaHwCL,45/4526d168.jpg,Nero,,PORTABLE_ELECTRONIC_DEVICE_STAND,Single,Alluminio,,,
71AtCmdqc1L,b3/b3ff9a45.jpg,Negro,ALLY,SANDAL,Aliado,,100% sintético,,
719xckzrI0L,93/932fe466.jpg,Blue/White Dot,,UMBRELLA,,,,,
71iIQk4y4wL,12/1210a270.jpg,Blue,Sterling Silver Iolite Cross Lord's Prayer Pendant Necklace,NECKLACE,amzn-fine-jewelry-religious,Not applicableNot applicable,,,
51wRPKlI-0L,e2/e29a39be.jpg,Bronzefarben mit Ölschliff,,TOWEL_HOLDER,Standart,,,,
61IxhujxkxL,69/69787ec4.jpg,White Cavas,Flora,TECHNICAL_SPORT_SHOE,Flora,,100% Canvas,,
71027s3tbGL,8d/8d52a0b0.jpg,,,WRENCH,Skivnyckelset,,,singel,
81Dn+DWHnWL,65/65afd97d.jpg,Black,,STORAGE_BINDER,Heavy-Duty D-Ring Binder,,,,
41WpnJe1KXL,7e/7eb47b13.jpg,Negro y verde,,LUGGAGE,Set de 8 piezas,,,,
81L64-jOecL,99/99f49260.jpg,,,LUGGAGE,,,,,
81DiuwSExSL,47/47012c29.jpg,,Peep,BOOT,Ankle Boots,,,,
A11XhA2VRjL,13/135cebe6.jpg,,,JANITORIAL_SUPPLY,,,,,
81m3GPTs9VL,17/17f45e4b.jpg,Black,,BASKET,,,,,
81Oi7FrDXWL,b5/b5b256c0.jpg,White,,WALL_ART,Contemporary,canvas,,,
71GP1oZnSeL,b1/b1e4ed55.jpg,,,AUTO_ACCESSORY,Jack Stands,,,,
91dq-Vs-IvL,c6/c63c4b5b.jpg,,,FACIAL_TISSUE,4-Ply Mild Balm,,,,
81z91Ave1RL,29/29389e8b.jpg,,Men's Fitted Flat Brim Cap,HAT,Men's Fitted Flat Brim Cap,,"Solid Colors: 100% Cotton; Vapor Grey Heather: 70% Polyester, 27% Rayon, 3% Spandex",,
81xpquDx9wL,9d/9dca54d6.jpg,,,STEERING_WHEEL_COVER,,,,,
51MUNKGJTAL,2b/2b0f87e0.jpg,,,ABIS_BEAUTY,Revitalizante,,,,
416LzmND4HL,42/42160767.jpg,Clear,,DRINKING_CUP,8.7 oz,,100% others,,
71omE2XwbSL,a5/a5cf4a5d.jpg,,,STORAGE_BAG,,,,,
71AtoF-xXdL,8d/8d7a6167.jpg,,,AUTO_ACCESSORY,无手柄,,,,
711WCpJ6oaL,b6/b676fd7c.jpg,Black,,FOOD_BLENDER,Without Attachments,,,,
713W07UaXuL,0d/0dea2846.jpg,,,DAIRY_BASED_DRINK,,,,,
81qSApW-gXL,1c/1ce208e1.jpg,Oak,,DESK,Desk,Wood,,,Rectangle
51dy5jTNKZL,d9/d96eef7e.jpg,Negro,,CONSUMER_ELECTRONICS,,,,,
81UKvg3gUsL,1b/1bf2b7f1.jpg,,,LIP_COLOR,Eclectic choice,,,,
71FQyzpZYsL,29/29f2315b.jpg,Black,,CLOCK,,,,,
716YH9gnA9L,c3/c36ee53a.jpg,Black,,LUGGAGE,,,,,
81cHa0nbSAL,ff/ff413589.jpg,Negro,,FLAT_SCREEN_DISPLAY_MOUNT,Soporte de pared basculante y giratorio,,,,
61EDRr78HlL,9c/9c2530ee.jpg,,,ABIS_KITCHEN,,silikon,,,
71-p+DipHHL,d6/d66940eb.jpg,,,NAIL_POLISH,,,,,
81VhWpl1OHL,89/89642543.jpg,Rouge,,FURNITURE_COVER,,,,,
81X99loQ13L,aa/aaa5c31f.jpg,Striscia,Set Cappello E Guanti,HAT,Set cappello e guanti,,,,
81c9HuAwxqL,73/7320d8ba.jpg,,,HERBAL_SUPPLEMENT,,,,,
81IwrpGcOZL,48/48bc1695.jpg,Clear,,SAFETY_SUPPLY,,,,,
91tg6zrcKyL,9f/9f60fcee.jpg,Carbón,,HAT,,,100% cachemira,,
61TvQFyvsuL,e2/e2e78759.jpg,Grey/Copper,,PLANTER,,,,,
81jTdgQCVrL,a0/a04d3b13.jpg,Blanco,Elite Group International NY Inc.- ACC,FASHIONRING,"Longitud 43,18 cm (17 pulgadas)",metal,,,tira
71IRnreO9QL,3e/3e3a30f8.jpg,,,SALAD_DRESSING,,,,,
71SFQSLDGBL,2a/2a47700e.jpg,,,FOOD_SERVICE_SUPPLY,,,,,
71n83Gqlp6L,61/61019b6d.jpg,Black,,HEADPHONES,closed-back,,,,
81httH0NcJL,b1/b1f63d78.jpg,Anthrazit/Schwarz,,DRYING_RACK,1 Matte,Stoff,,,
719HpKssxML,c7/c7fed79e.jpg,,,EYELID_COLOR,Midnight Queen,,,,
61zXBBfpBVL,7a/7ac2a052.jpg,Blush Suede,Hannah,TECHNICAL_SPORT_SHOE,Hannah,,,,
81A-GmAIVXL,55/550abe0e.jpg,Grey,,CABINET,Wardrobe,Wood,,,Rectangle
81la6WCuMAL,37/375d3a46.jpg,White,soego_p8,HOME_LIGHTING_AND_LAMPS,,Acrylic,,,
515lqU1xSaL,63/63a73801.jpg,Chrome Poli,,SHELF,,,,,
7107fTBDF+L,83/83644cf6.jpg,Assorted,,STORAGE_BINDER,,,,,
71-Ng6ne28L,c6/c6ee9765.jpg,,,DAIRY_BASED_CHEESE,,,,,
71R94TKF3FL,fe/fe30b669.jpg,Röd,,SAUTE_FRY_PAN,,,,,
81r16N-PjAL,0a/0a43b170.jpg,Silver,,WALL_ART,Abstract,canvas,,,
71Gz+hCYKIL,f3/f3849d80.jpg,black leather,Eve Stiletto Heel Dress Sandal - Low,SANDAL,Eve Stiletto Heel Dress Sandal - Low,,100% Leather Upper,,
91Zh2zdsM-L,28/28215d4c.jpg,Multicolor,,WALL_ART,Contemporary,Paper,,,
81iNFiyh3RL,01/019b6a78.jpg,Antracite/Nero,,DRYING_RACK,Un tappeto,Plastica,,,
91fCtVsP7iL,9a/9a418192.jpg,,,SPORT_RACKET,,,,,
81mmL9wMeYL,fc/fc3aadb4.jpg,,,FURNITURE_COVER,,,,,
51zcUr7-W2L,a1/a10313a9.jpg,"Rosa, Salmón",DPWR347012,DISHWARE_PLACE_SETTING,,Stoneware,,Rosa liso,
A1r70L9C1NL,b8/b86fdc79.jpg,,,BABY_PRODUCT,,,,,
813Yc-ayEkL,9e/9ed97e57.jpg,Roségold,,LUGGAGE,,,,,
81H9iSkdu0L,6e/6e1f1662.jpg,Black,,LUGGAGE,,,,,
71BnlQ02esL,03/03e83b26.jpg,"Tan, Navy Blue",,WALLET,Wallet,अन्य,,,
71UewahIUIL,c9/c93e0db2.jpg,,Evelyn,SANDAL,Evelyn,,,,
81PHvFh5rJL,c5/c5069095.jpg,Gray,,THERMOPLASTIC_FILAMENT,,Tereftalato de polietileno glicol,,,
81S0+I5qn-L,86/8627903c.jpg,,,TOOLS,,,,,
514Zm-V4maL,b1/b1f995f9.jpg,Blanc,M3027-PVE,SURVEILANCE_SYSTEMS,,,,,
71YFpBU5J0L,3a/3a7db46b.jpg,Negro,,SUITCASE,,,,,
61+DAWl-KrL,42/42ebbf1a.jpg,,,FLAT_SCREEN_DISPLAY_MOUNT,,,,,
61d8OACwJUL,02/0269280a.jpg,wit,,HUMIDIFIER,Basismodel,,,,
91+oMPpH4qL,f6/f65b2ca9.jpg,ಹಸಿರು,,BEAN_BAG_CHAIR,ಕಂಟೆಂಪೋರರಿ,ಲೆದರೆಟ್ಟ್,,,Teardrop
71oFPABQ8ML,e8/e8beaa76.jpg,Pumpkin,,FRUIT_SNACK,,,,,
71Fw1plrrtL,e3/e3d6a7ac.jpg,,,FACE_SHAPING_MAKEUP,Sunkissed radiance duo licht,,,,
710kL+M5k6L,53/535d7513.jpg,,,FAUCET,,Brass,,,
416CFhHPU6L,8b/8b497642.jpg,,,DRINKING_CUP,,,,,
71egrS06RQL,b4/b4ba67ea.jpg,Fleur de Pêche,,PORTABLE_ELECTRONIC_DEVICE_COVER,,,,,
718mroS558L,34/345dfa27.jpg,,,INSTRUMENT_PARTS_AND_ACCESSORIES,,,,,
718YTXcMsKL,ec/ec75a1ad.jpg,金色,,LIGHT_FIXTURE,candelabro de 6 luces,玻璃,,,
71e6LS+qBkL,d8/d8bd8b88.jpg,Matte Black,,LOCK,Contemporary Electronic Keypad Deadbolt,,,,
71t1BI+bDsL,73/7364b65d.jpg,Walnut,,FURNITURE,Contemporary,MDF,,,
7148pib2SuL,4e/4ed7f56c.jpg,,,SKIN_MOISTURIZER,,,,,
71I0UEI+H-L,b6/b6198a98.jpg,White,5-pack Short Sleeve Side Snap Bodysuit,LEOTARD,5-pack Short Sleeve Side Snap Bodysuit,,100% Cotton,,
61i0L5K2K1L,0d/0d7b3fd4.jpg,,Block Heel Mule,SANDAL,Block Heel Mule Open-toe Sandals,,,,
81BJ8ehufVL,15/15663210.jpg,透明,,DESK,透明,玻璃,,,L-Shape
71vF0uuJszL,94/94ce4b0b.jpg,ಬೆಳ್ಳಿ,,KITCHEN_KNIFE,,ಪ್ಲಾಸ್ಟಿಕ್,,,
61XVSLLHq9L,28/28ea915d.jpg,काला,,CE_CARRYING_CASE_OR_BAG,,,,,
61Orq8va0ZL,fc/fcdc6d29.jpg,White,U3-7HUB,PERSONAL_COMPUTER,,,,,
71rU0FzCsdL,3c/3c0b52f4.jpg,,,STORAGE_BAG,,,,,
81lEdjlCxfL,2c/2cbc4b6d.jpg,Natural,,TEACHING_EQUIPMENT,,,,,
81LoN2RmgML,aa/aa8acf82.jpg,,,BEAUTY,,,,,
81Pu+BiR+ML,79/797c0956.jpg,,,SAFETY_SUPPLY,,,,,
51+R9EryrnL,83/8379d776.jpg,Gris oscuro,,COMPUTER_ADD_ON,,,,,
71Pch+0-wNL,bd/bd9b3844.jpg,ಬಹುವರ್ಣ,,SAUTE_FRY_PAN,,Cast Iron,,Pan,
71tiMZFqsPL,6e/6e106d26.jpg,,,AREA_DEODORIZER,Rose Petal,,,Air Freshener,
71lkvUlhr6L,bf/bf1146c1.jpg,,,SAUCE,,,,,
61-6cngVJDL,50/50182067.jpg,लाल,,THERMOS,,स्टेनलेस स्टील,,,
91FtHnovFUL,47/4753e749.jpg,Lila,"Laptop Sleeve 15-15,6"" NC1303154G",PORTABLE_ELECTRONIC_DEVICE_COVER,1-Pack,,,singel,
51a5BnkTB1L,b4/b409c577.jpg,Dark Grey,,LAUNDRY_APPLIANCE,,,,,
61vqPVACZwL,0a/0a7856db.jpg,बहुरंग,,JAR,,प्लास्टिक,,,Round
61kBV8gsaUL,80/80d4e139.jpg,Black,Siri,SANDAL,Siri,,100% Leather,,
41EPWGV+z8L,b6/b6061459.jpg,,,OFFICE_ELECTRONICS,Shredder with Lubricant Sheets (Pack of 24),,,,
41GNHc+RnFL,f9/f90e6e54.jpg,,,SECURITY_ELECTRONICS,,,,,
61JnglQAYRL,f6/f605bae0.jpg,Black,,COMPUTER_ADD_ON,Transfer Speed,,,,
71v2UtYC4oL,2e/2e6bfa18.jpg,,,VEGETABLE,,,,,
61qbA8HMKHL,ac/ac6f9e22.jpg,,,SKIN_CLEANING_AGENT,Caja mixta,,,,
81w9i+YK6CL,06/06d2b2ef.jpg,,,NUTRITIONAL_SUPPLEMENT,,,,,
71MLgvX-TPL,cc/cc068b5c.jpg,Chrome,,CLOTHES_RACK,,,,,
71+sk9PWUEL,1d/1d27ca9b.jpg,,,EDIBLE_OIL_VEGETABLE,,,,,
71m1+4stkrL,44/44fdb9dd.jpg,イエローゴールド,,NECKLACE,,,,,
61LZWwXxS2L,f5/f5c74a4a.jpg,काला,,CAMERA_TRIPOD,,,,,
71uU9AgHejL,80/80149234.jpg,Whtie,,FOOD_SERVICE_SUPPLY,20 Qt.,,,,
91MeNLioaTL,a7/a74e40e6.jpg,,,LAUNDRY_HAMPER,,Cromado,,,
51zlD9Pv48L,c1/c12069b8.jpg,Negro con líneas grises,,VEHICLE_SEAT_COVER,,,,,
81fa7hiNwBL,f0/f0073ce0.jpg,,,LEGUME,,,,,
71l+rJvGKUL,9f/9f357b46.jpg,,,FOOD_SERVICE_SUPPLY,,,,,
51ZY9+wakLL,2a/2a4ef32c.jpg,,,AUTO_ACCESSORY,,,,,
71XXT8+ln9L,a1/a112fe14.jpg,,,FLASH_MEMORY,,,,,
A1P+jyV3QFL,9e/9e8d9d42.jpg,వెండి,,WALLET,Wallet,కృత్రిమ,,,
61-SFNlnxwL,c5/c51dc98f.jpg,Black,,CARGO_STRAP,,,,,
61iRQd41Q9L,b6/b6beeeeb.jpg,Negro,,CHARGING_ADAPTER,4 Ports,,,,
81mddF8z+LL,62/62039e71.jpg,Black/Red,AE/1003BKR,WATCH,,,,,Round
91kmJOGlzoL,a0/a0b90c75.jpg,,,HERB,,,,,
91oA+YZ4oQL,2b/2b3bf68d.jpg,Transparente,,SAFETY_SUPPLY,,,,,
91ZUjF-JHFL,03/0319a96b.jpg,,,LEGUME,,,,,
712cAJ8mNnL,67/6765ef81.jpg,그레이,,PLANTER,Wide Grey/Gold,Gold,,,
71IB2WLFXaL,38/38d26d89.jpg,透明,,DRINKING_STRAW,,,,,
61WEMYhtX2L,f3/f33c8645.jpg,black,,COMPUTER_ADD_ON,,,,,
71rxhQd+MtL,bb/bbd26ad3.jpg,White,,SECURITY_ELECTRONICS,3 m,,,,
61v+ZEx3K+L,50/5074399c.jpg,Silver and Orange color accent ornament,,WRITING_INSTRUMENT,Precision drafting mechanical pencil,,,,
81CAfHpcXcL,3c/3c2b7100.jpg,,,RING,,,,,
716Qhyr8dVL,23/23eab9c9.jpg,,,TEA,,,,,
71Ptpn36yqL,df/dfa2e72e.jpg,白色,,PLANTER,,陶瓷,,,Conical
51k4Nq-iPuL,be/bea3d71b.jpg,,,MEDICATION,500 Count,,,,
71+2eXpj14L,17/171a6d44.jpg,,,TEACHING_EQUIPMENT,,,,,
81LFjs1y0zL,d5/d5262cdf.jpg,Azul,,SUITCASE,"Juego de 2 piezas (22""/26"")",,Polyester,,
61XlNcbShZL,ac/ac98860d.jpg,Espresso,,STORAGE_HOOK,Individuel,,,,
61OnwtzthVL,ac/ac8a592a.jpg,,,NUTRITIONAL_SUPPLEMENT,,,,,
51NSs9DPazL,d4/d46c0923.jpg,,,FOOD_STORAGE_BAG,Single,,,,
812+5opX8sL,05/05cad3aa.jpg,Sunburst,,DISHWARE_PLACE_SETTING,Sunburst,Porcelain,,,
61ieamR1m7L,dd/dd02d20c.jpg,"pending, Ray comment",,WRITING_INSTRUMENT,Pencil Tin,Polypropylen,,,
51m0d1tW27L,1f/1f8e2270.jpg,Gris rústico.,,BENCH,,,,,
91MWIsO129L,da/da036b39.jpg,,,RECREATION_BALL,,,,,
71Db+yuuIrL,f9/f9612f15.jpg,,,AUTO_ACCESSORY,Orange Zest,,,,
71PhIDN+tpL,fe/fe3ce325.jpg,Yellow Gold,14k Gold Over Sterling Silver Open Circle Cubic Zirconia Drop Earrings,FASHIONEARRING,,,,,
71vQH4hj4cL,6e/6e5a84a3.jpg,,,BREAD,,,,,
71ode2PNHvL,13/1323994e.jpg,blauw,,FLAT_SHEET,Flat Sheet,Baumwolle,,,
613pD6RNhmL,79/792aa503.jpg,Stainless Steel,,FOOD_SERVICE_SUPPLY,Ice Cream Scoop,,,,
71Ufl5xdxsL,b7/b7a05d32.jpg,Grey,,DRESSER,Chest of Drawers,Wood,,,Rectangular
71Zp6VEsJ6L,23/23ee6609.jpg,,,PORTABLE_ELECTRONIC_DEVICE_STAND,,,,,
61kNemFmICL,fd/fd40e01a.jpg,黄色,AmazonBasics Pivoting 3-Tiered Tray Jewelry Storage Organizer - White,JEWELRY_STORAGE,,塑料,,,
713vPh3LC8L,d3/d3d71855.jpg,,,DRINKING_CUP,,纸,,,
71omvyy0SGL,44/441c3899.jpg,,,SAUCE,,,,,
717c6L3ZahL,4b/4baae550.jpg,,Marsh,BOOT,Chelsea Stiefel,,,,
71hDtM2B4gL,04/04d4b01e.jpg,,,AREA_DEODORIZER,,,,,
813Svcg30lL,ae/ae4ad655.jpg,,,STORAGE_BOX,,,,,
61qQhP3x5QL,8c/8c97339d.jpg,,,BEAUTY,Refills + 3-Blade MotionSphere Razor,,,,
711nLdpGYqL,88/88a36200.jpg,Šedá,,DUTCH_OVENS,,,,,
51WhbmbtAUL,81/81e7d07d.jpg,Grey,"Roundhill Furniture Lotusville Vintage PU Leather Counter Height Stools, Set of 2",STOOL_SEATING,Counter Height,Metal,Pu,,L-Shape
71VlXnSJDTL,65/65e7af57.jpg,Silver,,HARDWARE,,,,,
51OMwRT1NZL,36/36cee846.jpg,,,LIGHT_FIXTURE,,,,,
81Kuuv2hQKL,20/2070c62f.jpg,,Aw2_wallet,WALLET,,,,,
81joH0AYPQL,64/649fe05d.jpg,,,WRENCH,,,,,
91ThgJlVM0L,aa/aae16ac3.jpg,,,THERMOPLASTIC_FILAMENT,,,,,
81R2zWsx5XL,43/437f7080.jpg,Bronce oscuro,,LIGHT_FIXTURE,Mid-Century Modern,,,,
71PrzstGUCL,9d/9d0b4fbf.jpg,Ivoire,,FLAT_SHEET,Flat Sheet,Coton,,,
81sco4J3GEL,04/04817675.jpg,Cavallo Pazzo Marrone,,LUGGAGE,,,,,
816F-gaiZ9L,3e/3ed58482.jpg,Foglia Di Tè,,DUTCH_OVENS,,,,,
61mWe0Dv78L,dd/ddc5f48c.jpg,Taupe,,BABY_PRODUCT,,,,,
91-s3j3d-4L,aa/aa7f3c1a.jpg,,,WALL_ART,Pattern I,Acrylic,,,
710QdSy7ZqL,17/17d84f38.jpg,グレー,Emily,SANDAL,エミリー(Emily),,合成100%。,,
61HO6hK+4UL,5f/5f92fa9d.jpg,മൾട്ടി (ബഹു),SOL-HD-52,STICKER_DECAL,,PVC Vinyl,,,
61fxZEIVfjL,07/0738942b.jpg,zwart,,ELECTRONIC_ADAPTER,,,,,
819UC6fEP4L,13/13265985.jpg,Black,,WALLET,,Pelle,,,
71iOoegKTVL,df/df484572.jpg,നീല,,MEAL_HOLDER,,പ്ലാസ്റ്റിക്,,,
71xMmV5WMAL,49/4957f9f0.jpg,,,BEAUTY,,,,,
6109ByjqoyL,a8/a81a774b.jpg,,,ABIS_DRUGSTORE,Motivo simmetrico,,,,
81fUHcXZ67L,b8/b81c39c3.jpg,,37035,BOOT,Chelsea Boots,,,,
71TVyvpWnbL,92/92d3edc7.jpg,,,FLATWARE,Bistro,,,,
71SCsx2AtSL,58/5803bea0.jpg,,,CONDITIONER,,,,,
71VxEy1bl1L,88/883f496e.jpg,Red,,STORAGE_BINDER,,Polypropylene,,,
81DMcP0zZwL,49/49dc91ee.jpg,Ivory,,OTTOMAN,,,,,
71SxeGGaEbL,79/797f1e84.jpg,فضي,,WALL_ART,مستخلص,قماش,,,
91VTs4E0hML,3c/3cef1c6e.jpg,Multi,,WALL_ART,Gold,wood,,,
616GFMxbDmL,cb/cb6fabf1.jpg,,,HARDWARE,,,,,
51WRpEy6zAL,bd/bd134c3e.jpg,,,MOUTHWASH,Mouthwash + Trash Bags,,,,
71pG7IIOlHL,34/34d6fb5c.jpg,Acero Cepillado,,TOOLS,,,,,
71yE3EuBYoL,c3/c3431613.jpg,,,TEA,,,,,
61XrIhKjf2L,29/2968ff9b.jpg,Flat Black,,PLUMBING_FIXTURE,Modern,,,,
61+0U2HMg2L,ff/ff93a5b5.jpg,,,LAUNDRY_DETERGENT,Free Clear,,,,
81WqaJIF4XL,4e/4e4b9fbc.jpg,Mulberry Nappa,,WALLET,,,,,
81sVEzJqqsL,16/162b22bc.jpg,Cuero Napa Vacuno Negro,,WALLET,,,,,
61k2+9sWgTL,f7/f75130d6.jpg,,,VINEGAR,,,,,
61VvI0bXkQL,ea/ea577009.jpg,Mehrfarbig (Girl Fruit),6-Pack Burp Cloth,BABY_PRODUCT,6-pack Burp Cloth,,100% katoen,,
815BloQ0k4L,31/314fbf39.jpg,石墨色,,STOOL_SEATING,,,,,
61Pp-yuJ+CL,68/68c3f0a2.jpg,,,JANITORIAL_SUPPLY,,,,,
71M3Cm1MH5L,52/52758f05.jpg,,,SKIN_MOISTURIZER,,,,,
61ZrA4JrIaL,3b/3b4bb555.jpg,Black,,ACCESSORY_OR_PART_OR_SUPPLY,,,,,
51W5S8prarL,f0/f0f5cc11.jpg,,,MOUSE_PAD,Keyboard + Mouse Pad Bundle,,,,Square
81k14kn2ljL,7b/7badf7e7.jpg,,,SUITCASE,,,,,
91DHdrEeCsL,b5/b5121803.jpg,,,PORTABLE_ELECTRONIC_DEVICE_COVER,,,,,
61zevuz73BL,d0/d025d081.jpg,Satin Nickel,,HARDWARE,,,,,
91VW7xrraLL,36/36841c79.jpg,Midnight,,PILLOW,,Polyester,100% Polyester ,striped,Rectangular
81fUUbRBysL,54/5494a101.jpg,,,NUTS,,,,,
41R-TZrZ9QL,bd/bdf35c46.jpg,,,NECKLACE,ネックレス,,,,
71KQMRwdOgL,6e/6e66d831.jpg,Blanco,,BABY_PRODUCT,,,,,
41SCYYAEQHL,d6/d6422838.jpg,,,BENCH,,Teak,,,
81zwX8-IBnL,45/45e9f5dc.jpg,Khaki/Brown,,FURNITURE_COVER,,涤纶,poliéster,,
41iCKFXXB2L,b8/b8058a89.jpg,,,RING,リング,,,,
71ySnY1yNzL,0c/0cfdcf0a.jpg,Yellow,,STOOL_SEATING,,,,,
B12FrNvue+S,d9/d989ab0f.jpg,Charcoal,,SWATCH,,,,,
91P51ebyR9L,5a/5ab56c5d.jpg,,,CAMERA_BAGS_AND_CASES,,,,,
41w1bl8QKzL,85/856b9f9b.jpg,Kona,,DESK,Contemporáneo,,,,
61MriwQ2DKL,47/479629ae.jpg,बहुरंग,,BABY_PRODUCT,,,,,
61GtLgfBU6L,98/98f146e1.jpg,ブラック,,BACKPACK,,,,,
71RY5OyOzzL,e3/e36ca794.jpg,,,FOOD_SERVICE_SUPPLY,,,,,
91wfLQjHtGL,ee/ee6909c8.jpg,Green,,SUITCASE,28-Inch,ABS,,,
71wySfBNMqL,6c/6cae3435.jpg,Noir,,CHARGING_ADAPTER,Surface,,,,
71vgRg8QDpL,08/08d203bb.jpg,Blue,,PORTABLE_ELECTRONIC_DEVICE_COVER,,,,,
71o+PZyMakL,20/2015c2bc.jpg,ホワイト,,NECKLACE,,,,,
51BmCxsXSGL,7b/7b13d96d.jpg,,,OFFICE_ELECTRONICS,Single,,,,
81Hka018AvL,c4/c4acf5bd.jpg,Black,,OFFICE_ELECTRONICS,Shredder,,,,
91Kwy0QFkRL,69/6908aa75.jpg,,,CRACKER,,,,,
71ulav3JhoL,27/27b41b0e.jpg,Sanremo Oak,,BED_FRAME,Bed,hardwood,,Single,
81p+d4R+M5L,8b/8b88dcee.jpg,,,POWER_SUPPLIES_OR_PROTECTION,,,,,
71biokERtlL,5b/5be428f7.jpg,Vitt,,FLAT_SHEET,Lakan,bomull,,Fast,
51nixfdkf4L,83/83325822.jpg,,,SUNSCREEN,,,,,
81ylPEJ47GL,f4/f41e2860.jpg,,,SAUTE_FRY_PAN,Grillpan.,,,,
61gCIFTYumL,62/62cedf92.jpg,,,SECURITY_ELECTRONICS,,,,,
91bcSmxL8nL,5e/5e54778d.jpg,Multicolor,,WALL_ART,Rooster II,Paper,,,
61j17FjPhtL,64/64d1a97a.jpg,,,CLOCK,with Nightlight,,,,
717Kt8j6IxL,7f/7ff139a0.jpg,Rose Gold,,FASHIONEARRING,,,,,
71oUuSiPpbL,8d/8d5463ee.jpg,,,TOOLS,,,,,
71NQh+rsVGL,2d/2d1caff4.jpg,,,COMPUTER_ADD_ON,,,,,
51Mv5t8y3dL,0f/0f55157e.jpg,Canary,,PAPER_PRODUCT,Writing Pad + Writing Pad,,,,
61HO4QZsrnL,17/17bbd85e.jpg,,Luby Air Fryer,DEEP_FRYER,,,,,
310NxjbgeqL,b6/b633c0a4.jpg,2black,,HAT,,,,,
71Uy3YyVgBL,51/51d0f2b5.jpg,,,STOOL_SEATING,酒吧凳,,,,
71QgpEaqT4L,db/db8b0dae.jpg,,,NUTRITIONAL_SUPPLEMENT,,,,,
618zZbr+9fL,77/77a27ea1.jpg,레드,,FREESTANDING_SHELTER,Desplegable con un solo empuje.,布料,,,Square
61P2esAs5aL,c4/c43ef3cb.jpg,,,LIGHT_SOURCE,,,,,
71gNwAn2zHL,3a/3aa02019.jpg,,,LABEL,800,,,,
81ae1vx1e7L,4c/4c77739c.jpg,Black/Grey,,PORTABLE_ELECTRONIC_DEVICE_COVER,Single,,,,
61TePmxQ1wL,04/04054f82.jpg,donkerblauw,,BASKET,,Stoff,,,
71XNloyuzCL,1e/1e87a646.jpg,बैंगनी,,PERSONAL_CARE_APPLIANCE,,,,,
51h9Le6PKrL,57/57e60b8a.jpg,Yellow Gold,,RING,,Precious Metal,,,
71wwbvOnfeL,e4/e49a7a1a.jpg,,,ORTHOPEDIC_BRACE,,,,,
51ZBBjb6iAL,8e/8ed5b1c9.jpg,,,SKIN_CLEANING_WIPE,,,,,
519F5AKkHaL,fa/fa8f03e1.jpg,,,FURNITURE_COVER,,,,,
81pf6NDSyHL,94/94d4044c.jpg,,,BEAUTY,,,,,
71FSPwZWjlL,de/de92f098.jpg,,,FIRST_AID_KIT,,,,,
71+9YpwlorL,64/64145eff.jpg,Black,,SUITCASE,,ABS,,,
81SdXhG64+L,2a/2a891a52.jpg,Multicolor,,WOUND_DRESSING,,,,,
71tQaeo2poL,22/220da712.jpg,bianca,,PHONE,senza segretaria,,,,
81Z36I0i-UL,83/8384a378.jpg,,,BREAKFAST_CEREAL,,,,,
811EuSvgBhL,eb/eb103102.jpg,Assorted,,SELF_STICK_NOTE,4 Pads,,,Single,
91SgwDHxr-L,3e/3e1921eb.jpg,,,COFFEE,,,,,
71eyTor27RL,2d/2d34e93d.jpg,Argenté,,FLATWARE,Bord arrondi,Acier inoxydable,,,
71jvAHcRM9L,45/451baa70.jpg,,,TOWEL_HOLDER,Porta asciugamano,Metallo,,,
71rw2XIa0DL,07/07d40345.jpg,,,LAUNDRY_DETERGENT,Color,,,,
91De1h0dfQL,06/06c12491.jpg,Dune,,OTTOMAN,,Piedra,tela,,Round
611H8gbmN-L,6a/6a48e01b.jpg,,,HERBAL_SUPPLEMENT,,,,,
71HJ3NJuumL,f0/f04f9e7e.jpg,White6,,LAUNDRY_HAMPER,,,,,
81MP6Osl9RL,f2/f2308b37.jpg,,,FILE_FOLDER,pack of 5,Cartón,,,
918rBd+gEHL,d1/d17e0346.jpg,,,LAB_SUPPLY,,,,,
71sQnkVCqUL,10/108ba9fc.jpg,,,HONEY,,,,,
91mFOKbx7pL,27/278bdee1.jpg,marineblauw,,SUITCASE,78 cm.,,,,
81Sx2aL051L,0a/0ad9219d.jpg,,,WALL_ART,Life is Great,,,,
91W3meJ95qL,69/69127608.jpg,,,CE_ACCESSORY,,,,,
81CyWO1wPyL,86/863b1996.jpg,Gris,,HEADBOARD,Rustic,Solid hardwood,,,
710L26AMVyL,fd/fd59dc5f.jpg,Blue,,EXERCISE_MAT,,,,,
61EC1lxs26L,bd/bdcc73aa.jpg,,,WINE,,,,,
71HqxF2z9UL,31/3157dbe4.jpg,,,TEA,,,,,
71sWKdJ--vL,44/4450424a.jpg,Beige,,BASKET,,Non Woven,,,
819irmR8WHL,6d/6d09c1a3.jpg,Purple Speckled,,MUSCLE_ROLLER,"91,4 cm (36 pollici)",,,,
71D1RIwBzcL,6b/6bdc7193.jpg,White Porcelain with Trim,,DISHWARE_PLACE_SETTING,White Porcelain with Trim,Porcelain,,,Round
A1zymgiBBmL,92/92d88e38.jpg,Terracotta,,PILLOW,,,"Cover: 100% Cotton, Fill: 100% Polyester",,Square
41x3Zd5oVyL,ce/ce289a97.jpg,,Standing Leather Origami Kindle HD 7,CAMERA_BAGS_AND_CASES,,,,,
41eBda-uQSL,a4/a400b015.jpg,Light Brown,,BAG,,,,,
61LckMIO8bL,56/56ca167b.jpg,Red,,CARGO_STRAP,,,,,
61sBlT6YR5L,b2/b24c7ab3.jpg,Daylight,,LIGHT_FIXTURE,,,,,
71QnEzsg6pL,21/216d043c.jpg,,,FLATWARE,Crown,,,,
81HHBcM1wZL,45/4569c20b.jpg,,,JANITORIAL_SUPPLY,,,,,
81sOaAo4RQL,1b/1be1872a.jpg,Yeşil,,HEADPHONES,,,,,
71EltSMaKXL,54/54cdc1f0.jpg,,,PACKAGED_SOUP_AND_STEW,,,,,
71VRS5wrQlL,c7/c79d14c8.jpg,,,HONEY,,,,,
81Boy3CsnvL,ab/ab2d2c5b.jpg,,,EDIBLE_OIL_VEGETABLE,,,,,
51HPYAgqvbL,d2/d26ae1d6.jpg,Nickelsatin,,STORAGE_HOOK,Kulformade kanter,,,,
81Am1Mu1f-L,ae/ae6fe537.jpg,,,BODY_POSITIONER,Pillow for Back Sleepers,35%_Cotton,,,Rectangular
61PZb6EzeLL,76/765f2fd5.jpg,,,CRACKER,,,,,
71WPZNA852L,40/40a862bd.jpg,,,OFFICE_ELECTRONICS,Slim Privacy Screen,,,,
81o7pNlzjoL,f4/f47ad124.jpg,ホワイト,,NECKLACE,,,,,
51IMyTG7ZWL,8f/8f165c2d.jpg,,,COMPUTER_COMPONENT,,,,,
81bxTsQkmcL,1e/1edb5258.jpg,Pelle Nappa Nera,,WALLET,,Pelle,,,
71JoYA0KVVL,8e/8eec443a.jpg,,,STORAGE_RACK,18 Jars Organizer style 2,Métal,,,
A1s1RJmqhGL,be/beb93c3d.jpg,Marrón,Parson,DRESSER,드레서,Piedra,,,
6133TEFWc3L,4c/4c6acaea.jpg,Polished Chrome,Soap Dispenser,CLEANING_BRUSH,Soap Dispenser,Zinc Alloy,,,
81-B7oP6otL,31/31ddff85.jpg,Translucent,,THERMOPLASTIC_FILAMENT,,Polyethylene Terephthalate Glycol,,,
71lmvE-3MrL,ef/efda5d16.jpg,Gris,,FLAT_SHEET,Uni,Coton mélangé,,Uni,
51DITDWeU+L,b3/b37c97db.jpg,,,WIRELESS_ACCESSORY,,,,,
813nghuo6dL,ad/ad94984d.jpg,Clear,,AUTO_ACCESSORY,,,,,
610lKvMwFNL,92/92573b5b.jpg,Blau,,HEADPHONES,,Kunststoff,,,
71-IF-usvSL,83/83a4e9b0.jpg,,,STOOL_SEATING,,,,,
B11RnD9L1dS,ac/ac6886c1.jpg,Denim,,BENCH,Raconteur,,,,
71loaN+-93L,c9/c9034480.jpg,Grey top/Black edge,,EDUCATIONAL_SUPPLIES,Rectangular,,,,Rectangular
81pBKx7f87L,58/58fe6ffe.jpg,Grey,,JANITORIAL_SUPPLY,,,,,
61uKIL-M2PL,29/290c331d.jpg,White,,STORAGE_BINDER,4 cm,,,,
51uTBlRSxvL,e1/e1a9552d.jpg,Helada,,PERSONAL_COMPUTER,,,,,
71tIHLbYnLL,53/5354945f.jpg,Chrome,,TOILET_PAPER_HOLDER,Traditional Euro,Zinc,,Single,
71ibj1-qoPL,b5/b5b8b93c.jpg,,,DRINKING_CUP,,Paper,,,
51C06yPLipL,9b/9b65208c.jpg,Schwarz Black Croc,Leather Mule Footbed,SANDAL,Leather Mule Footbed,Leather,,,
71pi2Ja7X+L,ff/ff070c4c.jpg,zwart,,SUITCASE,,ABS,,,
713b+SbQcsL,1b/1b164b3a.jpg,,,BATTERY,AAA-Lithium-Batterien,,,,
81Xb6HI-4sL,18/18645129.jpg,Black/Blue,AE/1003BKB,WATCH,,,,,Round
71WUH6kr8zL,01/01195763.jpg,Plateado,,FLATWARE,Estilo moderno,Metal,,,
81SFEaWTVxL,b0/b09236db.jpg,,,COFFEE_MAKER,,,,,
71GzulddIaL,4f/4f9a2ab6.jpg,Oak Sonoma,,CABINET,1-Door Wardrobe,silver,,,
81wYVNvSM4L,3f/3f77231a.jpg,,,SNACK_CHIP_AND_CRISP,,,,,
81Ye1hrjEzL,5f/5fe84251.jpg,,,STORAGE_BOX,,Cartón,,,
71UemV1YI1L,5d/5d717f7b.jpg,Blue,,STORAGE_BINDER,1.5-Inch,,,,
81VUzGdVh0L,2c/2c877148.jpg,Black,,WASTE_BAG,,,,,
71I895IhZoL,9b/9b267b56.jpg,Gris,,FURNITURE_COVER,,,,,
51j6qHfF2dL,43/43806474.jpg,,,DAIRY_BASED_CHEESE,,,,,
81W177ItV5L,cd/cd1aad79.jpg,黑色,,JANITORIAL_SUPPLY,3 estantes,塑料,,,
71Nt7JWxSUL,69/694244fe.jpg,,,PAPER_TOWEL_HOLDER,,,,,
71qlEHFMixL,c3/c3281ee2.jpg,,,DRILL_BITS,,,,,
51j97s+NSYL,8a/8a7c8780.jpg,Natuurlijk,,STORAGE_BOX,Schoenenkast,Wildeiche,,,
61WyjXdsM0L,78/78f9c4cf.jpg,Grijs1,,LAUNDRY_HAMPER,,,,,
916U5GKY23L,a2/a2bcec5c.jpg,블루,,BED,Camas,灰石色,Twill Performance Blue (Might Be Labeled Smoky Teal),,
71ufRIazNGL,91/913c68c7.jpg,,,DRINKING_CUP,,,,,
81LuWlPXsNL,3a/3aee3c9a.jpg,Red,,SPEAKERS,,,,,
615gYn1u0IL,04/04ad3a6b.jpg,Plateado,,DRINKING_CUP,,Acero inoxidable,,,
719KsCpy7JL,1c/1cfb39e8.jpg,Brown (Tan Tan),Leather Chunky,BOOT,Chelsea Boots,,,,
71YDBoK2LuL,78/7811dcfa.jpg,Marrone Chocolate,37275,SANDAL,Pantofole,,,,
71yUL8S2cPL,ba/ba260669.jpg,,,PROFESSIONAL_HEALTHCARE,,,,,
81L1PXLVabL,37/370c28ea.jpg,,,SHAMPOO,,,,,
814a-PU+q4L,69/69bfc307.jpg,,,TOOLS,16-Piece,Steel,,,
61xQkrSmQZL,03/0397f7ed.jpg,,,FASHIONOTHER,,,,,
51I9W+EeKwL,65/659a46f2.jpg,,,SKIN_MOISTURIZER,,,,,
51euGOJHUdL,05/05ec75b7.jpg,,,VITAMIN,5000 IU,,,,
7169dUqYcjL,7b/7bf5f3e0.jpg,,,LOCK,,,,,
519JaqbSqPL,13/13ed7c81.jpg,Crème,AB Microfiber,FLAT_SHEET,Uni,Polyester,,Uni,
71I0D32yHrL,b4/b413e016.jpg,,,BABY_PRODUCT,,,,,
51e33ftZsNL,cf/cfceb77c.jpg,Red,,JAR,7 Piece,Plastic,,,
A1XNUwbrc3L,b9/b99e2222.jpg,Multicolor,,WALL_ART,Antique,Paper,,,
51Q23LjeizL,36/365416c6.jpg,Mazarine,,STORAGE_BAG,,,,,
81-Zk6pRLjL,b2/b2f3c016.jpg,,,PLANTER,V 形花纹,炻器,,,
81JbkqVBilL,d9/d9f171d3.jpg,Black and Red,,EARMUFF,Over-the-Head Folding Hearing Protection Earmuffs,,,,
81Uhn6wSKnL,d2/d265def4.jpg,黑色,,PORTABLE_ELECTRONIC_DEVICE_COVER,Interior anaranjado,,,,
81N-24SeU2L,b6/b6bea2a9.jpg,,,TEA,,,,,
91nJ0IxdyLL,07/070153c1.jpg,Verde militare,,PORTABLE_ELECTRONIC_DEVICE_COVER,"AmazonBasics, custodia per laptop da25,4, verde militare",,,,
91hzPFmOZvL,56/5687bf2c.jpg,verde oliva/nero.,Confezione Da 2 Cappelli Lavorati A Maglia.,HAT,Confezione da 2 cappelli lavorati a maglia.,,"57% cotone, 28% acrilico, 15% poliestere",,
81N5qIwkkJL,22/22e0c35f.jpg,Negro,,BASKET,,,,,
61U9TDNrikL,a4/a41d8af7.jpg,Black,A-0082E3,STOOL_SEATING,Classic,Beech,,,Wishbone
51Q-sa3Z8-L,88/8818c5e3.jpg,,,PUZZLES,LEARNING & EDUCATION,Madera de caucho,,,
81QGO6yKCLL,79/796c2835.jpg,లేత గోధుమరంగు :: టీల్ :: తెలుపు,,CLOCK,,ప్లాస్టిక్,,Wall Clock,
71nj+o6u2aL,fb/fbe40d46.jpg,,,SHIPPING_BOX,,硬纸板,,,
711CUzqBuKL,6a/6af4b0b8.jpg,,,SAFETY_SUPPLY,,,,,
71aieU78o-L,89/89bfc8cb.jpg,Siyah,DI27A,AV_FURNITURE,,,,,
81Uj3AHCpHL,f4/f4520c4b.jpg,Gris,,SUITCASE,,Poliéster,,,
316mWDimLVL,20/20d9ed6f.jpg,Grey,,BED_FRAME,Single Bed,Wood,,,Rectangular
71qULgaJZHL,48/48a49588.jpg,White Melamine,,CABINET,"Sideboard Cabinet (4 Drawers, 2 Doors)",Engineered Wood,,,Rectangle
711hkAzEH-L,ed/ed3ae4b0.jpg,Blanco Y Efecto de Roble San Remo,,DESK,Modern,Madera_contrachapada,,,
91k+hJx8D7L,2b/2bf5568c.jpg,,,BISS,,,,,
51F7ywgHpLL,76/765fea0c.jpg,,,MOUSE_PAD,Mouse & Gel Mouse Pad Bundle,,,,
91GoWU83AxL,fb/fbc6bf87.jpg,,,DISHWASHER_DETERGENT,,,,,
51E2xnFe-sL,c9/c9ef3840.jpg,,,SKIN_CLEANING_AGENT,,,,,
71Lad1uSAmL,61/61575733.jpg,粉笔色,,STOOL_SEATING,,,,,
918yi6B32aL,7c/7c49a0e8.jpg,Multi,,WALL_ART,,canvas,,,
61oWGO-qtaL,12/123d1dff.jpg,,,LIP_BALM,,,,,
71ptG7Y4SAL,2a/2a960da1.jpg,అన్నీ కలర్,,PLACEMAT,,పి.వి.సి,,,Rectangular
514p+aYt2uL,ff/ffc3deb6.jpg,Fluoreszierendes Gelb,,COSMETIC_BRUSH,,,,,
8162kNt3GiL,ec/ec9caf5b.jpg,Negro,AE/1004BLK,WATCH,,,,,Octagonal
71wBkpvGwiL,1b/1ba31232.jpg,,Linus,BOOT,Linus,,100% PU,,
91D7acDk0FL,43/43cf66f0.jpg,,,CANDY,,,,,
713iVvnb32L,f7/f76a78c6.jpg,Blanco,,STRING_LIGHT,Bombilla S14,,,,
71LL7bMZAiL,07/07b5fbb0.jpg,ಬೆಳ್ಳಿ,,FOOD_SLICER,,ಪ್ಲಾಸ್ಟಿಕ್,,,
811WYn-GzDL,93/9349fd14.jpg,Blu,,SUITCASE,48 cm,,,,
81MI6X3+zvL,9a/9a153ecd.jpg,Wit/front: witte spiegel.,34006100-070 Budget 2,CABINET,Diepte 48 cm basic,Holz,,uni,Rechteckig
61ycARUMjZL,a4/a4bfaf04.jpg,assorted color,,FILE_FOLDER,50-Pack,,,,
51Aq-89Tq5L,d7/d71ed97a.jpg,,,BREAD,,,,,
61OqEm0mW6L,cf/cfabd354.jpg,ZILVER,,ACCESSORY_OR_PART_OR_SUPPLY,,,,,
61TEcBZV9mL,fa/fafb871c.jpg,Braune Ziffern,,CLOCK,Rustiek,,,,
71p5jJXfpQL,50/505984a2.jpg,YELLOW,,BUCKET,,,,,
61jAJ4hQ2nL,d9/d9e7d76c.jpg,Light Blue,,OTTOMAN,,Polyester,Fabric,,
71VWnfegfiL,f3/f3583ba0.jpg,,,ORTHOPEDIC_BRACE,Left,,,,
61TTgbAHTqL,5e/5ed908bd.jpg,,,CHOCOLATE_CANDY,,,,,
61WDkH-6fUL,a2/a289144b.jpg,,,ABIS_KITCHEN,Bag,,,,
A1wdARORZcL,26/264f6f8d.jpg,Black/Grey,,PILLOW,,,"Front Cover: 52% Polyester, 41% Acrylic, 7% Cotton; Back Cover: 100% Polyester; Insert: 100% Cotton; Stuffing: 100% Polyester",solid,Square
61XHPan04RL,bf/bf6d3949.jpg,,,DESK,,,,,
913ujnOdQfL,6a/6aec12d2.jpg,Cognac,,PILLOW,,,"Cover: 63% Linen, 37% Viscose; Insert: 100% Cotton; Stuffing: 100% Polyester; Trim: 100% Leather",,rectangular
81A9scn2dhL,84/84505a4f.jpg,Multi,,WALL_ART,Abstract,canvas,,,
613oNDEob7L,76/760be7f9.jpg,Multicolor,,JAR,,Plastic,,Container Set,Round
51he47IVKRL,76/76209b4d.jpg,Black,1101675,SCREEN_PROTECTOR,,Tempered_Glass,,,
81EH8-p9TVL,9f/9f1675fa.jpg,,,NUT_BUTTER,,,,,
51oTOKbhBmL,fc/fc882bac.jpg,0,,WINE,Tempranillo Vino de Espana,,,,
81Gq7QI2cHL,32/32fe8982.jpg,Burgundy,,JANITORIAL_SUPPLY,,Goma,,,
71iMkb6AzHL,e3/e3b80459.jpg,Brown,,BABY_PRODUCT,,,,,
81JZ2WriV1L,7d/7da21fa6.jpg,Black Leather,Juliette Pearl Studded Heel Knee Boot,BOOT,Juliette Pearl Studded-Heel Knee High Boot,Leather,Leather,,
71FtW9B6dML,f1/f1b636f3.jpg,Brown Biscuit,Leather,BOOT,Leather Brogue Detail Chelsea Boot,Leather,,,
61AsFZT7A3L,b7/b7085e5a.jpg,Orange_99737,,HAT,,,,,
81x0tWIx8rL,54/540a9595.jpg,,,DEEP_FRYER,digital,,,,
710EeMs+68L,d1/d12fcfb2.jpg,,,REFRIGERATOR,,,,,
91WeigIwOHL,bf/bf7f30c8.jpg,Black,,PORTABLE_ELECTRONIC_DEVICE_COVER,,,,,
71NTinU+lGL,b8/b826cff0.jpg,White,,ANTENNA,50 Mile,,,,
61rNQ0L6p5L,d1/d178b9be.jpg,,,VITAMIN,B12 + D3 (125 mcg),,,,
71GwTjI97mL,7b/7b9d4e3f.jpg,Nichelato,,CLOCK,Metal,,,,
71y1cuXDXsL,5d/5da3de99.jpg,,,NECKLACE,,,,,
51rQn+MPWkL,09/09517491.jpg,,,OFFICE_ELECTRONICS,,,,,
71RXp8pFgLL,6d/6d8a19a0.jpg,clear,,SAFETY_GLASSES,,TPR seal/PP ventilation channel/Nylon Head strap clip attachment/Head strap polyester silk + nylon wire/ PC lens,Elastic Headband,,
71dFRGGuO+L,80/806f8b29.jpg,黑色,,AUTO_ACCESSORY,钢,,,,
81aCJbRjNSL,0f/0f986da9.jpg,Rouge,Casquette de Base-ball,HAT,Casquette de base-ball,,100% Coton,,
71LYYNVlvjL,66/668d89d9.jpg,Camoscio Nero,Sheena Lace-up Bootie With Studded Star Embellishment,BOOT,Sheena - Scarpette stringate con decorazioni a stella,,Pelle scamosciata.,,
712QR3oEhtL,8f/8f4cc423.jpg,石色,,OTTOMAN,,,织物,,
61V2MFpNZKL,94/943925dd.jpg,,,SNACK_MIX,,,,,
61soQwBPmAL,70/7079e300.jpg,Rot (Red Red),Kitten Heel,BOOT,Kitten Heel Point Toe Animal Ankle Boots,,,,
719ZFC-g8LL,81/81a92325.jpg,,,AUTO_ACCESSORY,,,,,
91yr25BAq8L,bd/bdcd8e2c.jpg,Black,,SAFETY_SUPPLY,80 x 62.5 x 7.6 cm,Soft Foam,,solid,
81sYm3jDGSL,27/27e9b7ce.jpg,Brown (Dk. Brown Dk. Brown),Pull on Leather Buckle Biker,BOOT,Ankle Boots,,,,
91fvW2GNTwL,4f/4fbf0cb8.jpg,azul Polka Dot,,CLOTHES_HANGER,,Terciopelo,,,
A1rTg1Xm1RL,56/567b28c9.jpg,,An Private Brand,BACKPACK,,Poliestere,,,
81HFszXNZtL,94/94f93deb.jpg,Red/Black,,JANITORIAL_SUPPLY,"3/8 ""  - Thick",,,,
714JSysA-oL,f0/f0b24124.jpg,Chrome,,CLOTHES_HANGER,,,,,
81auYA1E66L,e9/e9d99209.jpg,,,BEAUTY,,,,,
61HzcgekBTL,32/325f3e08.jpg,Black,,COMPUTER_ADD_ON,1-Pack,,,,
81Fpec4E0zL,f8/f8311fe2.jpg,,Hex Key / Allen Wrench Set with Ball End - 26 Piece,WRENCH,,cromo vanadio acero,,,
71mKOI-bQmL,22/2221fdf6.jpg,,,STORAGE_HOOK,,,,,
91iNr6jkK+L,30/3004fb71.jpg,Peppermint,,COFFEE,,,,,
81Gy2I7axkL,9a/9a8617d0.jpg,,,BUCKET,,,,,
51Bc31g8XLL,f0/f0a35050.jpg,,,BOTTLE,,,,,
71FQG40TSGL,95/956f6e85.jpg,Blanc Chaud,FG-03938,STRING_LIGHT,,plastique,,,
81Vq7ASJXfL,b0/b07caeda.jpg,blue,,SAFETY_SUPPLY,Retractable,,,,
A1T851UAaXL,c4/c4e38105.jpg,블랙,,OTTOMAN,,,직물.,,
610GyY8alxL,e6/e6b6a0e8.jpg,Negro,WA40SWM,PLUMBING_FIXTURE,,,,,
81TIkNQHAxL,d1/d12edf3a.jpg,,,PUMP_DISPENSER,,,,,
61FjV+f4UQL,bb/bbc4430a.jpg,古铜金（Antique Gold）,,LIGHT_FIXTURE,Mid-Century Modern,金属,,,
A1Mx+oDYNVL,d1/d1fe5720.jpg,Tan,,PILLOW,,,,,
71lv2sc-9jL,22/22f56b0f.jpg,Error:#n/A,,RUG_PAD,ERROR:#N/A,,,tinta unita,Rettangolare
61T1rCX5JWL,ad/ad0429bf.jpg,Bamboozled Panda (Black),,TOTE_BAG,Bamboozled Panda,fabric,,,
61RFtF2ksSL,55/5579e5d8.jpg,Clear,,DRINKING_CUP,14 oz. Stemmed Craft Beer,,,,
91VnTBUsm8L,28/287fa70a.jpg,Brown,,SAFETY_SUPPLY,,,,,
81hV7oD3d3L,f5/f5d24e70.jpg,,,SALAD_DRESSING,,,,,
81sHG34P7oL,00/00480dc8.jpg,,,HOME_LIGHTING_ACCESSORY,,,,,
51QcrsG5vrL,d8/d8671e92.jpg,,,COSMETIC_BRUSH,,,,,
51qaXVRTgvL,6e/6e95a696.jpg,,,CE_ACCESSORY,1-Pack,,,,
71xNpAXk3DL,96/969e1e7d.jpg,,,SKIN_CLEANING_AGENT,,,,,
613FSkyZ+lL,ed/ed4323d1.jpg,,,BEAUTY,,,,,
81V0+-3mjHL,ce/ce28cc6d.jpg,,3 Pack Long Sleeve Side Snap Bodysuit,LEOTARD,3 Pack Long Sleeve Side Snap Bodysuit,,100% Cotton (Organic),,
71Eqon89npL,64/641621ce.jpg,,,SECURITY_ELECTRONICS,,,,,
71cj8IbLSKL,4e/4e41ba04.jpg,Stone,Albany,BOOT,Albany Formal Suede,Suede,,,
61mlvECCGAL,a9/a994ee2d.jpg,Espresso,,STORAGE_HOOK,Single,,,,
51g5wENN7RL,fa/fa563fdf.jpg,काला,,CE_CARRYING_CASE_OR_BAG,,,,,
61KHheeqx4L,5b/5b187a6f.jpg,Blue + Red,,CARGO_STRAP,,,,,
710+ECe2JgL,c4/c45c4a2c.jpg,Blanc,,CABINET,Buffet à 3 portes et 3 tiroirs,Furniture board,,,
71CfHJ-YTgL,ac/ac275981.jpg,Blanco,Modern Tufted Vinyl Upholstered Headboard,HEADBOARD,Moderno,Cuero sintético,vinil,,Rectangular
81ZyQ1we-5L,2c/2c289ba8.jpg,Amarillo,,COSMETIC_CASE,,,,,
81zJGHS+MoL,ae/ae8f5338.jpg,Multicolor,,WALL_ART,Abstract,,,,
71g8PduhaeL,8a/8a47db5d.jpg,ബഹു വർണം,,ELECTRIC_FAN,,പ്ലാസ്റ്റിക്,,,
71en2m6W0EL,c2/c2a1c9d7.jpg,बहुरंग,,CANDLE,,Wax,,,
61r4ErRDZrL,67/6768b090.jpg,,,MEDICATION,,,,,
51C1jrTGdeL,52/5291af82.jpg,,,RECEIVER_OR_AMPLIFIER,,,,,
91i1d3f0bZL,f7/f72546d8.jpg,,,DEHUMIDIFIER,pack of 1,,,,
51TVkKxX9zL,6a/6a930467.jpg,,,CLEANING_AGENT,,,,,
71z3tmvhXFL,f9/f9c5ad3d.jpg,,,DRINKING_CUP,,Papel,,,
61+QdRFMfzL,05/050fa5d2.jpg,01-Black,,ACCESSORY_OR_PART_OR_SUPPLY,,,,,
81o4ncIesLL,42/42238610.jpg,भूरा,,FURNITURE,कंटेंपरेरी,लकड़ी,,,Rectangular
91irJOL7-4L,bf/bf2cb7f6.jpg,بني (Driftwood),,OTTOMAN,,Cuero,,,Round
61hVilBr+sL,1a/1a5575fe.jpg,Black,,SUITCASE,,PP,,,
81GwU966XAL,37/376e6108.jpg,Black,,FLAT_SCREEN_DISPLAY_MOUNT,Full Motion,,,,
71GJ+si7W+L,b1/b17ca6ae.jpg,White/Brass,,PLANTER,3-Pack,,,,
61mbpEmGTGL,0c/0ca114f8.jpg,,,SALAD_DRESSING,,,,,
81WDvs6ldmL,b2/b2c3f01d.jpg,Linen/Black,,DRYING_RACK,Single Mat,,,,
91EskQpjq+L,0c/0c0afe1f.jpg,,,THERMOPLASTIC_FILAMENT,,,,,
61vSHLRfcyL,f1/f16e24c1.jpg,أسود/أحمر,,CHARGING_ADAPTER,2 端口,,,Charger,
715LI3ZMgDL,f7/f780cb75.jpg,,,RING,リング,,,,
A1o+rtM10GL,4e/4e747526.jpg,Azul,NC1407073F,PORTABLE_ELECTRONIC_DEVICE_COVER,Pack de 1,Neopreno,,,
A16Im1EB2ML,99/99fa6d95.jpg,Blue,,BACKPACK,Weekender,,,,
81PmUgcXA0L,a1/a1f62a28.jpg,,,SAUCE,,,,,
81ek3mBYR+L,4b/4b3234f1.jpg,,,BEAUTY,,,,,
71kVxOBP1ML,96/96fae751.jpg,,,BEAUTY,,,,,
71RPYZEt8uL,2a/2abd30e3.jpg,,,DAIRY_BASED_CHEESE,,,,,
71LpEcBGqQL,7f/7f6df0f9.jpg,,,ACCESSORY_OR_PART_OR_SUPPLY,,,,,
61n9Jej4ZZL,fe/fead44c5.jpg,rojo,,ABIS_LAWN_AND_GARDEN,,,,,
61aJTTwH5dL,2b/2b346f99.jpg,,,ELECTRONIC_ADAPTER,,,,,
71VB4tkbfAL,5d/5dcc04d7.jpg,Schwarz,,CAMERA_SUPPORT,,,,,
71fdUjUFOqL,ad/add6ff45.jpg,,,BREAKFAST_CEREAL,,,,,
41a2ASEWl+L,8c/8c4d8e81.jpg,Silver,,LIGHT_FIXTURE,,,,,
811g+Zxw3hL,55/559e7e5f.jpg,Biege,,BASKET,Set of 2 Large,Plastic,Plastic,,
71+Os8Dzl1L,9a/9a6f8de6.jpg,Midnight,,STOOL_SEATING,altura del mostrador,,,,
61eXiv5zrLL,ea/ea4e8d30.jpg,,,ABIS_HOME_IMPROVEMENT,,,,,
81kLfkRGC2L,a4/a4502302.jpg,Negro,,SHELF,5 estantes,,,,
71HlmEDOZKL,94/94d256d6.jpg,Royal Blue,,SAFETY_SUPPLY,,,,,
81aHSVG3bqL,ae/aee46ece.jpg,,,PACKAGED_SOUP_AND_STEW,,,,,
61Oe3DiD7OL,33/33611633.jpg,,,SKIN_MOISTURIZER,,,,,
51LKz-YsGiL,42/429f94e4.jpg,,,BATTERY,8 Piles AA + 12 Piles AAA,,,,
61s5081jWgL,5c/5cf440b7.jpg,,,VITAMIN,,,,,
71xxkyrWc6L,fe/fe06bc06.jpg,Light Blue,,FILE_FOLDER,2 Divider,,,,
51yfFLGJouL,08/08a2a463.jpg,Sapphire Blue,,STORAGE_BAG,,Fabric,,,
71QIHs48xgL,c3/c3d14e81.jpg,Oak,,DRESSER,Chest of Drawers,Wood,,,Rectangular
711P1MECFeL,1f/1ff92178.jpg,,,TOOLS,,,,,
71twGQUiLpL,13/134b84e8.jpg,Ivoire,,FLAT_SHEET,Flat Sheet,Coton,,Uni,
71Ns719gWuL,7b/7b8d917c.jpg,Black,,FLAT_SCREEN_DISPLAY_MOUNT,TV Trolley,,,,
71QeJ553ZTL,63/6327ac65.jpg,,,ABIS_KITCHEN,,Silver,,,
618nDF7X0CL,06/061f8e45.jpg,白色,,ENVELOPE,,纸,,,
81YyQdVjuiL,52/52167a52.jpg,,,ELECTROMECHANICAL_GAUGE,Digital - with LED,,,,
71chWUdK2NL,41/413bfa91.jpg,काला,,PERSONAL_CARE_APPLIANCE,,,,,
71Xm6oJEUTL,80/80baaecd.jpg,,,BEAUTY,,,,,
611gWsnH0KL,e4/e4b0c435.jpg,,,BATTERY,AA,,,,
617ZG3i1awL,55/551384aa.jpg,,,NUTRITIONAL_SUPPLEMENT,,,,,
717pWV2amxL,27/27df8881.jpg,White,soego_p23,HOME_LIGHTING_AND_LAMPS,,Acrylic,,,
41e2LPQVpOL,f0/f0483509.jpg,,,CONSUMER_ELECTRONICS,,,,,
51hlFsxcx5L,26/26225725.jpg,,,ABIS_DRUGSTORE,Vershoudfolie,,,,
81zgQBIc3pL,69/6939b36a.jpg,Grey,,BATTERY,AA,,,,
A1W5OMF345L,b1/b199d42c.jpg,银色,,PLANTER,plantador mediano,炻器,,,
919fbhT80SL,df/df622c27.jpg,Grigio,,SUITCASE,Set da 3 pezzi,,,,
B1SmX-LhAhS,6e/6eb8d45e.jpg,Graugummi,,SWATCH,,,,,
61RsEmTmseL,48/488bbc5a.jpg,三つ仕切り/ダーググレー,,LAUNDRY_HAMPER,,,,,
81Bzwr5ZggL,88/8806d042.jpg,,,SECURITY_ELECTRONICS,Safe + Batteries Bundle,,,,
51hSHODtZhL,ac/ac5146b3.jpg,青铜色,,LIGHT_FIXTURE,tocador 3 luces,玻璃,,,
71PK1N324vL,66/6615a4b5.jpg,,,SAFETY_SUPPLY,,,,,
81GWDlWgboL,ac/ac39657f.jpg,Navy Blue,,SUITCASE,"33 x 33 x 22,86 cm",Poliéster,,,
A16UaQnlOJL,d2/d2530798.jpg,Grey,,BACKPACK,AmazonBasics Campus Backpack for Laptops up to 15-Inches - Grey,,,,
81kBoa4e+GL,0e/0e2433ba.jpg,Black,,CLOCK,,MDF,,Wall Clock,
91Rllac7-yL,ad/ad330f01.jpg,Blue/White,,JANITORIAL_SUPPLY,Confezione da 6,,,,
718yefL9wJL,dd/dd680220.jpg,November Boy,"Sterling Silver, AAA Cubic Zirconia and Simulated Birthstone Babies Boy Charm, November",FINEOTHER,,feinstes Material,,,
71Oea+CJhSL,52/52dfba2f.jpg,Burgundy,,FLAT_SHEET,,Cotton-Blend,,,
71ShwbsBeHL,b7/b732d75f.jpg,Gold,"Slender Double Leather Cord Choker Necklace With Horn Accent, 11.5"" + 3"" Extender",NECKLACE,,Not applicableNot applicableNot applicableNot applicable,,,
51mu-6AXtCL,4f/4fb03938.jpg,Poliert Chromfarben,,STORAGE_HOOK,klasik,,,,
51FvBDxxNIL,8f/8fe199b6.jpg,Black,,SPEAKERS,w/ Case,,,,
71cKCkjxPbL,33/33018b8e.jpg,,,PLUMBING_FIXTURE,Válvula de llenado de inodoro + trampa,Plástico,,,
61BrjxmLJoL,14/1499500b.jpg,"Infradito colorati estivi, con finte perline",,LABEL,,,,,
81kj410zoEL,51/51b0dd45.jpg,,,DAIRY_BASED_CHEESE,,,,,
61N851XDBQL,60/6058a315.jpg,,,FRUIT,Mezcla de frutos secos y pasas,,,,
61fxke-+0CL,35/356fa4bf.jpg,,,MEDICATION,全天,,,,
51upoZgahjL,b1/b179a8c5.jpg,,,BREAD,,,,,
611cuXsz6nL,aa/aa4314d9.jpg,Blanco,,JANITORIAL_SUPPLY,"ii. Toilet Brush, 12-Pack",,,,
91suTnw-8BL,97/97eae940.jpg,zwart,,SUITCASE,"63,5 cm bagagestuk om op te geven.",,,,
71XPnafBGqL,85/85a9bc8b.jpg,Red,,COMPUTER_ADD_ON,6-Foot,,,Cable,
71qEMkTA66L,d1/d1466244.jpg,Gold Metallic Snake Embossed Leather,Nikole Open Toe Slide with Chain Detail,SANDAL,Nikole Open Toe Slide With Chain Detail,,Leather,,
81gHnaYFG1L,3b/3b1eaee0.jpg,black,,FOOD_SERVICE_SUPPLY,,,,,
717O5+ANAES,35/35ec2850.jpg,,,TOOLS,,,,,
81eo5eAi9hL,1d/1df25962.jpg,,,LEGUME,,,,,
7170yJRn-HL,c6/c61a76a0.jpg,Black,,WIRELESS_ACCESSORY,3-Foot,,,,
81Y+xJz510L,ba/bad00769.jpg,Noir,,SUITCASE,,Polyester,,,
719rkKtjLPL,8c/8c235046.jpg,,,TRASH_CAN,,Plastica,,,Rettangolare
61rwM40+BHL,e3/e386608f.jpg,Espresso,,STORAGE_HOOK,Single,,,,
61-qEbFJlXL,a3/a381b80e.jpg,Cool White,,LIGHT_FIXTURE,,,,,
91qfNwjaYOL,97/9778af4d.jpg,Black,,PORTABLE_ELECTRONIC_DEVICE_COVER,,,,,
81gzzYrxZaL,77/77bdc8be.jpg,Navy,Baseball Cap,HAT,Baseball Cap,,100% cotton,,
71JbNsHw90L,31/31f33aaf.jpg,Red,,SUITCASE,20-inch,PC,,,
81w29mbZOtL,6f/6fe88d25.jpg,,,COFFEE,"Hazelnut, Medium Roast",,,,
81gQiRilYJL,31/31330c6d.jpg,Gris,,BISS,Latex & Nylon,,,,
51ycRKjobHL,ba/bad88b03.jpg,,,SHIPPING_BOX,,,,,
81teYwOGrgL,ca/ca9a5b27.jpg,Weiss 68,2256021,BOOT,Scarpe con cinturino,,,,
71DY-Le5DTL,fb/fb4f9eb6.jpg,蓝绿色,,TEACHING_EQUIPMENT,,Steel?,,,
71n4XexBj0L,71/71a2a506.jpg,,,CLEANING_AGENT,,,,,
71ireC5tBzL,ce/cef87bab.jpg,,,SOUND_AND_RECORDING_EQUIPMENT,Acero | 1 unidad,,,,
51esjOu9-fL,9d/9d63aec8.jpg,,,WIRELESS_ACCESSORY,,,,,
81sT8HhdjSL,86/86ee9497.jpg,,,SAFETY_SUPPLY,,,,,
811sTp6-x-L,97/97a5ed9f.jpg,Black,,SUITCASE,"2-piece Set (21.6""/28"")",,Polyester,,
91OJDDyfIVL,52/5211c257.jpg,Zwart,,DRESSER,,,,,
71ZXTIHnY7L,fc/fc0a13b5.jpg,,,PROFESSIONAL_HEALTHCARE,,Schiuma,,,
81U13t6ix8L,e6/e66037a8.jpg,Silver,,MULTIPORT_HUB,USB-A,,,Single,
81RwXZPMsNL,e5/e5db83af.jpg,,,TOOLS,Martillo y clavos,,,,
81AG7nMATYL,cf/cfef3804.jpg,チタン,,DRILL_BITS,,,,,
71EvMhxs0ML,c4/c44fbd32.jpg,White,June,FASHIONNECKLACEBRACELETANKLET,June,pearl,,,Round
81P2U9v1EML,e8/e88e24d3.jpg,,,SUITCASE,,,,,
81Q1gR4KH-L,73/7373eb56.jpg,cáñamo,,STOOL_SEATING,alto de la barra,,,,
61RciUuXBvL,4d/4d4cc967.jpg,Blanco,Giant Swan Lounge Float,WATER_FLOTATION_DEVICE,,,,,
51gcU0m6UkL,e1/e1ed383f.jpg,,,RECREATION_BALL,,,,,
71Q-HEcepDL,a7/a769d824.jpg,Sonoma Eiche/Dunkelgrau,,CABINET,Große Kommode,,,,
713wtKwYCuL,af/af4a2511.jpg,黑色,,ELECTRIC_FAN,0,,,,
71Xq0gLXIRL,f9/f943e88e.jpg,Bronce oscuro,,HARDWARE,,,,,
81dJIcQNTwL,c4/c4517dbb.jpg,నీలం మరియు తెలుపు,,PLACEMAT,,పి.వి.సి,,,Rectangular
71p9xQPoXfL,91/9150fa75.jpg,black,,FLATWARE,cutlery,Plastic,,,
61vX-jkq-wL,27/27fd489e.jpg,3 Compartment/Grey,,LAUNDRY_HAMPER,,Fabric,,,
71yJihnuTtL,4d/4d4e8d02.jpg,Níquel,,CLOCK,Metal,,,,
A1tyx00z-PL,f1/f12b0683.jpg,Dark Denim,,PILLOW,,,"Front Cover:75% Cotton, 24% Linen; Back: 100% Polyester; Insert: 100% Cotton; Stuffing: 100% Polyester",,Square
71Dh4uZzVPL,73/730671c2.jpg,Negro,,FOOD_BLENDER,Sin accesorios,,,,
61h1vC+usRL,16/16a7b0eb.jpg,,,BREAD,,,,,
51O+hXr3qOL,37/37c9fa8c.jpg,,,WINE,,,,,
91yuQpw++mL,f8/f8fbe29e.jpg,Noir,,MUSCLE_ROLLER,60cm,,,,
71czNoTTAhL,d7/d791bc95.jpg,Black,,CLOCK,,MDF,,Wall Clock,
9116e181ikL,d6/d6bac3ad.jpg,,,RECREATION_BALL,,,,,
71t+x8CAPmL,3b/3bbe0a47.jpg,Blanco,,FURNITURE,,,,,
51zGWyhHhXL,74/74a71c16.jpg,Élégance Moderne,,DISHWARE_PLACE_SETTING,Moderne,Porcelaine,,Uni,
71PDAVfrf3L,6e/6ef3f7cb.jpg,Impresora de etiquetas,,LABEL,1 Roll,纸,,,
71zZRBWauEL,83/83d68805.jpg,Chrome,,BOTTLE_RACK,,Chrome,,,
61MxjBBhSaL,e5/e5ee7f7d.jpg,,,NUTRITIONAL_SUPPLEMENT,Coenzyme Q10,,,,
71tJfMr8EcL,73/73fcc3e1.jpg,Cœur de Hêtre,,BENCH,Modern,Cœur de hêtre,,,
61nJGMQb+NL,d9/d9d62d0b.jpg,Black,,FLAT_SCREEN_DISPLAY_MOUNT,,,,,
816tRd+NH9L,65/656d2806.jpg,marineblauw en zwart.,,BISS,"Winter, schuim latex en acryl, touchscreen.",,,,
91JTJ7MEL5L,8c/8cfaa656.jpg,Linen With Truffle,,PILLOW,,,"Cover: 63% Linen, 37% Viscose; Insert: 100% Cotton; Stuffing: 100% Polyester; Trim: 100% Leather",striped,Square
41GPb4prENL,98/98426ee6.jpg,Dark Bronze,,LIGHT_FIXTURE,,,,,
81m8QZWJZYL,33/33866010.jpg,Black 01 V,,HAT,,,,,
A1ne2g-S7GL,75/75acbd8a.jpg,Multicolor,,WALL_ART,Contemporary,canvas,,,
619dpvFneLL,ba/ba4afc2f.jpg,Red,,TOYS_AND_GAMES,,,,,
81gy4WkRy9L,74/748e0a8b.jpg,Pink,,PROFESSIONAL_HEALTHCARE,Stack Resin Chair with Chrome Legs,,,,
71AnQqtwxJL,72/72d9fa76.jpg,89220_gray,,HAT,,,,,
81HLAiieH7L,4f/4fbd0070.jpg,gris,,ABIS_LAWN_AND_GARDEN,,Madera,,,
812mXq1rx1L,e7/e761a3bd.jpg,,,HARDWARE_TUBING,Standard,,,,
61U-GDDf2XL,37/3764147c.jpg,,,INSTRUMENT_PARTS_AND_ACCESSORIES,Stor tunnstil,,,,
61javKo37nL,3a/3a6fb855.jpg,Bianco,,ACCESSORY_OR_PART_OR_SUPPLY,,Acrilico,,,
81PU1HVgIBL,ef/efe60b9b.jpg,,,NECKLACE,ネックレス,,,,
71MaIzbhuSL,5e/5ed90535.jpg,,,DIETARY_SUPPLEMENTS,,,,,
51yqchB0CTL,de/ded50b2f.jpg,Brushed Nickel,Transitional,LIGHT_FIXTURE,,Metal,,,
61HodAEQz+L,fa/faa5deb3.jpg,,,VITAMIN,多维他命,,,,
71eicsO0aDL,c6/c6a7f7ff.jpg,Brown Chocolate,Um1359,BOOT,Um1359,,,,
71YIzcW+Y5L,2d/2d54094e.jpg,Black,Weave Slingback Leather,SANDAL,Weave Slingback Leather,,,,
71HJTa2DvmL,ca/caac6ecf.jpg,,,LABEL,Etiquetas,,,,
41HgaioX3pL,3c/3cfbb94c.jpg,White,,BISS,FR,,,,
91zWgNPhcxL,e5/e52d36b2.jpg,Patchwork Design,,TOTE_BAG,,,,,
71udqdO4rwL,9e/9ee39be3.jpg,Negro,,DESK,,,,,
61TrScjBCpL,87/874fe41b.jpg,Black,,DRINKING_CUP,,Plastic,,,
81hguGw8DYL,df/dfc1f08e.jpg,Green,,FURNITURE_COVER,,布料,聚酯纤维,,
5196Ls5H5gL,6b/6b6cce7b.jpg,Brushed Stainless Steel,,STORAGE_HOOK,Stainless Steel Double Prong,,,,
913nPo4O9iL,89/891347db.jpg,Effen marineblauw,Soft Cotton Washed Beanie,HAT,Zacht katoen Gewassen Beanie,,100% katoen.,,
51VyVpj-e3L,65/65fda71d.jpg,,,CLEANING_AGENT,,,,,
81WYwbc8z8L,3c/3c786bf3.jpg,black,KU-0833+MSU0939-10,PERSONAL_COMPUTER,10-Pack,,,Single,
71iW9IGwD9L,a9/a97e614a.jpg,തവിട്ട്,,BED,Carrie,Engineered Wood,,,
61S+abhWHCL,e8/e87d0386.jpg,Blanco,,ELECTRONIC_ADAPTER,Paquete de 5,,,,
61-PUL+zIGL,98/9852cfa4.jpg,,,CONSUMER_ELECTRONICS,,,,,
81irQojmEXL,8a/8ac9d2e4.jpg,,,BREAD,,,,,
71ckivaHOJL,43/435352c1.jpg,Assorted,,FILE_FOLDER,,,,,
71Impt2+E+L,70/704d32d3.jpg,Salt & Pepper,,SAFETY_SUPPLY,,,,,
71SkAPR1ZRL,33/33f1d4f4.jpg,,,OFFICE_ELECTRONICS,,,,,
71qrLYA0HnL,01/01c0b84f.jpg,Grey,,HAT,,,,,
61gCQrDWx9L,8a/8a9a3148.jpg,,,RING,リング,,,,
41T1BH5Y7TL,9e/9eff5b26.jpg,,,DRINKING_CUP,,,,,
91LlBeF64pL,8e/8e74f9e6.jpg,브라운,,BED,cama king,木头,,,
613m5QIewuL,46/46d8b631.jpg,,,REFRIGERATION_APPLIANCE,,,,,
81gD99tIfaL,9d/9d17a990.jpg,Svart,,BOTTLE_RACK,,,,,
81KSsWCkrmL,ec/ecb463c8.jpg,siyah/gümüş/mavi,,INPUT_PEN,Executive stylus kalem,,,,
61-u5zzcn8L,5a/5aa1fb9d.jpg,,,TOWEL_HOLDER,Toallero de 2 anillos,Metal,,,
71iUj8kD9+L,aa/aaa6c73a.jpg,,,ICE_CHEST,,,,,
71bQV-GmAVL,01/01fd4349.jpg,Crystal Red,January,FASHIONNECKLACEBRACELETANKLET,January,,,,Round
A1ELhDgvGNL,8f/8fb71dfa.jpg,Linen,,PILLOW,,,"Cover: 63% Linen, 37% Viscose. Insert: 100% Cotton. Stuffing: 100% Polyester.",striped,Square
510314wShQL,69/69558ec2.jpg,,,COFFEE,,,,,
81tqIZSnevL,a7/a79ef78f.jpg,,,LUGGAGE,,,,,
71WeNWYpilL,60/60597c55.jpg,Silver,,FLATWARE,,Stainless Steel,,,
71h4HRc0BOL,08/08fb265b.jpg,,,SUNSCREEN,SPF 30,,,,
713KZshuMCL,03/03e4cef8.jpg,Solid Colors,,INSTRUMENT_PARTS_AND_ACCESSORIES,Guitar Picks,,,,
81K1tlh6oXL,b5/b5269505.jpg,Roble Wellington,,CABINET,Cama King Size,Madera,,,
A1mMGQ5D6IL,88/884161d1.jpg,marineblauw,,BACKPACK,,Polyester,,,
91qktrcsWgL,e5/e5c6217b.jpg,Curious Pearl,,BED,beds,灰石色,Curious Weave Pearl,,
61iffao0zcL,f5/f559baf8.jpg,Brushed Steel,,LIGHT_FIXTURE,Floor Lamp,,,,
71ItBTEJCxL,02/02914997.jpg,Cruz V2 Fresh Foam,,CHARGING_ADAPTER,,,,,
61j2aPSRnqL,62/620bc758.jpg,V3black Classic,,HAT,,,,,
81CyMZ4o0OL,fe/fe7d7b13.jpg,black,,BISS,Semi Circle,,,,
A1oe2X6B5oL,4b/4be3fd40.jpg,Donkergrijs,100% Premium Cashmere Jersey Beanie,HAT,100% Premium Cashmere Jersey Beanie,,100% kasjmier,,
91ALgoyaJPL,62/62266c7e.jpg,Yellow-gold-plated,,FASHIONRING,Yellow Gold Plated Silver,金属,,,Round
71ZgT1nN47L,ad/ad52b35e.jpg,beige,,PET_SUPPLIES,,,,,
71SIgoGZ8qL,cd/cdd849eb.jpg,Burgundy,,PET_SUPPLIES,Poste de rascar,,,,
31+n7Pyb5sL,2c/2c14f0a7.jpg,,,PET_SUPPLIES,Elevated Pet Bed and Replacement Cover,,,,
71XraVHi4CL,7c/7c68a318.jpg,Blue,,PET_SUPPLIES,"18.5"" x 11""",100% Silicone,100% Silicone,,
51hos2DMKIL,bd/bdce1c72.jpg,,,PET_SUPPLIES,,,,,
71+ZmQPEKqL,e0/e098bb44.jpg,,,PET_SUPPLIES,,,,,
61XvdagJKVL,4d/4d780621.jpg,Brown,,PET_SUPPLIES,,,,,
81jR1jlisML,a5/a5157c3a.jpg,beige,,PET_SUPPLIES,Kratzbaum mit Bürste,,,,
61YmIApD-TL,41/4157404b.jpg,,,PET_SUPPLIES,,,,,
71-7pMfpm-L,a5/a5ec609d.jpg,,,PET_SUPPLIES,150-Count,,,,
81vLwqFZ3HL,51/515740d7.jpg,,,PET_SUPPLIES,waterproof,,,,
61MVVtvXr5L,27/27aaa6e2.jpg,beige,,PET_SUPPLIES,Mittelgroße und große Rassen,,,,
11xjmNF5TAL,ee/ee239f0f.jpg,,,PET_SUPPLIES,,,,,
71k4fTkrMJL,06/0620c1a3.jpg,Khaki,,PET_SUPPLIES,"Elevated Portable Pet House - Medium, Khaki",,,,
81eU8AXqqsL,37/37775e1d.jpg,brown,,PET_SUPPLIES,,,,,
71ZIHfC4YtL,c0/c021d8df.jpg,,,PET_SUPPLIES,,,,,
618O7HU1CrL,87/874ec688.jpg,beef,,PET_SUPPLIES,High protein,,,,
519nWNs+pzL,16/16a7a4d7.jpg,grey,,PET_SUPPLIES,Bentonita,,,,
61mC+hgsAZL,b1/b13c78ea.jpg,,,PET_SUPPLIES,,,,,
81T53pEirQL,b8/b810a983.jpg,,,PET_SUPPLIES,Plastic Pet Pen Mesh and Fabric Top Cover,,,,
81BFbm3CrzL,74/746812ab.jpg,Brown Flannel,,PET_SUPPLIES,,,,,
61fVhPNXoVL,9c/9cefb4ff.jpg,skyblue&pink&orange,,PET_SUPPLIES,,,,,
81ErY3eE7GL,ff/ff41c8dc.jpg,,,PET_SUPPLIES,waterproof,,,,
61HFuvxGO3L,bc/bc1def75.jpg,,,PET_SUPPLIES,,,,,
91z3DklrOdL,da/daec41b2.jpg,Black,,PET_SUPPLIES,Single-Door,plastic;metal,,,
81XNHySTNoL,5d/5d91d7b3.jpg,White,,PET_SUPPLIES,Pet Activity Center and Feeder,,,,
91zC50esBaL,00/000e461b.jpg,Blue,,PET_SUPPLIES,Canvas Bottom Pet Cage with Divider Set,canvas;iron wire,,,
813INXF5z6L,44/44ecbf13.jpg,,,PET_SUPPLIES,,,,,
61MxCFAOv1L,ba/ba319b44.jpg,Gris claro,"AmazonBasics Cat Tree, Light Grey",PET_SUPPLIES,Escalera de mano,,,,
810EHGDIgQL,f2/f29942f7.jpg,,,PET_SUPPLIES,Metal Vent,,,,
61S3uX2Fo8L,d7/d71ea564.jpg,Orange,,PET_SUPPLIES,,,,,
81AH3bPd3hL,79/79bcfc06.jpg,noir,,PET_SUPPLIES,,,,,
6174OeN-v7L,ff/ff6ddeec.jpg,Beige,AmazonBasics Cat Hammock,PET_SUPPLIES,Katzen-Hängematte,,,,
61k1RpKJmeL,31/31739e14.jpg,Beige,,PET_SUPPLIES,Cani adulti,,,,
71i8SuSVKGL,5b/5b723420.jpg,,9429,PET_SUPPLIES,Dog Food,,,,
71xBPL2vKaL,ea/ea94030d.jpg,,,PET_SUPPLIES,,,,,
41cE4y8k4kL,14/140bb0e5.jpg,,,PET_SUPPLIES,Dog Food,,,,
81ItanHMfVL,7d/7dc8849e.jpg,Green,Dental Chews,PET_SUPPLIES,,,,,
61TuRLDUOaL,31/31f768d2.jpg,"Lamb,duck,turkey and beef",,PET_SUPPLIES,High protein,,,,
71pEZMDEyZL,d3/d39f8d22.jpg,Marrón,KDU-009,PET_SUPPLIES,,,,,
41Frd8PnnjL,bd/bd106086.jpg,,9425,PET_SUPPLIES,Dog Food,,,,
917SOMOlJ5L,b1/b12f1222.jpg,Noir,,PET_SUPPLIES,1 porte,,,Unique,
61LXnEW5S7L,77/77c77174.jpg,,,PET_SUPPLIES,,,,,
81EZZg6jQxL,fa/facbcddd.jpg,,,PET_SUPPLIES,,,,,
61wTUKYXlvL,1c/1c308dda.jpg,,,PET_SUPPLIES,Dog Food,,,,
71+e-pOnmML,30/3086bea1.jpg,Beige,,PET_SUPPLIES,X-Large,,,,
910FITTVfyL,13/13108bcc.jpg,Vert,,PET_SUPPLIES,Couverture de remplacement,Textile,,,
51rRomt9GvL,cb/cb156fcb.jpg,米色,"AmazonBasics Cat Tree Furniture - XX-Large, Beige",PET_SUPPLIES,Túnel y Plataforma,natural jute fiber,,,
71MLh94hUZL,54/54548464.jpg,Gray,,PET_SUPPLIES,Small,,,,
81PPhKSI+wL,1f/1fe197a3.jpg,Beige,,PET_SUPPLIES,Grande,,,,
7155O2VYiKL,c7/c726344f.jpg,,,PET_SUPPLIES,,,,,
51lxbp5Xw2L,97/97b66c84.jpg,,"Solimo Puppy Pad, Large size",PET_SUPPLIES,100 pezzi,,,,
81bWBfXAg4L,88/8834a5ef.jpg,bruin,,PET_SUPPLIES,,,,,
71FwLNVgsAL,2b/2b1ca6ee.jpg,Stivaletti da pioggia zebrati - Bambini,,PET_SUPPLIES,Due pali,,,,
71nuDG7k8VL,3f/3ffbe67b.jpg,Black,,PET_SUPPLIES,"Elevated Portable Pet House - Large, Black",,,,
71pibcoTTpL,cf/cfbfb1ca.jpg,多色,猫砂 5L,PET_SUPPLIES,,,,,
813NVQjGPzL,05/052dba5a.jpg,,,PET_SUPPLIES,Metal Vent with Travel Kit,,,,
61D6ZoYZgKL,7a/7aa52226.jpg,,,PET_SUPPLIES,,,,,
51HMYp1c7gL,ad/ad867436.jpg,,,PET_SUPPLIES,,,,,
A1Qa0SkKJNL,ee/eeaacb38.jpg,BLUE,,PET_SUPPLIES,,,,,
61neXMAy5fL,c5/c5c22b65.jpg,,,PET_SUPPLIES,,,,,
81GGkzggiQL,d3/d36fb6b2.jpg,Green,,PET_SUPPLIES,,,,,
915rv5DAg4L,16/1697858e.jpg,Green,,PET_SUPPLIES,,,,,
61xbXQZOOnL,48/48489002.jpg,,,PET_SUPPLIES,,,,,
51R2-38PWtL,9f/9ffdf2f5.jpg,,,PET_SUPPLIES,,,,,
61MG4A3LqZL,72/729a25a7.jpg,duck,,PET_SUPPLIES,High protein,,,,
71daqhS-zQL,26/26396600.jpg,,,PET_SUPPLIES,,,,,
71gtbd10YLL,56/562addc0.jpg,,,PET_SUPPLIES,,,,,
61VwlmQPt2L,d5/d5ca40f2.jpg,,,PET_SUPPLIES,,,,,
71ilo19c0UL,5b/5bd2faa7.jpg,नीला,,PET_SUPPLIES,Soccer,,,,
71jqKlRfubL,77/7740981e.jpg,Beige,,PET_SUPPLIES,Poste de rascar,,,,
71ei6l3zoGL,4d/4d0555a0.jpg,Negro,,PET_SUPPLIES,Pack de 1,,,,
51QJBdvqZUL,ae/ae00b7fa.jpg,,,PET_SUPPLIES,,,,,
81CdO8UD4ZL,40/40f10886.jpg,,,PET_SUPPLIES,,,,,
71EOzjO8W5L,c9/c964524f.jpg,,,PET_SUPPLIES,,,,,
8159H0JDMcL,b4/b49657f2.jpg,多色,ペット用トイレシーツ スーパーワイド,PET_SUPPLIES,,,,,
61mU9L-i7KL,fb/fb0db13c.jpg,,,PET_SUPPLIES,,,,,
71db-SGwqWL,cb/cb5bc134.jpg,Gray,,PET_SUPPLIES,Small,,,,
A1zv6qlzruL,d2/d2106708.jpg,Grigio,,PET_SUPPLIES,,,,,
61FFYFsflsL,3b/3b1c384b.jpg,,,PET_SUPPLIES,,,,,
71s-7YPKFXL,c8/c833204c.jpg,Weiß,,PET_SUPPLIES,2-teiliges Erweiterungsset,,,,
61SKrWPyyCL,2b/2b72aca1.jpg,Chicken and bacon,,PET_SUPPLIES,high meat,,,,
51X9XXM4x0L,a3/a3d13e01.jpg,,,PET_SUPPLIES,,,,,
91kKfK4SNAL,2b/2b44e9d3.jpg,,,PET_SUPPLIES,,,,,
81KDpTcPXJL,8e/8ec2dc44.jpg,Black,,PET_SUPPLIES,,,,,
610W3izWatL,15/150e3f51.jpg,,,PET_SUPPLIES,,,,,
71+4fAg02eL,36/36d2c318.jpg,,,PET_SUPPLIES,Spinning Toy,,,,
61H26gM5J4L,c3/c322d0ec.jpg,Dark Grey,,PET_SUPPLIES,Multi-Platform,,,,
41zFz+0hTbL,b2/b25adf3a.jpg,,,PET_SUPPLIES,,,,,
71i+H6lHAPL,82/82d83543.jpg,,,PET_SUPPLIES,,,,,
81IoqahePIL,98/98308ee0.jpg,Peluche marrone,,PET_SUPPLIES,,,,,
61-QQ77LOQL,e8/e88d350f.jpg,,,PET_SUPPLIES,,,,,
41Uek8660RL,60/60e60dd2.jpg,,,PET_SUPPLIES,Welpentoilette 49 x 41cm mit Trainingsunterlagen,,,,
61O-d11sRFL,c3/c37c4270.jpg,Orange,,PET_SUPPLIES,,,,,
81rSl8Y8VUL,d5/d560fa5e.jpg,,,PET_SUPPLIES,,,,,
81kOX5xEsWL,70/708ac8de.jpg,,,PET_SUPPLIES,,,,,
61HHvDbTUEL,62/624c0ec9.jpg,,,PET_SUPPLIES,,,,,
71h-17jcUpL,db/db70bfc5.jpg,,,PET_SUPPLIES,,,,,
71dVYE1BuFL,cb/cbfd544d.jpg,,,PET_SUPPLIES,,,,,
81rGiGO898L,76/765a129d.jpg,Azul y gris,,PET_SUPPLIES,,Lona,,,
81RysIXF37L,15/15122042.jpg,,,PET_SUPPLIES,,,,,
51gbIgzE2yL,59/5909f328.jpg,,,PET_SUPPLIES,,,,,
91nboUQK2ML,a1/a1ea59a3.jpg,Green,,PET_SUPPLIES,,,100% High Density Polyethylene,,
81+NR3WpSEL,59/5974ea56.jpg,Gris,,PET_SUPPLIES,Scratching Cave,,,,
61uIzWsSlIL,0d/0df7e4e4.jpg,Blu reale,,PET_SUPPLIES,68 cm,,,,
91SK9kFLl8L,bd/bdb35bcc.jpg,Noir,,PET_SUPPLIES,,,,,
A1kfYBCw+eL,a1/a1eaf71e.jpg,GREY,,PET_SUPPLIES,,,,,
71yoVGfcElL,1f/1f461752.jpg,,,PET_SUPPLIES,,,,,
81SCsN+h5TL,ce/ce9b161f.jpg,,,PET_SUPPLIES,,plush,100% Polyester,,
81wxeWNIuFL,37/37258a1a.jpg,గులాబి,,PET_SUPPLIES,,,,,
61gcKfWVEAL,3e/3e0cf3dc.jpg,,,PET_SUPPLIES,,,,,
61ItYrZ+EuL,34/34379c73.jpg,Blue,,PET_SUPPLIES,,,,,
61FjjPkqTBL,f9/f91b3aaa.jpg,,,PET_SUPPLIES,,,,,
91U7pKJz8sL,81/8186fd42.jpg,Grey,,PET_SUPPLIES,Cat Hammock,Plush,,,
91buWldfkpL,37/37620655.jpg,,,PET_SUPPLIES,Welded Outdoor Wire Kennel,,,,
61u0ITE-CCL,52/5228ecac.jpg,,,PET_SUPPLIES,Hormite,,,,
61TFvy5eKTL,d8/d8f9c69d.jpg,beef and spinach,,PET_SUPPLIES,Grainfree,,,,
81GvT-dgLsL,90/90fc59aa.jpg,,,PET_SUPPLIES,,,,,
714+rJOUXtL,55/55777925.jpg,,,PET_SUPPLIES,,,,,
61utpFd5IsL,61/61484ec5.jpg,,,PET_SUPPLIES,1 Pacco,,,,
71ioQf27c-L,e8/e8d08356.jpg,,,PET_SUPPLIES,,,,,
91SFbcDzGeL,22/22d3187d.jpg,,,PET_SUPPLIES,,,,,
91bO-FS-8AL,3d/3df7d5f4.jpg,,,PET_SUPPLIES,Heavy Duty Stackable Pet Kennel with Tray,,,,
71YVXJFNIjL,da/da34745e.jpg,米色,,PET_SUPPLIES,多平台,plush;fleece,,,
812Z8HE-QcL,d9/d9faee7e.jpg,,,PET_SUPPLIES,,,,,
81O3aU-ke3L,75/751e91e9.jpg,,,PET_SUPPLIES,Double,,,,
61KvT4uVvaL,76/76c77bd9.jpg,duck,,PET_SUPPLIES,High protein,,,,
714ZXeAwGJL,0f/0fa6cc13.jpg,,,PET_SUPPLIES,,,,,
51y9MluquML,be/bec96b2b.jpg,,,PET_SUPPLIES,,,,,
71ckrY2443L,95/95d8c793.jpg,,,PET_SUPPLIES,,,,,
81ZUZQncVXL,4e/4e2124b7.jpg,beige,,PET_SUPPLIES,L,,,,
71bBDm9DAZL,a2/a215a5ad.jpg,Gris clair en bois,,PET_SUPPLIES,,,,,
61sW0+VgV6L,63/63f9b191.jpg,Blau und kräftiges Gelb,,PET_SUPPLIES,,,,,
61SJoL3x8VL,65/65924474.jpg,,,PET_SUPPLIES,,,,,
51TjKj6OIyL,9b/9bf66e9e.jpg,,,PET_SUPPLIES,,,,,
A1JJcvGGdYL,af/af6dffb8.jpg,Caqui,,PET_SUPPLIES,,,,,
71Udy9SpVbL,63/63888671.jpg,,,PET_SUPPLIES,,,,,
615PSJf7u4L,cb/cbeff66a.jpg,,,PET_SUPPLIES,,,,,
815t7agrJTL,6d/6d0c8b53.jpg,,,PET_SUPPLIES,,,,,
81CxL3qZAGL,b2/b249dffe.jpg,,,PET_SUPPLIES,,,,,
A1NTocZ1rAL,3b/3be9b647.jpg,BLUE,,PET_SUPPLIES,,,,,
71pqaGms32L,44/4479ec0d.jpg,Beige,,PET_SUPPLIES,Small,,,,
81gB2EGvq0L,11/11430718.jpg,,,PET_SUPPLIES,Healthy Weight,,,,
91mqPXJY2OL,4d/4d3cf1e7.jpg,Beige,,PET_SUPPLIES,,,100% Polyester,,
41HTRqhp0DL,b7/b7cb8f34.jpg,,,PET_SUPPLIES,,,,,
91-HUT+yABL,bb/bb4f8d37.jpg,,,PET_SUPPLIES,Small Biscuit,,,,
51bC1yDiSRL,59/59cf11e0.jpg,bruin,,PET_SUPPLIES,,,,,
81kSDjUPuNL,91/91924a6d.jpg,0,AMZLS-006b-black_PARENT,PET_SUPPLIES,0,,,,
611y9cpt8DL,fe/fe629c0d.jpg,Dark Grey,,PET_SUPPLIES,Middle Hammock,,,,
614xbeL3OML,b1/b1ef0929.jpg,,,PET_SUPPLIES,,,,,
61K34myAlIL,3c/3cd7ef8c.jpg,,,PET_SUPPLIES,,,,,
91ll1KBBxOL,81/81f23554.jpg,,,PET_SUPPLIES,,,,,
81Frh6JCc7L,5c/5c472762.jpg,黑色,,PET_SUPPLIES,Jaula inferior de lona para mascotas,"Leinen, Eisendraht",,,
71WgHnZShvL,c5/c5fe716e.jpg,,,PET_SUPPLIES,,,,,
61BeFb5yVhL,e0/e00cf31b.jpg,灰色,,PET_SUPPLIES,スクラッチポスト,,,,
614F1Xy5B1L,0f/0f4e5a15.jpg,Light Grey,,PET_SUPPLIES,Step Ladder,,,,
61LlTBOKZLL,b0/b0678171.jpg,lamb,,PET_SUPPLIES,High protein,,,,
81Inor81nWL,9a/9a3621c8.jpg,Gris,,PET_SUPPLIES,Cama para mascotas,,,,
51jlH+Ynh+L,c1/c15f7d2d.jpg,,,PET_SUPPLIES,,,,,
61Gt8T8WSUL,f5/f56d92cc.jpg,duck,,PET_SUPPLIES,High protein,,,,
81PdGctVxyL,0d/0d72b7d4.jpg,Green,Dental Chews,PET_SUPPLIES,,,,,
81lwRIzqQ3L,68/6888ecf8.jpg,,,PET_SUPPLIES,,,,,
51RZG+7L3jL,79/79ea9eee.jpg,,,PET_SUPPLIES,,,,,
61NRARi8B4L,a3/a3d76055.jpg,ブルー,,PET_SUPPLIES,"Elevated Portable Pet House - Medium, Blue",,,,
91ob78a2jUL,e4/e400f68c.jpg,Grey,,PET_SUPPLIES,,,,,
51VFXx0H4rL,c7/c79acbc6.jpg,,,PET_SUPPLIES,,,,,
71VhWB4qApL,e5/e522d340.jpg,beige,,PET_SUPPLIES,Multi-Plattform,,,,
61hKxFMrvKL,63/63491a14.jpg,Beige,,PET_SUPPLIES,,,,,
61q+hFJ9wlL,cf/cfff73dd.jpg,Bleu,,PET_SUPPLIES,,,,,
91trlS766cL,7c/7c35161f.jpg,灰色,,PET_SUPPLIES,89 cm x 112 cm,100% 聚酯,100% 폴리에스터.,,
71I++iNZH7L,ec/ec360b8b.jpg,ホワイト,スリム キャットケージ,PET_SUPPLIES,,,,,
51jVIYulxNL,da/da82ecd7.jpg,,,PET_SUPPLIES,,,,,
71htc++GQFL,0b/0b552b3d.jpg,Stivaletti da pioggia zebrati - Bambini,,PET_SUPPLIES,Cubo a doppi lati,,,,
71MqIhI58aL,6f/6f565096.jpg,,,PET_SUPPLIES,,,,,
91UcvN7eT8L,ec/ec9adcc4.jpg,Grey,,PET_SUPPLIES,,,,,
61Mbb0Ld5nL,5e/5ec4e617.jpg,donkergrijs,"AmazonBasics Cat Tree with Condo - Small, Dark Grey",PET_SUPPLIES,Middelgrote hangmat,,,,
81AGKphS3rL,84/84f3ba50.jpg,,,PET_SUPPLIES,,,,,
712jd5fTdwL,8c/8c5044b0.jpg,,,PET_SUPPLIES,,,,,
810GL2Z9qhL,7a/7a84d4c8.jpg,,,PET_SUPPLIES,,,,,
615rRApwqCL,56/56b7e8bd.jpg,,,PET_SUPPLIES,,100% Polyester,100% Polyester,,
61Z5A4AFvmL,b8/b8a448bb.jpg,Teal,,PET_SUPPLIES,,,,,
81bhdlHNwFL,dc/dc47b3a3.jpg,,,PET_SUPPLIES,,,,,
71skErcqPAL,9e/9e79d244.jpg,,,PET_SUPPLIES,,,,,
81uzVG1fi2L,78/781c4c18.jpg,,,PET_SUPPLIES,,,,,
518LHzMkMZL,66/6640ff9a.jpg,,,PET_SUPPLIES,,,,,
61V5Loram0L,3b/3bf4ca83.jpg,SVART,,PET_SUPPLIES,,,,,
71I3rRzKg0L,1d/1d43ef79.jpg,,,PET_SUPPLIES,,,,,
91cObUVvH1L,86/8697dfe1.jpg,Negro,,PET_SUPPLIES,Puerta individual,Metal,,,
61B9RsF-1YL,3f/3f587020.jpg,,,PET_SUPPLIES,,,,,
7180tYwQrPL,ca/ca51acf5.jpg,,,PET_SUPPLIES,,,,,
51zTuyhhccL,80/8081cbdb.jpg,yellow,,PET_SUPPLIES,,,,,
814W5ruzwpL,46/467cfb62.jpg,Beige,,PET_SUPPLIES,,medium density fibreboard,,,
71qrKwL7fZL,57/57e90648.jpg,Beige,,PET_SUPPLIES,,,,,
71DqiOKBwDL,9a/9afcc5e1.jpg,Blue,,PET_SUPPLIES,"Elevated Portable Pet House - Small, Blue",,,,
81GUeFHKIAL,47/472454d0.jpg,Beige,,PET_SUPPLIES,Triple Scratching Posts,,,,
912VXfmjM1L,63/633047b7.jpg,Grey,,PET_SUPPLIES,,,100% High Density Polyethylene,,
81M1YYfLC-L,fc/fc91eb6c.jpg,,,PET_SUPPLIES,,,,,
81YXRsJQvYL,23/23f01a6a.jpg,,,PET_SUPPLIES,,,,,
71s1LLbcEbL,da/dab4b441.jpg,Gray,,PET_SUPPLIES,Small,,,,
71HDXyAZmML,89/89854417.jpg,,,PET_SUPPLIES,,,,,
91-sex-5fyL,39/39195c57.jpg,,,PET_SUPPLIES,Heavy Duty Stackable Pet Kennel with Tray,,,,
715u-OuxqtL,4d/4d90dd20.jpg,,,PET_SUPPLIES,Condo giocattolo girevole,,,,
717ng7MqS9L,0c/0ccc0946.jpg,,,PET_SUPPLIES,Cover for 3-Tier Cat Playpen,,,,
81JcbkWAN1L,d6/d601e168.jpg,,,PET_SUPPLIES,,,,,
8144JvSlkYL,66/66b5289d.jpg,Schwarz,,PET_SUPPLIES,Doppeltür,,,Single,
719Lx7U6suL,23/2390f01e.jpg,,,PET_SUPPLIES,150 total,,,,
61e5W2rth-L,dc/dcefba3e.jpg,gris,,PET_SUPPLIES,Poste de rascar,,,,
81a040qdnQL,8e/8ec16bee.jpg,,,PET_SUPPLIES,Grain Free Salmon,,,,
81j4wQrJmqL,e6/e61b9d38.jpg,,,PET_SUPPLIES,Tri-Fold Plastic Pet Ramp,,,,
91haGHZ-w1L,50/5058ec3f.jpg,,,PET_SUPPLIES,,,,,
61-WNsoK3XL,2a/2a957125.jpg,Grigio,,PET_SUPPLIES,,,,,
51Yy0Lo6RKL,56/5668356f.jpg,,,PET_SUPPLIES,,,,,
810htZu-eAL,51/51882b68.jpg,Beige,,PET_SUPPLIES,Small,,,,
81e8ZwbIYTL,ad/ad6bdc4a.jpg,多色,紙製猫砂,PET_SUPPLIES,紙製,,,,
A1eIrqq9MmL,5f/5fe8e864.jpg,Purple,,PET_SUPPLIES,,,,,
51pRpvNeM2L,32/32057fab.jpg,,,PET_SUPPLIES,,,,,
71m-YZevLfL,bc/bc4efc74.jpg,,,PET_SUPPLIES,"Pinza de sujeción, mandíbula",,,,
810j4EcQeLL,3d/3d4d2f5d.jpg,Grigio,,PET_SUPPLIES,,,,,
81tjvLZjt4L,0c/0c2870ed.jpg,Marrón (Brown Flannel),,PET_SUPPLIES,,,,,
614SAJWSwlL,24/244ebf43.jpg,bruin,"AmazonBasics Premium Cat Scratching Post - Large, Brown",PET_SUPPLIES,Hoogwaardige krabpaal,,,,
71fG9PItjhL,1e/1e415de9.jpg,Beige,,PET_SUPPLIES,Scratching Post,,,,
41pDGf27V4L,bb/bba1da99.jpg,,9429,PET_SUPPLIES,Dog Food,,,,
61eaUsAARaL,6d/6d2161ce.jpg,,,PET_SUPPLIES,Square - Large,,,,
81+GzLcUt1L,a9/a9facfe0.jpg,Blue and Grey,,PET_SUPPLIES,,foam,,,
71mvXGX8FcL,1e/1e7a377a.jpg,,,PET_SUPPLIES,,,,,
610FBnry1nL,af/af59cf14.jpg,,,PET_SUPPLIES,,,,,
81yrWCiNxiL,ac/ac5f3c69.jpg,绿色,,PET_SUPPLIES,,,,,
41Jc8OXj0fL,c7/c703857a.jpg,,,PET_SUPPLIES,,,,,
61ZQCeXeWbL,f8/f8247ac5.jpg,,,PET_SUPPLIES,Round,Plush,100% Polyester,,
81y0SHlNfiL,d1/d147838f.jpg,,,PET_SUPPLIES,,,,,
51nJkAh8NJL,9c/9ce61519.jpg,,,PET_SUPPLIES,,,,,
81i9FHzRmnL,e0/e0ce8089.jpg,,,PET_SUPPLIES,,,,,
71bAOcvHzJL,b1/b12e766f.jpg,Beige,,PET_SUPPLIES,,,,,
51-rvJcq11L,1f/1f133d4e.jpg,Dark Brown,,PET_SUPPLIES,Steps,,,,
81ACwZ7lAqL,7b/7b7b4f8e.jpg,,,PET_SUPPLIES,,,,,
81kMd4Y8fAL,3a/3a33c088.jpg,Beige,"AmazonBasics Cat Tree with Cave - Large, Beige",PET_SUPPLIES,Step Ladder,natural jute fiber,,,
71tPAKyp+oL,f5/f576cc36.jpg,,,PET_SUPPLIES,Chicken & Rice,,,,
61UVrvXNYdL,9f/9f81abef.jpg,Royal Blue,,PET_SUPPLIES,Small,,,,
61UzjukYK0L,9d/9df034aa.jpg,,,PET_SUPPLIES,,,,,
61IkNpqj6uL,65/65d6fdc1.jpg,duck and cranberry,,PET_SUPPLIES,Grainfree,,,,
71--BNXg6GL,d2/d2e6ad70.jpg,,,PET_SUPPLIES,Chicken Flavor,,,,
91uQ9OZ8YjL,f1/f1859270.jpg,Brown,,PET_SUPPLIES,,,,,
611ITcwGAsL,84/8496ac60.jpg,米色,AmazonBasics Cat Tree with Dual Caves - X-Large,PET_SUPPLIES,Dual Condo,natural jute fiber,,,
818j8TdsENL,b3/b3017bbd.jpg,White and Black,,PET_SUPPLIES,,,,,
81-cK05Q1FL,ef/ef31c2b7.jpg,,,PET_SUPPLIES,,,,,
91RxlMauyyL,74/74bfb7a2.jpg,,,PET_SUPPLIES,Large Biscuit,,,,
61rBR-oqS2L,2a/2a54a56b.jpg,,,PET_SUPPLIES,,,,,
91VbJy0kUpL,2b/2b26c3e2.jpg,多色,木製の消臭猫砂,PET_SUPPLIES,木製,,,,
51zXeowCw6L,a3/a3bb748c.jpg,,,PET_SUPPLIES,,,,,
81vFHO6aRPL,9c/9c5fdb23.jpg,グレー,,PET_SUPPLIES,ケージ本体,,,,
81ogDXokkhL,1a/1a5b2b47.jpg,,,PET_SUPPLIES,,,,,
71xl45znKeL,5e/5e2f4a27.jpg,,,PET_SUPPLIES,,,,,
71AsD2UiwEL,01/0130fb68.jpg,,,PET_SUPPLIES,,,,,
912Pl0WCnrL,57/57914e64.jpg,Khaki,,PET_SUPPLIES,,,,,
61XM9UNz2DL,f3/f36b1dd9.jpg,roze,,PET_SUPPLIES,,,,,
A13fAL3o-ML,be/bec47122.jpg,Grey,,PET_SUPPLIES,,,,,
71uulP2ouWL,98/98705955.jpg,,,PET_SUPPLIES,,,,,
51RM8zKv8lL,a1/a14824bd.jpg,,,PET_SUPPLIES,,,,,
51oi4ZFO76L,73/735956e2.jpg,,,PET_SUPPLIES,,,,,
91yL27PLPwL,19/19c75eb7.jpg,,,PET_SUPPLIES,,,,,
A19CdKpS9dL,b6/b625c0ee.jpg,BLUE,,PET_SUPPLIES,,,,,
61FrHUo7S6L,fb/fb36fd2f.jpg,turkey,,PET_SUPPLIES,High protein,,,,
81DTMA09EVL,8c/8cf14e26.jpg,,,PET_SUPPLIES,,,,,
811gVzzp87L,e6/e66e97c6.jpg,GRÅ,,PET_SUPPLIES,1-pack,,,,
81vaWHrLMkL,b7/b7cc2cf3.jpg,,,PET_SUPPLIES,,,,,
91cNEtq-dbL,e1/e1733248.jpg,Green,,PET_SUPPLIES,,,100% polyester,,
61vPhAoVQPL,35/358b62a9.jpg,pink&orange&green,,PET_SUPPLIES,,,,,
81p+1p6vcdL,52/5251ad23.jpg,Grey,,PET_SUPPLIES,,,100% High Density Polyethylene,,
71-974IjXkL,61/61dea02b.jpg,Stivaletti da pioggia zebrati - Bambini,,PET_SUPPLIES,X-Large,,,,
91xsdvx6fhL,28/28636df8.jpg,,,PET_SUPPLIES,,tyg,,,
71AvEqe4msL,4f/4f672622.jpg,,,PET_SUPPLIES,,,,,
81Uq7rWZYEL,c4/c4811b91.jpg,蓝色,,PET_SUPPLIES,,帆布,,,
71WB3rKXbxL,b1/b19faa55.jpg,,,PET_SUPPLIES,,,,,
71C5ULRhWpL,25/25068a2c.jpg,Green,,PET_SUPPLIES,,,,,
61c+Rmg2bSL,1d/1d58df59.jpg,Beige,AmazonBasics Cat Tree Furniture - Large,PET_SUPPLIES,Hängematte,Natürliche Jutefaser,,,
815WCTaIXeL,fa/faac35ed.jpg,Black,,PET_SUPPLIES,,,,,
711OIuziC2L,2d/2dcd4ad7.jpg,,,PET_SUPPLIES,,,,,
81+967yo-WL,aa/aa7926c9.jpg,"Infradito colorati estivi, con finte perline",,PET_SUPPLIES,,,,,
71SY5XVsp1L,85/85f7d03e.jpg,,,PET_SUPPLIES,,,,,
61mBXZiwiwL,ab/ab159a4e.jpg,,,PET_SUPPLIES,1個セット,,,,
71neiE25sXL,ca/caf840e4.jpg,हरा,,PET_SUPPLIES,Honeycomb,,,,
71rMd9vxjHL,70/703c9399.jpg,,,PET_SUPPLIES,Chicken Flavor,,,,
61AosarK6DL,23/23b34597.jpg,Blue,,PET_SUPPLIES,,,,,
61nw9RHBafL,e4/e48b5ea8.jpg,2-Knots Rope + Rubber Ball,,PET_SUPPLIES,,,,,
81L6Sf-F8-L,24/2478c9df.jpg,,,PET_SUPPLIES,,,100% polyester fill cushion and bolster,,
91mM9uloiPL,ed/edbf2da0.jpg,Verde,,PET_SUPPLIES,Coperchio di ricambio,,,,
81GgxJmBayL,1d/1ddfc73e.jpg,Purple,,PET_SUPPLIES,Pet Activity Center and Feeder,,,,
815ExEDKtHL,d2/d2e59be4.jpg,,,PET_SUPPLIES,,,,,
81V2PVGqc-L,0b/0b4c94f4.jpg,,,PET_SUPPLIES,Single,,,,
61jPjdJe9hL,86/8644035e.jpg,skyblue&orange&green,,PET_SUPPLIES,,,,,
61qzUnkB5pL,84/84e4feb3.jpg,Grey,"AmazonBasics Cat Scratching Post with Platform Bed, Large",PET_SUPPLIES,Grey Scratching Post,,,,
81qfO8WVpQL,ce/cee371fd.jpg,,,PET_SUPPLIES,Cubierta superior de malla para bolígrafo de plástico para mascotas.,,,,
61oJEbhEknL,73/73203a77.jpg,,Multi-Bites,PET_SUPPLIES,,,,,
71IkthQYGdL,cd/cd1f243a.jpg,,,PET_SUPPLIES,Litter Scoop with Waste Bag Dispenser,,,,
91zFSiVxDUL,58/58ee94ce.jpg,,,PET_SUPPLIES,med dörr,,,,
61+PwCU2HbL,4a/4a3a5910.jpg,Brown,,PET_SUPPLIES,,,,,
813D6acTpRL,93/9333fc73.jpg,,,PET_SUPPLIES,Metal Vent,,,,
71vLtESAhdL,5f/5ffa531d.jpg,,"Solimo Premium Hip & Joint, Joint Health Supplement for Dogs, 90 Chews",PET_SUPPLIES,,,,,
81dyyZUnifL,5a/5aa4db05.jpg,Beige,9015-2-BE,PET_SUPPLIES,2-Panel Extension Kit,,100% Plastic,,
71oVQWb4jtL,b2/b2e873ba.jpg,,,PET_SUPPLIES,Cuchara para desechos con soporte,,,,
913jGTqnuFL,cb/cbcfe106.jpg,Verde,,PET_SUPPLIES,Cama para mascotas,,,,
71M0onIggsL,82/8247aabc.jpg,蓝色,"AmazonBasics Elevated Portable Pet House - Large, Blue",PET_SUPPLIES,"Casa para mascotas elevada, portátil, grande, azul",,,,
61KVTioGgNL,b6/b6ebcaa0.jpg,Dark Brown,,PET_SUPPLIES,Tunnel and Platform,,,,
71AXkIoiGPL,75/75289cb7.jpg,,,PET_SUPPLIES,Tris,,,,
71Zyf6SzQ6L,84/84db7c66.jpg,Green,,PET_SUPPLIES,,,,,
71JjPMLwg9L,c5/c581702a.jpg,Wood,AmazonBasics Wooden Cat Furniture,PET_SUPPLIES,Triple Post,,,,
31iiFptCS8L,44/448354a3.jpg,,,PET_SUPPLIES,Welpentoilette 65 x 55cm mit Trainingsunterlagen,,,,
81m-b2nzZsL,b2/b2ba215d.jpg,,,PET_SUPPLIES,,,,,
A1eqRQYzM-L,ca/cad14c61.jpg,Red,,PET_SUPPLIES,,,,,
71gXPfHjn8L,c2/c2bdd4aa.jpg,,,PET_SUPPLIES,,,,,
71pOyFv9msL,82/82db8308.jpg,,,PET_SUPPLIES,,,,,
912tLFxFCiL,2a/2a4ddb35.jpg,Green,,RUG,Modern,,,geometric,Runner
A1+iPUSQWAL,90/9014e4e0.jpg,,,RUG,Transitional,silver,"49% Polyester, 29% Polypropylene, 16% Jute, 6% Cotton",Geometric,Rectangular
A1Thw22NEbL,2b/2b1a39bf.jpg,,,RUG,Contemporary,stone,Polypropylene,,
A1h6hNt2oWL,f1/f1f5a395.jpg,,,RUG,Transitional,wool,"80% Wool, 20% Cotton",Geometric,Rectangular
A19ATg+NUmL,20/204b09e4.jpg,铜色,,RUG,0,铜,,,Runner
A1+EwZpi-aL,1e/1e69ef34.jpg,Dark Navy,,RUG,,"70% Jute, 30% Cotton",,,Rectangular
B15qWHFkthS,c0/c02d0bf8.jpg,Grey,,RUG,Gray,stone,Polypropylene,,Round
91csfZTCFHL,44/4465d995.jpg,Grey/Blue,,RUG,Transitional,Polyester,,,Rectangular
9140Pkb1d6L,3c/3c8a713f.jpg,"Blue, Ivory",,RUG,Blue/Ivory,wool,,geometric,
A1CF0eIWORL,73/73660930.jpg,Silver,,RUG,0,silver,,,Rectangular
A1-iOdeRXGL,16/1630845f.jpg,Ivory/Blue,,RUG,,Polypropylene,,Floral,Rectangular
91sGqq8UluL,43/4395ca9f.jpg,Beige,,RUG,Standard Pile Solid,Polypropylene,,0,Rectangular
A1wU8POB7FL,7d/7dfc929f.jpg,Blue,,RUG,,Polypropylene,,,Rectangular
A1HcabLwaHL,b8/b8b18c20.jpg,Navy Blue,,RUG,Modern,80% Wool 20% Cotton,,,Rectangular
A1o41E7bDWL,7a/7a26e036.jpg,Beige,,RUG,High Pile Solid,Polypropylene,,,Rectangular
A12HdSAgByL,17/17d74cfc.jpg,Oatmeal,,RUG,Oatmeal,jute,,,Runner
A1v2sl7VzWL,1a/1a952e33.jpg,,,RUG,Contemporary,Polypropylene,Polypropylene,,Rectangular
A151MuSD+oL,14/1475ed3e.jpg,Dark Grey,,RUG,Modern,stone,,Oriental,Rectangular
91lDriQHMOL,6d/6dbeecb3.jpg,Grey,,RUG,Transitional,polyester,,,Rectangular
A1uBUhxdUGL,1b/1b8771d4.jpg,네이비,,RUG,海军蓝,聚丙烯,폴리프로필렌,,Rectangular
912DiqNTYAL,74/743ecf75.jpg,Ivory,,RUG,High Pile Solid,Polypropylene,,,Rectangular
A1B+dijBhlL,2e/2e474d81.jpg,Grey,,RUG,Modern,wool,,,Rectangular
A1k3IVNmhcL,14/14e74f96.jpg,Blue,,RUG,Modern,stone,,,Rectangular
A1UwGfysxhL,9b/9bb61050.jpg,Light Blue,,RUG,Modern,wool,,,Rectangular
A1yZG8uasJL,52/52f369b0.jpg,Steel,,RUG,Modern,steel,,Geometric,
91sHyw+RGaL,14/147fc42b.jpg,,,RUG,Modern,stone,,,Rectangular
A1ecD9DJMiL,e7/e738d67f.jpg,Off White,,RUG,Vapor,jute,,,Rectangular
A1KXGR2hXnL,3e/3ee421b0.jpg,Ivory/Pink,,RUG,,,,,Rectangular
A1ckkRCfrYL,d1/d1a80306.jpg,Champagne,,RUG,,jute,,Solid,Rectangular
A12TUei5hJL,d6/d6ac9f88.jpg,Ivory/Dark Gray,,RUG,Contemporary,wool,,floral,
91b8hezIKOL,3e/3e39ce34.jpg,Ivory,,RUG,Moroccan Trellis Pattern,Polypropylene,,moroccan,Rectangular
914ospfAjTL,84/8433c02e.jpg,Beige,,RUG,Moroccan Trellis Pattern,Polypropylene,,moroccan,Rectangular
A17VIFDAlpL,fb/fb34df82.jpg,Ivory/Pink,,RUG,,,,,Rectangular
91HNhyZ+bWL,13/13d62e43.jpg,Grey,Amazon Basics Rug,RUG,Area Rug,Polypropylene,100% Polypropylene,Solid,Rectangular
91BmTVAV3LL,4c/4ca42681.jpg,Grey,,RUG,Transitional,Polyester,,,Rectangular
A1SM4aWOHZL,b1/b18aa2b0.jpg,Marfil/Spa,,RUG,农舍,灰石色,,스트라이프,Rectangular
A17rHEaYmxL,06/06ed01ef.jpg,Ivory,,RUG,High Pile Solid,Polypropylene,,,Rectangular
A1khZo5CdNL,21/21bcc358.jpg,,,RUG,Modern,stone,,,Rectangular
A1FSKuuoM2L,85/85e6f914.jpg,,,RUG,floral,wool,,floral,Rectangular
A1HeHey+dYL,47/47cfcec9.jpg,,,RUG,Bohemian,stone,,,Rectangular
81FQEA9sVKL,7a/7ada2f82.jpg,"Blue, Gray, Ivory",,RUG,,cotton,,geometric,Rectangular
A1sCUa6f5oL,d6/d612b037.jpg,Marfil/Spa,,RUG,农舍,灰石色,,条纹,Rectangular
917fJ08OZlL,fc/fcf476e8.jpg,Ivory/Grey,,RUG,,,,medallion,Rectangular
A1T3bnqcoQL,7f/7fe65f78.jpg,,,RUG,,wool,,,Runner
A12K95dJlOL,08/08edec16.jpg,Taupe,,RUG,Modern,wool,,,Rectangular
A1uiJ-lzvOL,a4/a44f0cc2.jpg,Cream,,RUG,Traditional,Sintético,,,
A1xWU+idF3L,e5/e5a97eb8.jpg,Grey,,RUG,Gray,Polypropylene,Polypropylene,,Round
A1kfEfwbLVL,a3/a3fca6bd.jpg,Ocean,,RUG,Contemporary,stone,,,
A1+sb41vmFL,01/01ca3a73.jpg,Navy,,RUG,Modern,wool,,Checkered,Rectangular
A121c9wLhJL,1a/1a70bb36.jpg,Sand,,RUG,,"70% Jute, 30% Cotton",,,Rectangular
A1MPeQF3PrL,db/db4ad3bd.jpg,Grey,,RUG,,,,,Rectangular
A12J7NlM+gL,04/046dc2f8.jpg,Rust,,RUG,Contemporary,wool,,,Rectangular
A1ZNU5+r3LL,09/090cd8e3.jpg,חום בהיר,,RUG,Contemporary,Yute,,,Rectangular
9182spQW8ML,05/053ab777.jpg,Blue,,RUG,Transitional,wool,,Geometric,
A1zRt+ECAfL,2b/2ba86065.jpg,,,RUG,,stone,,,Rectangular
A1vWbcN7M6L,84/843ee728.jpg,,,RUG,,wool,,Striped,
A182DGLPmrL,5b/5b7b6e14.jpg,Ivory/Grey,,RUG,,,,floral,Rectangular
A1E+HZ4tFxL,8a/8a18c4d8.jpg,,,RUG,Farmhouse,wool,,paisley,Runner
A1ULezEa76L,4a/4a4db9b4.jpg,Marfíl,,RUG,,Polyester,,,
A1hxv+QyHFL,c3/c3278262.jpg,Taupe,,RUG,Contemporary,wool,,,Rectangular
A1uCSewTUuL,ad/ad159e9a.jpg,"Black, Gray, White",,RUG,Farmhouse,stone,,Plaid,Rectangular
A1nQyplOGAL,8b/8b57af33.jpg,Navy,Rikki Braided Border Jute,RUG,Contemporary,jute,,,
A1wXGwn0AUL,14/14fea4fc.jpg,Blue,,RUG,Modern,stone,,,Rectangular
A10NnmWaMxL,52/526208f0.jpg,Ivory/Gray,,RUG,Bohemian,Cotton,,Geometric,Rectangular
A1yz3ZpEpJL,33/335cded5.jpg,,,RUG,Modern,,,moroccan,
A14NHw77OlL,a2/a221a5c9.jpg,,,RUG,Transitional,wool,"80% Wool, 20% Cotton",Geometric,Rectangular
91Q5CDNRpbL,50/50c05be5.jpg,,,RUG,Transitional,wool,"80% Wool, 20% Cotton",Geometric,Rectangular
A1Dt9RzAH9L,de/de0d2e96.jpg,Charcoal,,RUG,Charcoal,jute,,,Rectangular
A18DmpPtdkL,d0/d0b41651.jpg,Char,,RUG,Transitional,sisal,,镶粗边,Rectangular
91Q+o8rgrUL,63/639fdd09.jpg,Grey/White,Amazon Basics Rug,RUG,Area Rug,Polypropylene,100% Polypropylene,Trellis,Rectangular
A1PhusLSaYL,5d/5d307233.jpg,,,RUG,Contemporary,stone,,Geometric,Rectangular
91CXvfJNaNL,87/87c61bfa.jpg,Citron,,RUG,Citron,jute,,,Rectangular
A11tNiF6IgL,cb/cbc47d7c.jpg,Chestnut,,RUG,,wool,,,Rectangular
A10zWfDG4FL,4e/4e931073.jpg,Teal/Sun,,RUG,Traditional,Piedra,,几何,
A1vLJpJ7cwL,b2/b2c01a71.jpg,Orange/Navy,,RUG,Bohemian,Cotton,,Geometric,Runner
A1LDBzAnGhL,2f/2fa1d39f.jpg,炭黑色,,RUG,现代,羊毛,,,Rectangular
A1vSjpDbdPL,5b/5b2b049b.jpg,Green,,RUG,,wool,,geometric,Rectangular
A1sCaS5P63L,33/336f1651.jpg,Sky Blue,,RUG,,wool,,geometric,Rectangular
A1MUobjqy6L,e4/e41fc8e2.jpg,Denim Blue,,RUG,Modern,wool,,,Rectangular
A1zXdMZhitL,1e/1ea0d4df.jpg,Ivory/Grey,,RUG,农舍,灰石色,,스트라이프,Rectangular
A14NmVxaIuL,f7/f7b38548.jpg,Pink,,RUG,Bohemian,Lana,,花香,Runner
A10WqEhBpiL,f5/f5bc9c90.jpg,,,RUG,Contemporary,wool,"80% Wool, 20% Cotton",Geometric,
A1RkA54kfZL,dd/dd7ded62.jpg,Dusty Blue,,RUG,Contemporary,"80% Wool, 20% Cotton",,,Runner
A1zIQrmbB8L,39/39eae516.jpg,Gold & Blue,,RUG,Traditional,"Pile: 55% Polypropylene/45% Polyester, Backing: 100% Jute",,Floral,
A1TW4-RuZrL,e6/e6d00466.jpg,Oatmeal,,RUG,Oatmeal,jute,,,Rectangular
A16avKijjOL,3d/3d6b4377.jpg,Taupe,,RUG,Modern,wool,,,Rectangular
91TOZYUKSvL,ae/ae59b0bb.jpg,Light Blue,,RUG,Transitional,Polyester,,,Rectangular
A12TYP7vooL,d2/d224cd78.jpg,,,RUG,Bohemian,stone,,,Rectangular
A1hCTqgl4OL,a8/a8b226d1.jpg,Aegean Blue,,RUG,Agean Blue,jute,,,Runner
A1f1YAIqFFL,ea/eaf1f936.jpg,Silver,,RUG,Contemporary,silver,,ikat,Rectangular
911VgwpAnWL,42/429b6697.jpg,,,RUG,Modern,stone,,,Rectangular
A1MSfz25rQL,b3/b3570b5d.jpg,Grey/Blue,,RUG,Transitional,polyester,,,Rectangular
A1pWnBt3TcL,1c/1c48643f.jpg,Steel,,RUG,Modern,steel,,Geométrico,
A17lZzEmroL,10/10f20e88.jpg,Dark Green and Blue Highlighted By a Cream,,RUG,,wool,,medallion,Rectangular
A1Jg1xXjItL,a8/a89fb7f3.jpg,,,RUG,Transitional,wool,"80% Wool, 20% Cotton",Geometric,Rectangular
A10yH33wCoL,b5/b5514d9c.jpg,Beige,,RUG,Modern,stone,,Striped,Rectangular
A16qZY1p+iL,95/952bc879.jpg,,,RUG,Transitional,wool,"80% Wool, 20% Cotton",,Rectangular
A1L8ERwmabL,8e/8e0b0a0c.jpg,,,RUG,Contemporary,polyester,"80% Polyester, 20% Polypropylene",Striped,
A133MONKrZL,7c/7cd104a9.jpg,חום,,RUG,Modern,Lana,,Ombre,Rectangular
A1UhviPdOUL,68/6898bfcf.jpg,Ivory/Pink,,RUG,,,,,Rectangular
A1i2v8aHxwL,77/77e6e447.jpg,Seafoam,,RUG,Contemporary,wool,,,Runner
A1E6IJ+SckL,fa/fa8031e4.jpg,Grey,,RUG,Gray,Polypropylene,Polypropylene,,Runner
A1fuciyo6OL,3f/3f694445.jpg,Ivory,,RUG,Transitional,sisal,,镶粗边,Rectangular
A1psxNnd8eL,c6/c6b0c6e5.jpg,Dark Navy,,RUG,,jute,,,
A1t1+rwKY4L,1f/1f32b9fd.jpg,粉红色,,RUG,传统,聚丙烯,Polypropylene Blend,,Rectangular
A1EP7nf0OyL,42/42917d1a.jpg,Navy,,RUG,Navy,Polypropylene,Polypropylene,,Runner
A1Y91lJN+ML,84/84d46503.jpg,Red,,RUG,Transitional,wool,,estampado,Rectangular
A11sl6PTWGL,07/070612c6.jpg,Taupe,,RUG,Contemporary,wool,,floral,Rectangular
A1n+t6S74LL,b9/b951cbad.jpg,Ivory/Navy,,RUG,农舍,灰石色,,스트라이프,Rectangular
A1GYfEqG-GL,9b/9bd9942b.jpg,Ivory Blue,,RUG,Traditional,stone,,Medallón,Runner
A15ve60TBkL,ef/ef57f9d7.jpg,,,RUG,Modern,stone,,,Rectangular
A11RKxuttTL,63/6375f282.jpg,Grey,,RUG,Transitional,Sisal,,镶粗边,Rectangular
A198DYztxOL,dc/dc4993a9.jpg,Beige & Silver,,RUG,Transitional,Cuero,,Rayado,Rectangular
B1Ee+YdXk5S,0c/0c5e07d5.jpg,Grey,,RUG,Grey,,,,Rectangular
A1rQjS2oNwL,37/376dbdf3.jpg,Brown,,RUG,Contemporary,wool,,,Rectangular
A1PjxRbTddL,11/1191417b.jpg,Tan Multi,,RUG,Contemporary,80% Wool 20% Cotton,,,
A1SkEZZFKtL,3d/3d172f30.jpg,Green/Cream,,RUG,Contemporary,Cotton,,Geometric,Rectangular
A1OUiejSTdL,00/00197a58.jpg,Silver Birch,,RUG,Silver Birch,silver,,,Rectangular
91DFljdht9L,73/7332fc9a.jpg,,,RUG,Transitional,polyester,"49% Polyester, 29% Polypropylene, 16% Jute, 6% Cotton",Geometric,Runner
A1a-ycipZXL,c7/c7e3daca.jpg,Taupe,,RUG,Modern,80% Wool 20% Cotton,,,Rectangular
A1vnZUhIhqL,8e/8e9aa486.jpg,Grey,,RUG,Transitional,polyester,,,Rectangular
91iyc7DipRL,9c/9cfc0468.jpg,Beige,,RUG,Moroccan Trellis Pattern,Polypropylene,,moroccan,Rectangular
91Q17spV7EL,21/21de4cf8.jpg,Green Leaf,,RUG,Transitional,Polyester,,leaf,Rectangular
A1f8Y+wos1L,7f/7f2865f6.jpg,Grey,,RUG,Gray,Polypropylene,Polypropylene,,Round
91WmasVLMVL,3a/3a741af6.jpg,"Blue, Ivory",,RUG,Modern,,,geometric,Rectangular
A19ybTZSpXL,99/996942c5.jpg,Beige,,RUG,Standard Pile Solid,Polypropylene,,0,Rectangular
A1BlpW8UF0L,a2/a2148461.jpg,Ivory/Blue,,RUG,,,,medallion,Rectangular
91xD+KWzZjL,87/876b6acc.jpg,,,RUG,Transitional,silver,"49% Polyester, 29% Polypropylene, 16% Jute, 6% Cotton",Geometric,Rectangular
A1RCRyBhzPL,ba/ba473771.jpg,Aqua,,RUG,Transitional,Polypropylene,,Floral,Rectangular
A17mh+VXRlL,23/232d2f18.jpg,Ivory/Blue,,RUG,,,,,Rectangular
918xoh4kSBL,dc/dcc1efd6.jpg,Beige,Amazon Basics Rug,RUG,Area Rug,Polypropylene,100% Polypropylene,Solid,Rectangular
91OFQkok4yL,c7/c7920c69.jpg,"Blue, Ivory",,RUG,Modern,,,geometric,Rectangular
91A6eEdnOgL,2d/2de897be.jpg,Beige,Amazon Basics Rug,RUG,Area Rug,Polypropylene,100% Polypropylene,Solid,Rectangular
91byjZGA4VL,36/3639ad73.jpg,,,RUG,Transitional,Wool,,Geometric,Rectangular
A1VjlnQsAoL,33/33ffe044.jpg,Rainbow,,RUG,Modern,wool,,,Rectangular
A1hPR3-gTzL,6c/6c5253df.jpg,Grey,,RUG,High Pile Solid,Polypropylene,,,Rectangular
A1opL5ysMpL,7c/7c8c25eb.jpg,블루,,RUG,现代,羊毛,,,Rectangular
A1lwYTCP0bL,c2/c2e2be03.jpg,Grey/White,Amazon Basics Rug,RUG,Area Rug,Polypropylene,100% Polypropylene,Trellis,Rectangular
91Ki1cSlMTL,ce/ceed1d76.jpg,"Black, Gray, White",,RUG,,stone,,Plaid,Runner
A1CNq0rH6QL,d8/d81fe80b.jpg,Grey,,RUG,Modern,合成物,,estampado,
A12QiYK+LlL,63/63ed45b3.jpg,,,RUG,Transitional,wool,"80% Wool, 20% Cotton",,
A1vq1-hRzQL,39/3970fa16.jpg,Ivory/Blue,,RUG,,,,,Rectangular
91zApGGlZtL,a2/a2e14887.jpg,"Beige, Brown, Orange",,RUG,,stone,,Plaid,Runner
91IKhljJAaL,69/6912387a.jpg,Ivory,,RUG,Standard Pile Solid,Polypropylene,,,Rectangular
A1AKXoajRnL,a0/a002b35b.jpg,Ivory/Grey,,RUG,,,,medallion,Rectangular
A1rmfWhujXL,90/90ca4356.jpg,,,RUG,Contemporary,Polypropylene,Polypropylene,,Rectangular
A16GgUG2W-L,31/31be17e1.jpg,Ivory Blue,,RUG,تقليدي,حجر,,Medallón,
A1baI2P3vpL,8e/8ecfc332.jpg,Denim,,RUG,Traditional,stone,,Floral,
91hksrjCVML,f0/f0f45d06.jpg,Blue,,RUG,Modern,,,geometric,Rectangular
A1O3bwDAbXL,39/39a52159.jpg,Pink/Green,,RUG,Modern,stone,,ikat,
A1bt59HFBYL,28/28096efc.jpg,,,RUG,Transitional,Polyester,,,Rectangular
A1yOF4WDVnL,bd/bd53a881.jpg,,,RUG,Bohemian,stone,,,Rectangular
A1EkNU18dmL,e6/e63956e3.jpg,Marine Blue,,RUG,Contemporary,wool,,,Runner
91SrL0h7OYL,af/af464783.jpg,"Gray, Orange, Blue",,RUG,Modern,stone,,geometric,Rectangular
A1F-7ubGN2L,60/60f1e7d0.jpg,Gray/Charcoal,,RUG,Contemporary,wool,"80% Wool, 20% Cotton",Striped,Rectangular
91oOymz3r0L,fa/fa051ab2.jpg,,,RUG,Modern,wool,,geometric,Round
A1oGw3qHPlL,9b/9ba7f4d8.jpg,Taupe,,RUG,Contemporary,wool,,medallion,Runner
A12UHpQZtiL,ab/abba768a.jpg,Taupe,,RUG,Contemporary,wool,,,Rectangular
A1HK-qWpAAL,ab/ab4001f8.jpg,,,RUG,Modern,Polypropylene,Polypropylene,,Runner
A1l8tZ3JDsL,9a/9a766037.jpg,Red,,RUG,Modern,wool,,,Rectangular
91v+hB0cS5L,80/8069f694.jpg,,,RUG,Transitional,wool,"80% Wool, 20% Cotton",,Runner
A1e+phCx3vL,66/66811672.jpg,,,RUG,Modern,Wool,,,Rectangular
A1GQpHUnORL,46/4666b4ff.jpg,,,RUG,floral,wool,,floral,Rectangular
A1uS3R0x-UL,34/34a6f060.jpg,Taupe,,RUG,Contemporary,wool,,,Rectangular
A18-QIYznBL,f7/f7abc21f.jpg,,,RUG,Farmhouse,stone,,,Rectangular
A1BFpxbX7rL,ef/efe63626.jpg,Taupe,,RUG,,wool,,geometric,Runner
A1yjkcg7y4L,07/07dec45b.jpg,Ivory/Orange,,RUG,Farmhouse,stone,,Striped,Rectangular
A1KZfFIwUaL,e5/e5b83bc3.jpg,Beige,,RUG,Modern,wool,,Floral,Rectangular
91cwf18mh+L,89/89593693.jpg,Beige,,RUG,Transitional,polyester,,,Rectangular
B1SukK71x5S,14/14daa102.jpg,Azul,,RUG,0,Piedra,,,Rectangular
A1Yf8C4sH3L,e2/e2c99071.jpg,بلش,Stonewashed Sunset,RUG,ترانزيشينال,بلاستيك,100% 폴리에스터.,Medallón,Rectangular
91iLrlJxt3L,78/7879f0bb.jpg,Ivory/Pink,,RUG,,,,,Rectangular
A1IoxVrnYLL,97/97ee405a.jpg,Natural,,RUG,Contemporary,jute,,,Rectangular
A1SsLFm420L,24/24534e32.jpg,象牙色/绿色,,RUG,农舍,灰石色,,条纹,Rectangular
81sbJCRbpYL,c0/c05a66c6.jpg,"Blue, Gray, Ivory",,RUG,,cotton,,geometric,Rectangular
91xZDLPP65L,63/630baf44.jpg,"Marfil, rojo, morado.",,RUG,现代,羊毛,,几何,Rectangular
A19GNNzBvoL,54/54e4b681.jpg,,,RUG,Contemporary,stone,Polypropylene,,
91OIP+SJzkL,65/65b6a40c.jpg,Ivory/Blue,,RUG,,,,,Rectangular
A1PTK9aRbBL,c3/c3994f97.jpg,Orange/Blue,,RUG,Bohemian,Cotton,,Geometric,Rectangular
A13yXw4QXOL,0f/0fad0a0f.jpg,,,RUG,Transitional,,"49% Polyester, 29% Polypropylene, 16% Jute, 6% Cotton",Geometric,
A1YPbG305tL,2c/2cc8fc8f.jpg,Brown,,RUG,Contemporary,wool,,,Rectangular
A1DyjPnZrwL,38/3887319a.jpg,Ivory,,RUG,,wool,,geometric,Rectangular
A13ksOeG6vL,ac/ac9fc0f4.jpg,Dusty Blue,,RUG,Contemporary,wool,,,Rectangular
91whUJVWm1L,d5/d5596d78.jpg,Ivory,Amazon Basics Rug,RUG,Area Rug,Polypropylene,100% Polypropylene,Solid,Rectangular
A122L9sVndL,3b/3bd69082.jpg,Beige,,RUG,Contemporary,wool,,ikat,Runner
91O1MSDswqL,b1/b1ff4d03.jpg,,,RUG,Transitional,wool,"80% Wool, 20% Cotton",Geometric,Runner
A16c4JtdFaL,df/df97c302.jpg,,,RUG,Modern,Nylon,,,Rectangular
A1NV-g9bpFL,a8/a8e60193.jpg,"Light Blue, Ivory",,RUG,Light Blue/Ivory,,,,Rectangular
A1NJpQ+q7hL,f5/f5e5e60c.jpg,Navy,,RUG,Modern,wool,,,Rectangular
91M6qN3I5gL,93/93490311.jpg,Cream,,RUG,Bohemian,85% Wool 15% Cotton,,Geometric,
A1l4cEWE2oL,78/7856458e.jpg,,,RUG,,Cotton,,,
A1G3Y8HYDAL,3d/3d4d0cca.jpg,Light Blue,,RUG,Transitional,polyester,,,Rectangular
A1F7HPE3lCL,c9/c9977bf3.jpg,,,RUG,Modern,Cotton,,,Rectangular
A1HhuONopgL,8d/8dc3cbf4.jpg,,,RUG,Contemporary,Polypropylene,Polypropylene,Geometric,Rectangular
B1YGTiiMmHS,4c/4cc7250d.jpg,,,RUG,Traditional,wool,,,Rectangular
A12QF0t26+L,36/36de0b81.jpg,אדום (red),,RUG,Modern,Lana,,Ombre,
A1XJovm+-TL,72/7298f855.jpg,,,RUG,Modern,Nylon,,,Rectangular
A1W-sdiEBIL,62/62e63323.jpg,Silver,,RUG,0,silver,,,Rectangular
A1+foEMMzYL,7b/7bd8a17f.jpg,Navy,Vania Chevron Jute,RUG,Modern,Jute,Jute,,Rectangular
A1ED0auke7L,41/41c3d695.jpg,Off-white,,RUG,Bohemian,"Polypropylene, Backing: 100% Jute",,Bohemian,Rectangular
A1fDWDEQkxL,93/9326d84b.jpg,Heather Grey,,RUG,Modern,wool,,,
A1fyCwqcb3L,81/8167643a.jpg,Linen,,RUG,Linen,jute,,,Runner
81lZvvV2dQL,25/2573656a.jpg,"Blue, Ivory",,RUG,Modern,,,geometric,Rectangular
A1A77C6A3BL,c0/c0feb180.jpg,,,RUG,Modern,stone,Polypropylene,Geometric,Runner
A1Qfz2-2DgL,f2/f2309901.jpg,Ivory,,RUG,Ivory,,,medallion,Rectangular
A1VQJnskE4L,e7/e75ae581.jpg,Charcoal,,RUG,,synthetic,,Floral,Rectangular
A1cuI-fTTYL,2f/2ff45fdd.jpg,Denim,,RUG,,wool,,geometric,Rectangular
91REKqjCHXL,e1/e1e606da.jpg,米色,,RUG,0,Sintético,,,Rectangular
A1h5Ysl8xtL,88/8848580d.jpg,Marine Blue,,RUG,Modern,wool,,,Rectangular
A1iSXOY28TL,9c/9c57ba98.jpg,Silver Birch,,RUG,Silver Birch,silver,,,Rectangular
91rdqvIVvPL,b6/b6ee9326.jpg,Beige,,RUG,High Pile Solid,Polypropylene,,Solid,Rectangular
91qpHv8mzPL,24/24d571b9.jpg,Grey,,RUG,,,,,Rectangular
A1MHYCLJ0FL,32/32a471b9.jpg,Gold/Cream,,RUG,Modern,wool,,,Runner
A1L0LwCPsLL,b3/b3cc41fa.jpg,,,RUG,,wool,,Striped,
A1qemlHTB2L,33/33550bb4.jpg,Cream With Blue,,RUG,Bohemian,wool,,几何,Rectangular
91eFDXLMljL,34/348b756e.jpg,Grey,,RUG,Standard Pile Solid,Polypropylene,,Solid,Rectangular
91A97FeY5DL,4f/4f4b1fd2.jpg,Grey,,RUG,High Pile Solid,Polypropylene,,,Rectangular
A17DSbD8UCL,87/87e4547c.jpg,אדום (red),,RUG,Traditional,stone,,Medallón,
A1Zrn3M44ML,b6/b6e56e34.jpg,Grey,,RUG,Transitional,Polyester,,interlocking circles,Rectangular
A1SgFXK8w-L,05/051c559c.jpg,Light Multicolor,,RUG,Transitional,Lana,,,Runner
A1JEO6TksdL,8c/8c94978d.jpg,Cream,,RUG,Rustic,Polypropylene,,,Runner
A168Ihak7dL,72/720d4e08.jpg,Gold/Cream,,RUG,Contemporary,Cotton,,Geometric,Rectangular
A1zECAn2mXL,0d/0dc8bb97.jpg,Chestnut,,RUG,Contemporary,wool,,,Rectangular
A1npizpCDDL,1a/1a52b9ad.jpg,Linen,,RUG,Linen,linen,,,Rectangular
A1P7-eHP-qL,3d/3dd6c84e.jpg,Light Blue,,RUG,Modern,wool,,,Rectangular
A11gudJ4nuL,15/15c23cb5.jpg,粉红色,,RUG,传统,聚丙烯,Polypropylene Blend,,Rectangular
A1q3J1TTq+L,ec/ec2b7e13.jpg,,,RUG,Modern,Nylon,,geometric,Rectangular
A1qkiD7L9PL,f7/f7a52c36.jpg,Sand,,RUG,0,wool,,,Rectangular
A16H2rNwjeL,e2/e265d92a.jpg,粉红色,,RUG,传统,聚丙烯,Polypropylene Blend,,Rectangular
A1jPbwopPlL,cf/cf4a2a63.jpg,,,RUG,Modern,Polypropylene,Polypropylene,Geometric,Rectangular
912kY2nYnyL,17/17cb4403.jpg,Ivory,Amazon Basics Rug,RUG,Area Rug,Polypropylene,100% Polypropylene,Solid,Rectangular
81Fz3x+lNlL,0b/0b373914.jpg,"Blue, Gray, Ivory",,RUG,,cotton,,geometric,Runner
91AArXr2tGL,33/33b75f8b.jpg,Taupe,,RUG,Modern,wool,,floral,Rectangular
A1TL-XOcPyL,a9/a90c3729.jpg,,,RUG,Transitional,silver,"49% Polyester, 29% Polypropylene, 16% Jute, 6% Cotton",Geometric,Rectangular
91W6S8+4LpL,34/3463e6ee.jpg,Beige,,RUG,Modern,leather,,striped,Rectangular
A1Aok8xmk-L,8f/8ffe969d.jpg,אדום (red),,RUG,Modern,Lana,,,
91-+aSSOcPL,39/390842ee.jpg,Beige,Amazon Basics Rug,RUG,Area Rug,Polypropylene,100% Polypropylene,Solid,Rectangular
A1m9UICOXgL,a5/a53a6a3c.jpg,Beige,,RUG,Transitional,Polyester,,Geometric,
91LaCvkaxGL,72/7268ea9b.jpg,,,RUG,Transitional,wool,"80% Wool, 20% Cotton",,Rectangular
A1XFnWf7-DL,14/148b180b.jpg,Beige,,RUG,Modern,wool,,,Runner
A1bjlkA6LZL,47/474ef2ff.jpg,,,RUG,Traditional,stone,,,Rectangular
A1kGk1Uh-lL,b5/b5f1eb4e.jpg,Beige,,RUG,Contemporary,wool,,ikat,
A1KGkdceLcL,69/6936da43.jpg,Ivory,,RUG,persian,stone,,Floral,Rectangular
A16NNxi26fL,9f/9f9c8386.jpg,,,RUG,Modern,stone,,ikat,Rectangular
A146GsLhhpL,6d/6ddf8c6b.jpg,Black/Cream,,RUG,Contemporary,Cotton,,Geometric,
A1PClkYij8L,a4/a4b46813.jpg,Charcoal,,RUG,Modern,wool,,0,Rectangular
A1W2zr3uV4L,23/236fe5cb.jpg,Grey,,RUG,Contemporary,wool,,,Rectangular
A1wODDT3SfL,f2/f2fc781c.jpg,Teal/Sun,,RUG,Traditional,Piedra,,几何,Runner
91UmB9bMIWL,41/41a0b043.jpg,Grey,,RUG,Standard Pile Solid,Polypropylene,,,Rectangular
910VoTl5p1L,21/2156a065.jpg,Orange/Blue,,RUG,Bohemian,Cotton,,Geometric,Rectangular
A1PIp5jO-TL,2d/2d2078ce.jpg,Grey,,RUG,Standard Pile Solid,Polypropylene,,0,Rectangular
A1e3Z0v6EML,76/76edf386.jpg,,,RUG,Modern,Nylon,,,Rectangular
81eDXbQ+wvL,9c/9c406b58.jpg,Green,,RUG,Modern,,,geometric,Rectangular
71Rbbv-C+ML,08/08a9a360.jpg,Black/Green,,SHOES,Garza Whipstitch Platform Sandal,,皮革/反毛皮,,
81JNMUh9a5L,5c/5c1b5909.jpg,काला,,SHOES,डर्बी,,,Solid,
71qHkNGwQhL,29/2965414e.jpg,Black,5911-01,SHOES,Thong Sandals,,,Solid,
71HoEiuG+5L,e5/e51f9e17.jpg,Black,Classic Canvas Slip On Sneaker,SHOES,Classic Canvas Slip On Sneaker,,100% Canvas,,
81Iv0iLJqoL,e6/e6502aa5.jpg,भूरा,5594,SHOES,डर्बी,,,Solid,
81sHPXJ5YWL,28/28091de0.jpg,काला,,SHOES,Sneakers,,,,
71Sa2k9TXiL,8b/8b687793.jpg,Yellow (Yellow Yellow),,SHOES,,,,,
71B2u3vJ2wL,c9/c9736496.jpg,Gold (Mirror Gold),Stiletto Round Toe T-bar,SHOES,Stiletto Round Toe T-bar,,,,
61eoTBG8igL,aa/aa450671.jpg,Beige (Beige Beige),Ballet Pump,SHOES,Piper-s1b26,,,,
81KqxKsQAzL,bf/bf0ba69e.jpg,Gold Multi Glitter,Margot Block Heel Ankle Strap Pump,SHOES,,,,,
91+cTW1XCnL,43/434f0e3d.jpg,Black/Rose Gold,Eyez on Her,SHOES,Eyez on Her Lace-up Fashion Sneaker,Leather,,,
61Dk87zw7eL,f6/f6b76ab9.jpg,Noir,Cozy,SHOES,Cozy,,Dessus 100 % daim véritable avec doublure en fausse fourrure.,,
81Wg6kKMsIL,c2/c2d6e450.jpg,NAVY,,SHOES,Running Shoes,Mesh,,,
81HPOgP7tQL,b4/b45160f1.jpg,काला,,SHOES,,Leather,,,
81LRhGnrc+L,23/23f146e5.jpg,Sea Green and Black,Canton-56,SHOES,Slippers,,,,
71EqM5gGDrL,6f/6f4a09e3.jpg,भूरा,S5513,SHOES,Flip-Flops,,,Solid,
71bB9cRNcqL,4f/4f819472.jpg,,,SHOES,,Mesh,,,
81nuzehpfbL,61/61f067b9.jpg,,,SHOES,,Polyester,,,
81Ba3iri9eL,56/565b61e4.jpg,भूरा,,SHOES,ऑक्सफ़ोर्ड,Synthetic,,Solid,
81Ti9xoa4iL,7f/7f211ae1.jpg,Black,,SHOES,,Leather,,,
81fHXyDezmL,21/21c71523.jpg,ನೀಲಿ,,SHOES,Running Shoes,ಜಾಲರಿ (mesh),,,
71anoqLEClL,ae/ae5d269e.jpg,Black,,SHOES,Sneakers,,,Solid,
71h4-Xp9qML,8b/8b8e0dfd.jpg,काला,,SHOES,Walking Shoes,,,,
81gMEscCpvL,4d/4d552519.jpg,నలుపు,,SHOES,AZ-YS-203 C_Black_7,మెష్,,Solid,
71wEeh7RzOL,ec/ecc465c2.jpg,Negro,Jozie Silk Bow Slip-On Sneaker,SHOES,,,tela o tejido de punto,,
81qilaw-U+L,d7/d7cca9cd.jpg,Gold,,SHOES,Fashion Slippers,,,,
816GNZcJyHL,e3/e34a03b6.jpg,ట్యాన్ (tan),Az-st-022b,SHOES,డెర్బీ,,,Solid,
81Qg-vWz+yL,1f/1f8feebf.jpg,काला,,SHOES,Running Shoes,मेश,,,
81FJcvvYHtL,61/6171fb27.jpg,గులాబి,,SHOES,Flip-Flops,,,,
71VWtgYxkbL,9b/9bb65310.jpg,काला,S5519,SHOES,डर्बी,,,Solid,
71TgbMZADAL,55/55fbb122.jpg,Bianco Off White Off White,N7572 Kew,SHOES,Pantofole,,,,
811ISeXqTOL,32/3268eb71.jpg,,Tassle,SHOES,Loafers,,,,
817AcyZhayL,c8/c872e18d.jpg,Blue,,SHOES,Running Shoes,Mesh,,,
61YWHp6Vx4L,48/4853e10b.jpg,काला,Bs147a,SHOES,Flip-Flops,,,,
613yX+o8VcL,ba/baa1efb3.jpg,Black Patent,Madeline 120mm Point Toe Pump,SHOES,Madeline 120mm Pointed-toe Pump,,Textile,,
81NPmaXqXEL,74/74a157bc.jpg,బూడిద,Micam-505,SHOES,Running Shoes,మెష్,,,
81iNLQ-yHzL,91/91cce44f.jpg,Antique,,SHOES,Ankle-Strap,Polyurethane,,,
81eG3pDhRKL,96/9680f092.jpg,Black,Magic-24,SHOES,Sneakers,,,,
71pDNp0phXL,41/418e7e70.jpg,ബഹുവർണ്ണം,,SHOES,Sneakers,,,,
81waE-Pgn4L,10/10095fe3.jpg,tan,,SHOES,Derby,Synthetic,,,
71VFqbBwgfL,60/6052bb76.jpg,,Leather,SHOES,Leather,,,,
6183vkmIkXL,81/8165d305.jpg,,,SHOES,Jennings Banana Heel Pump,,gamuza,,
71JWBfAh8EL,23/23b19da7.jpg,Argent Blue,36940,SHOES,Mocassins,,,,
81X3DoXqt0L,b4/b4af9858.jpg,Bruin tan,Epic-1w3001,SHOES,Espadrilles,,,,
71Q4LkmpxOL,ca/ca4135ef.jpg,Noir Black,R2966-1,SHOES,Mocassins,,,,
81tGL75fK4L,1d/1d655660.jpg,ग्रे(स्लेटी),,SHOES,Ankle-Strap,Polyurethane,,,
711dMoRA8ZL,f9/f90df15d.jpg,Black (Black Black),,SHOES,Round Toe High Court Closed Pumps,,,,
71KHb5VTGiL,57/5757f11b.jpg,,#_Innis-s-10,SHOES,Sandalias con Cuña,,,,
81czKtdzyLL,64/643ce391.jpg,Tan,,SHOES,,Leather,,,
71p4l5ko+DL,52/52ee1fc6.jpg,ഇരുണ്ട തവിട്ട്,,SHOES,Brogue,സിന്തറ്റിക്ക്,,Solid,
91pzaG0XRbL,c9/c95d49da.jpg,,,SHOES,,मेश,,,
811qVPMKMgL,4c/4cac3f97.jpg,Elephant Grey Suede,,SHOES,Lyla Poms Botines,,gamuza,,
71Mp0RAn-fL,ca/ca399cf4.jpg,सफ़ेद,,SHOES,Running Shoes,Mesh,,,
71VMXCqbe-L,2a/2a92e7cb.jpg,Navy 1,,SHOES,Sneakers,Knit,,Solid,
71PERpWLKCL,a7/a780d49f.jpg,Red,124014,SHOES,124014,,,,
81OFoni0TFL,76/7627f0ca.jpg,OLIVE,,SHOES,Running Shoes,Mesh,,,
71X4UjKWz3L,35/352ec483.jpg,काला,,SHOES,Ankle-Strap,Polyurethane,,,
7121v7PBWkL,25/25fc6c57.jpg,Multi,,SHOES,Flip-Flops,,,,
81qc6qV7qiL,7f/7f2d357c.jpg,काला,,SHOES,AZ-YS-188 A_Black_10,Synthetic,,,
71A6nO-8CBL,ac/acbbd16b.jpg,Black,Um1458,SHOES,Derby Lace-Up,,,,
819SdbHrf3L,7b/7baa324a.jpg,Grey,,SHOES,Running Shoes,Mesh,,,
71635JeL6kL,04/04bd1875.jpg,काला,,SHOES,Slippers,,,,
81tZEb9cKOL,85/856f4131.jpg,Black,,SHOES,Loafers,,,Solid,
71nFBRCiC9L,1c/1c77017e.jpg,,,SHOES,,Synthetic,,,
81iuiul4n2L,8c/8c295c6e.jpg,GREY,,SHOES,Running Shoes,Mesh,,,
81juzhJP54L,67/671b4875.jpg,Green,Walsh Elastic,SHOES,Low-Top,,,,
813Jul0vl7L,3b/3bbf32f2.jpg,Azul Blue,36984,SHOES,Tira de tobillo,,,,
812wgVqHbyL,6e/6e84c449.jpg,ചാരനിറം,,SHOES,Running Shoes,മെഷ്,,Solid,
71He2Bia3JL,71/71b52548.jpg,TAN,,SHOES,Derby,,,,
71c-hniFPXL,be/be79f7b8.jpg,Chocolate Brown Burnish Oiled Suede,,SHOES,Capitol Ankle Chelsea Boot,,Oiled Suede,,
91j9w0XGXTL,89/89e97d16.jpg,Grey,,SHOES,low-top,Knit,,Textured,
71fh0dsDT-L,7c/7c0c9d58.jpg,നാവിക,Sunshine,SHOES,Running Shoes,മെഷ്,,,
81JFgVYBuTL,72/72f7c615.jpg,Brown,Elliot Suede,SHOES,slipper,,,,
81QVM3t6hBL,35/35346f33.jpg,Grey and Red,Vega Pearl-5,SHOES,Running Shoes,,,,
717SaHFVmaL,16/1637dcde.jpg,ബഹുവർണ്ണം (grey::blue::white::white::brown::beige),,SHOES,Ankle-Strap,പോളിയുറീതേൻ,,,
71gZLdgjSKL,c8/c80e80cc.jpg,గులాబి,,SHOES,Walking Shoes,,,,
812jtub4q9L,de/dea3f090.jpg,ग्रे(स्लेटी),,SHOES,Slip On,सिंथेटिक,,Solid,
71wL8nMstzL,d2/d213e056.jpg,Black,,SHOES,Ankle-Strap,Polyurethane,,,
71R19XZ3p6L,c4/c4224cf0.jpg,,,SHOES,,,,,
61UJ9ISKLxL,2c/2cb438f3.jpg,Blue (Navy),AMZ038,SHOES,Archie,,,,
81OginE-mnL,ba/ba10b596.jpg,,,SHOES,,Canvas,,,
81a7pqJGDIL,d2/d2bfa0eb.jpg,नीला,,SHOES,Sneakers,,,,
81-Kg+BmzOL,21/2104231a.jpg,Black/ Green,,SHOES,Sneakers,,,,
71TUWVRqLeL,65/654f3110.jpg,BROWN,S5607,SHOES,Derby,,,Solid,
91VsDWkfYXL,ae/ae22c949.jpg,,,SHOES,,Fabric,,,
8189uBUO5cL,ea/eaa0f2e2.jpg,काला,,SHOES,,लेदर,,,
71XY5jhvvmL,5a/5a0efdc8.jpg,Tan,,SHOES,Ankle-Strap,Polyurethane,,,
81Z+DvKhsCL,42/421445e5.jpg,Pearlized Bronze Leather,,SHOES,,,cuero,,
81+MYBeScXL,f6/f6071541.jpg,Tan,,SHOES,Derby,,,,
81y6pyOQN3L,fc/fc805f2c.jpg,बहु(मल्टी),,SHOES,Flip-Flops,,,,
81dFEOc56cL,f9/f941521e.jpg,Marrón topo,,SHOES,,Gamuza,gamuza,,
81l+JOy6MhL,be/be9de473.jpg,काला,,SHOES,Derby,सिंथेटिक,,Solid,
611NwTcPkbL,f5/f5e51bce.jpg,,Low Top,SHOES,Sneaker,,,,
81hA8eNQFNL,c9/c987f7b1.jpg,ग्रे(स्लेटी),Ch 126,SHOES,लोफ़र,,,,
81F2OJwLmEL,77/771c2437.jpg,टैन,,SHOES,low-top,PU,,Solid,
81u8IXDMTsL,f2/f2f3a840.jpg,నలుపు,,SHOES,SYM-YS-014_Black_7 UK (41 EU) (8 US),మెష్,,Textured,
61kHTrZDNIL,d6/d6864e4c.jpg,Cognac,,SHOES,,mens,Leather,,
71t-md9aR5L,4e/4e98f9c9.jpg,Beige Beige,373697,SHOES,Lage Top Sneakers,,,,
71S7QBnkCbL,c8/c85168e9.jpg,బ్రౌన్,,SHOES,Brogue,కృత్రిమ,,Textured,
81G-ptz-doL,c3/c3c36602.jpg,,,SHOES,,,,,
81N8L4mZjvL,7a/7aee5ec8.jpg,న్యావి,,SHOES,Running Shoes,ఫాబ్రిక్,,,
71j7Wn1YksL,18/18793903.jpg,Silver Metallic/Blue,,SHOES,Sloan Tab Elasticated Ballet Flat,,Leather,,
81WaiCi+AFL,f0/f07a2041.jpg,బూడిద,,SHOES,Walking Shoes,,,,
81dz8kJV5qL,ad/adac6661.jpg,हरा,,SHOES,Sneakers,Canvas,,Solid,
71-j0tN2EWL,d2/d2015231.jpg,Marrone Tan,Andrews,SHOES,Loafers,,,,
91T4jSm9vOL,98/98018b2a.jpg,Maron,,SHOES,Sneakers,,,,
81zg97Qf9jL,4f/4f165357.jpg,Brown,,SHOES,Thong Sandals,Leather,,Solid,
71KegQ9DerL,28/28d08573.jpg,White,,SHOES,,,,,
71BAM42+VcL,ac/aca41b72.jpg,Gray Nubuck,Boyer Boat Shoe,SHOES,Boyer Boat Shoe,,100% Leather Upper,,
718TkOtYEbL,1c/1c150fe0.jpg,ബഹുവർണ്ണം (grey::grey::black::black::black::black),,SHOES,low-top,ക്യാൻവാസ്,,Color Block,
71-PSTnd4gL,83/83d3da3a.jpg,బ్రౌన్,,SHOES,Boat Shoes,,,,
71L3UJXki4L,3f/3fe1d5a9.jpg,,High Point Leather Court,SHOES,Escarpins,Cuir,,,
71WubxLfwJL,22/22333cb8.jpg,Marino Marrón y Coñac,FIND Men's Boat Shoes,SHOES,Zapatos Barcos de Piel,,,,
81dF7gsU8QL,06/06145e89.jpg,നാവിക,,SHOES,Brogue,സിന്തറ്റിക്ക്,,Solid,
81v7Z8+vK8L,0d/0d702fc7.jpg,Mehroon,,SHOES,Running Shoes,Mesh,,,
810XAYEBbCL,3f/3f1180d2.jpg,Denim,Jaylene Slip-on Fashion Sneaker,SHOES,Jaylene Slip-on Fashion Sneaker,,Textile,,
81BQH5tg1mL,ec/ec255d25.jpg,बहु(मल्टी),Loire-195,SHOES,Running Shoes,Mesh,,,
71XoKP3jWbL,36/3664afee.jpg,గులాబి,,SHOES,Slippers,,,,
61FrcvneSJL,1a/1a23da71.jpg,Beige Nude,Belice Women's Ballet Flat,SHOES,Belice Women's Ballet Flat,,100% Synthétique,,
81tswMQm+yL,17/17ecfd84.jpg,Grey and Sea Green,Reef-09,SHOES,Running Shoes,Mesh,,,
71XM2zKtyNL,ea/ea8a3b35.jpg,Black,,SHOES,Sneakers,,,,
71m067ZhIhL,46/46ac2fae.jpg,लाल,,SHOES,Sneakers,,,,
61UYggmY-9L,dd/ddb7e999.jpg,Black Leather,,SHOES,Brinnon Moto Boot,,皮革,,
71XJUq4ayiL,b9/b9fb82b3.jpg,White,Lace Up Metallic,SHOES,Lace Up Metallic,,,,
71WMUxdAWrL,39/39863654.jpg,,,SHOES,,Synthetic,,,
71nT09Mus7L,10/1056a38e.jpg,Black Leather,,SHOES,Concord Plain-toe Oxford,,Leather,,
71Fv153AhAL,45/451b29be.jpg,काला,S5547,SHOES,डर्बी,,,Solid,
81paRgFvamL,85/850acea1.jpg,,,SHOES,,Mesh,,,
81QA0fcbfZL,b3/b3b4a581.jpg,Schwarz,Evve Fashion Slip-on,SHOES,Evve Fashion Slip-on,,,,
81LZaC3p-jL,a4/a4f1f244.jpg,പിങ്ക്,,SHOES,Ballet Flats,,,,
61UZN7xSYlL,fc/fc4ce82f.jpg,Pink (Hot Pink 008),Peter,SHOES,Peter,,,,
71+apdUS4sL,c0/c0f87d7a.jpg,Blue,Cecile,SHOES,Closed-Toe Pumps,,,,
81Fn1HmbejL,42/42517238.jpg,Blue Plaid Textile,Evie Millitary Style Ankle Strap Point Toe Flat,SHOES,Evie Military-inspired Ankle Strap Pointed-toe Flat,,Textile,,
7134pP-rk-L,72/72be27b9.jpg,Tan,7741,SHOES,Chukka Boots,Synthetic,,Solid,
812xTIqU-iL,29/29b32662.jpg,,,SHOES,,,,,
81upX1NhzKL,7c/7c55299e.jpg,Dirty Buck,Oxford,SHOES,Oxford,,100% Suede,,
71ofI62pD8L,cf/cf350367.jpg,നാവിക,,SHOES,Sneakers,,,,
718320qksgL,25/256bd73c.jpg,White,,SHOES,Sneakers,,,,
71-zUUU4-0L,7e/7e3eca4c.jpg,caramel suede,Adelaide D'orsay Dress Pump,SHOES,Adelaide D'orsay Dress Pump,,100% Leather Upper,,
715OlBgIa0L,89/89319199.jpg,Bianco,Shoe,SHOES,Mocassini,,,,
71yK9RNwCuL,6b/6b4b7c3d.jpg,നഗ്നമായ (ന്യുഡ്),,SHOES,Ankle-Strap,പോളിയുറീതേൻ,,,
81ObQVwBn-L,cc/ccc3ea99.jpg,Grijs,Barry,SHOES,Barry,,,,
818fe9pS2nL,3a/3ad87c5f.jpg,Schwarz 01,Ballina 2256407,SHOES,Tira de tobillo,,,,
819CxdYgMEL,fe/fed8ce53.jpg,Sea Green/ Navy,,SHOES,Sneakers,Mesh,,Color Block,
81JtfHeMWbL,ad/ad1d1021.jpg,Black,,SHOES,Running Shoes,Mesh,,,
81+yXzIHMVL,74/745252d6.jpg,Brown,,SHOES,,Leather,,,
81cbneWGy8L,64/64f7dfb1.jpg,പിങ്ക്,Evar-sp20-1,SHOES,Running Shoes,നൈലോൺ,,,
81EFwj5veuL,47/47cfd016.jpg,തവിട്ടുനിറം (ടാൻ),,SHOES,ഡെർബി,സിന്തറ്റിക്ക്,,Solid,
81NHRhcMMSL,67/6701273a.jpg,L.PINK,,SHOES,Running Shoes,Cotton,,,
81RjqHvvEiL,b3/b3248e2b.jpg,ग्रे(स्लेटी),,SHOES,डर्बी,Synthetic,,Solid,
91AthskXo5L,a8/a8cf0ad4.jpg,,,SHOES,,सिंथेटिक,,,
81LI1W0jG9L,6c/6ce629a9.jpg,कैमल (हल्का भूरा),,SHOES,Running Shoes,Mesh,,,
811XMp4OtYL,24/24978c90.jpg,బ్రౌన్,,SHOES,డెర్బీ,తోలు,,Solid,
81dN146g6nL,ef/efed83d2.jpg,ಬೂದು,,SHOES,Running Shoes,ಜಾಲರಿ (mesh),,,
71MjEibRHCL,67/671b7ec8.jpg,വെള്ള,,SHOES,Sneakers,Knit,,Solid,
71lqQe-z-NL,8b/8b9db7e1.jpg,,Drepy-001,SHOES,Chelsea,,,,
81AHy7NOF7L,3d/3db1228a.jpg,GREY,,SHOES,Running Shoes,Mesh,,,
71lHBwJJ4kL,34/3473af3f.jpg,Zwart,Amz132,SHOES,Derby Vetersluiting,,,,
71benXUjyFL,16/1667f180.jpg,Rosso Burgunde,Cleated Penny Loafer,SHOES,Slippers,,,,
71UoesjxlBL,df/df3dc034.jpg,Azul Cognac Navy,Boat Shoe,SHOES,Botas,,,,
61ng3PLz8BL,1e/1e0590d1.jpg,Negro/multi,,SHOES,Mocasín sin cordones con diseño floral francés,,gamuza/tejidos,,
51KCTy2uVsL,e2/e2cd08a2.jpg,Black Microsuede,Pattie High Block Heeled Mule Sandal,SHOES,Pattie High Block Heeled Mule Sandal,,"Upper: 100% Polyester; Outer: 85.4 % Flocking, 14.6 % Rubber",,
81yFx29HvoL,ee/eea0d197.jpg,भूरा,,SHOES,डर्बी,,,,
71NKWGT+xZL,6d/6d13e819.jpg,बहु(मल्टी),,SHOES,Flip-Flops,,,,
61rervF5KeL,6a/6adb43aa.jpg,ബഹുവർണ്ണം (grey::grey::black::black::black::black),,SHOES,Slip On,സിന്തറ്റിക്ക്,,Solid,
71v9o1FGBSL,40/40c31e6e.jpg,White,36926,SHOES,36926,,,,
71TcsHqQADL,63/638120b4.jpg,Schwarz (Zebra Print),Animal Print Suede,SHOES,Low-top Sneakers,,,,
719NT+fQRNL,6f/6fa8e5e8.jpg,बेज (हल्का बादामी),5522,SHOES,Sneakers,,,Solid,
71bmGy24dJL,80/80274417.jpg,ग्रे(स्लेटी),,SHOES,Walking Shoes,,,,
71fVsKiJSdL,90/90f6f862.jpg,Microgamuza de néctar rosa,Lyon Block Heeled Strappy Sandal,SHOES,Lyon Block Sandalia con tiras y tacón,,100% Microgamuza,,
81bU4DGFKLL,f0/f00c38b1.jpg,Navy,6109-03,SHOES,Fisherman Sandals,Synthetic,,Solid,
81xOZ+xjL+L,58/5876bc86.jpg,Black,Back to School Butterfly Trim,SHOES,Back to School Butterfly Trim,,,,
910xAKpTBOL,72/72084107.jpg,ట్యాన్ (tan),,SHOES,,తోలు,,,
61Z2zAS-h8L,ab/ab1648d6.jpg,Braun Mocha Nude,CONNIE-2-SC-1,SHOES,Gesloten-teen pompen,,,,
61SQgkdRBiL,64/64910b34.jpg,Rosso Maroon,Lace Up Baseball 2,SHOES,A collo basso,,,,
71kNVJwovxL,17/17cae8b5.jpg,काला,,SHOES,Ankle-Strap,Polyurethane,,,
81RIRIMreOL,2d/2d9cdd04.jpg,കാക്കി,,SHOES,low-top,ക്യാൻവാസ്,,Solid,
81XzctEuWbL,49/4951ae56.jpg,,Darien Collapsable Loafer with Chain Detail,SHOES,Darien Collapsable Loafer With Chain Detail,,Leather,,
717U5nwJ4jL,46/4695e5f1.jpg,Gre Wool,Rhonda,SHOES,Rhonda,,100% Wool Exclusive of Decoration,,
81llM3QKMUL,92/92e19da1.jpg,Chestnut Suede,Union Slide Slipper,SHOES,Union Slide Slipper,,Suede Upper & Genuine Shearling Lining,,
818kHXlS2cL,4a/4a988902.jpg,लाल,Reef-57,SHOES,Running Shoes,Mesh,,,
610nqgGImiL,aa/aa1b4266.jpg,Black,Slip on Canvas Sneaker,SHOES,Slip on Canvas Sneaker,,100% Canvas,,
71+LLp8X1LL,8c/8c0f6e04.jpg,Black,,SHOES,Derby,,,,
81WcvEEsC9L,22/22146450.jpg,Grijs Grijs,36897,SHOES,Laag-Top,,,,
71AznOSoRRL,c0/c086f80d.jpg,Tan,S5531,SHOES,Hiking Shoes,,,Solid,
713WRWj+48L,c5/c57a52ed.jpg,White,,SHOES,Taegan Lace-up Sneaker,,100% Leather,,
81wyE-WyYBL,cb/cb985b83.jpg,Grey,,SHOES,,Synthetic,,,
91Lnf1ZeWgL,b8/b889ca15.jpg,Navy,,SHOES,,Polyester,,,
71hKOfdfVKL,64/6406f8a4.jpg,सफ़ेद,,SHOES,Sneakers,,,,
71ub4JKPtgL,76/76fddb7e.jpg,Ante de castaño,Pearson Moccasin Slipper,SHOES,Pearson Mocasín Pantufla,,Suede Upper & Genuine Shearling Lining,,
71QExDBDozL,39/39e34e19.jpg,Beige Taupe Taupe,Ezra,SHOES,Mocassins,,,,
81Ss5b-5KSL,34/34008557.jpg,Green Suede,Boot,SHOES,Boot,,,,
71FawFapQ7L,41/41ef3ebd.jpg,Beige Nude,Fern-s-sh-1-70,SHOES,Talons avec bride arrière.,,,,
81FkCVNxtvL,64/648bdf08.jpg,Tan,,SHOES,Monk,,,,
71FvS+YMZfL,e8/e86147cc.jpg,Multhi,,SHOES,Ballet Flats,,,,
71Fea79X4pL,83/83d18f64.jpg,Black,Prase-s-2b-8 T-bar,SHOES,Closed-Toe Pumps,,,,
71+21wnfwtL,5d/5d7b549e.jpg,नेवी,,SHOES,Running Shoes,Fabric,,,
81cCS7m-gIL,a6/a6bc4072.jpg,Gold,,SHOES,Ankle-Strap,Polyurethane,,,
71fn9N2rMiL,36/36433935.jpg,Black Split Suede,,SHOES,,,Suede,,
8116+280rfL,ac/acf9b3d2.jpg,Black,,SHOES,,Leather,,,
715ejetJplL,37/37a9af18.jpg,Black,Formal Lace Up,SHOES,Amz28/01,,,,
81bKQqBbN-L,25/25e2b8a6.jpg,Black,,SHOES,Ankle-Strap,Polyurethane,,,
81lRpjX0xEL,37/37c6d663.jpg,Navy,,SHOES,Slippers,,,,
61GlIP7T6XL,18/1881c7f1.jpg,Blau (Navy Navy),Dubai-w-217,SHOES,Wide Fit Point Court Shoe,,,,
71sDNcUxVML,8e/8e6b7306.jpg,Blue,,SHOES,Running Shoes,Mesh,,,
81MsrbFJ2CL,f8/f82fb429.jpg,ബഹുവർണ്ണം (grey::grey::black::black::black::black),,SHOES,Floaters,ലെതർ,,Solid,
71PP68c7G+L,76/7653d958.jpg,Black (Black Black),,SHOES,,,,,
81svS9-a0EL,55/5543e2f7.jpg,,,SHOES,,Mesh,,,
71EqU9giFSL,38/389b21e9.jpg,नेवी,,SHOES,डर्बी,Synthetic,,Solid,
81SlUx1SX1L,06/06a261be.jpg,L.Grey/ Black,,SHOES,Sneakers,Mesh,,Color Block,
715jBr4aY1L,d9/d9360ab8.jpg,:: ఎరుపు,,SHOES,Running Shoes,మెష్,,,
81AV8NGwPFL,da/da8d9759.jpg,Petal Blush,,SHOES,Conley Lucite Heel Sandal,Suede,皮革,,
61UMwe6MiML,40/40a71ccf.jpg,Bleu Navy,Um1516,SHOES,Sneakers basses,,,,
71KF24YRNEL,76/76463884.jpg,Zwart,AMZ038_Leather,SHOES,Zeilschoenen,,,,
71MJpxheafL,ee/ee5d99bc.jpg,,372888,SHOES,,,,,
71rDBTpqmoL,87/8784cf43.jpg,सफ़ेद,,SHOES,Sneakers,,,,
71Yv03rBVGL,15/15ea4b3a.jpg,,Mirror Metallic,SHOES,Mirror Metallic,,,,
81wOjC3xveL,9b/9b0ed0cf.jpg,नेवी,,SHOES,Derby,सिंथेटिक,,,
81-8I3+iH9L,a4/a4458858.jpg,Navy,,SHOES,,Synthetic,,,
71SqTRXcJ5L,86/86a590ea.jpg,Blu Royal Blue,Archer,SHOES,Modello slip-on,,,,
71zgjCTjpEL,ff/ff455a0c.jpg,Black/Multi Tweed,Felicia Slingback Kitten Heel Pump,SHOES,Felicia Slingback Kitten Heel Pump,,Textile,,
812evjAVv1L,8c/8c2dae69.jpg,Black (Black),Aherne,SHOES,Aherne,,,,
81MX8DCam2L,ac/ace19f42.jpg,Black Burnish Oiled Suede,,SHOES,Denny Lace-up Boot,Suede,100% Oiled Suede Upper,,
81rlYHBnNFL,a9/a9eadae7.jpg,Silver,,SHOES,Ankle-Strap,Polyurethane,,,
81l6ys8620L,cc/ccb74b6f.jpg,हल्का नीला,,SHOES,Running Shoes,Fabric,,,
810o5cN5I2L,41/41e7d1ae.jpg,Grey,,SHOES,,Synthetic,,,
71Dhsy8CfLL,49/49830fc7.jpg,हरा,,SHOES,Running Shoes,मेश,,,
61vtquLPZmL,0d/0d22391e.jpg,Marino,Maui,SHOES,Maui,,,,
71YIbGvDiOL,69/6962724a.jpg,Red Suede,Driver,SHOES,Loafers,,,,
71pfHN0DrSL,f8/f830eb7a.jpg,Beige Beige,Shoe,SHOES,Moccasins,,,,
719BFfMGMCL,d0/d012290c.jpg,Purple,Cadete,SHOES,Cadete,,,,
71jqjolL4kL,11/11811e2e.jpg,Kunstleder Mokka,Monika Pantoletten Flach mit H-riemen,SHOES,Monika Pantoletten flach mit H-Riemen,,Oberschuh: 100 % Polyurethan; Futter: 100 % Polyurethan; Außensohle: 100 % Thermoplastischer Gummi (TPR),,
61Xzr73zy-L,51/51e2d043.jpg,లేత గోధుమరంగు :: టీల్ :: తెలుపు,Micam-508,SHOES,Running Shoes,మెష్,,,
51X-grZJg0L,e4/e44eeec9.jpg,Satén Fucsia,Bristol Cross Strap Flat Sandal,SHOES,Bristol sandalia plana con correa cruzada,,100 % tejidos,,
71kP3z2AP7L,1b/1b8cc654.jpg,നീല,,SHOES,Ballet Flats,,,,
61PWjAd2M0L,82/821feae4.jpg,మల్టీకలర్,,SHOES,Sneakers,,,,
71-e6PSNqUL,25/259a18bc.jpg,Beige,110568,SHOES,Scarpe col tacco,,,,
819nxcD2EHL,c3/c36dc771.jpg,,,SHOES,,Synthetic,,,
51aaJCfHcuL,a0/a0b3cc9f.jpg,,,SHOES,Zavala Ballet Flat With Structured Bow,,Leather,,
71f4iX2EFSL,ef/ef5bcaa8.jpg,,Driver 2,SHOES,Loafers,,,,
61QtUcvQJBL,7e/7e5519cd.jpg,,Snaffle Leather Loafer,SHOES,Slippers,,,,
81JZzlej82L,29/29628377.jpg,ചാരനിറം,,SHOES,Running Shoes,മെഷ്,,,
71sQouflVcL,08/080c8251.jpg,काला,,SHOES,लोफ़र,,,,
71ssCXT3BnL,c5/c5f38c6a.jpg,काला,,SHOES,,लेदर,,,
71D-KfHjRlL,43/43e408a6.jpg,काला,,SHOES,AZ-YS-188 A_Black_6,Synthetic,,Solid,
618oVTg2WVL,ca/cad1b3a2.jpg,Corteza de árbol,,SHOES,,,cuero,,
61CUCnci42L,eb/eb5494d4.jpg,Argent Silver,V1547,SHOES,basses,,,,
71PTnw+qKcL,6c/6c830f4b.jpg,Light Gold,,SHOES,Ballet Flats,,,,
61FNPeG6TgL,ad/ad8dd9a9.jpg,Red Burgundy,Arland Driver Loafer,SHOES,Arland Driver Loafer,,,,
61rVfQsP6EL,39/393b21e2.jpg,Schwarz Black,Faroe,SHOES,High-top,,,,
71goJYNfw2L,67/67ace4b7.jpg,Rot Dark Burgundy,Maximum,SHOES,Maximum,,,,
81uKfrVqKtL,b4/b4411573.jpg,ग्रे(स्लेटी),,SHOES,Ankle-Strap,Polyurethane,,,
81DkcMBlxyL,22/22c09c26.jpg,Fushia,Erin,SHOES,Running Shoes,,,,
81sVC6RVFlL,e1/e12dd9b8.jpg,काला,,SHOES,ऑक्सफ़ोर्ड,Synthetic,,Solid,
81WBPC1pOyL,54/5420fbb6.jpg,ബഹുവർണ്ണം,,SHOES,Boat Shoes,,,,
71eqd0tN+ML,00/00426198.jpg,Brown Chocolate Brown Chocolate Brown,Acton_hs01,SHOES,Acton,,,,
81pnkDVR1OL,54/5463e133.jpg,Blue,,SHOES,Sneakers,,,,
81mpq65JckL,b8/b8b77cc2.jpg,काला,,SHOES,Walking Shoes,,,,
71VtjmpJXYL,08/080c0d0f.jpg,క్రిమ్సన్,,SHOES,లోఅఫెర్స్,,,,
81YSUW9SJeL,fc/fcf6752e.jpg,,,SHOES,,Synthetic,,,
71gGW9pDoHL,e2/e2f5d987.jpg,വെള്ള,,SHOES,Sneakers,Knit,,Solid,
71Rz4cV9z4L,8f/8fb184a3.jpg,M Tan,6108-01,SHOES,Fisherman Sandals,Synthetic,,Solid,
71fAvwCSa6L,7b/7b3d62bc.jpg,Noir Smart Black Smart Black,Aaron01,SHOES,Richelieu,,,,
71KXrISU1oL,c1/c15475ee.jpg,लाल,,SHOES,Slippers,,,,
819BmtzFo0L,7a/7a306d7e.jpg,गुलाबी,,SHOES,Ankle-Strap,Polyurethane,,,
81WhcFQs-RL,16/16ab29b1.jpg,R.Blue,Vega-3,SHOES,Running Shoes,,,,
813po2s-qOL,78/785e4c4b.jpg,Sea Green and D.Grey,Vega-10,SHOES,Running Shoes,Mesh,,,
71NNAflqsLL,51/516dd6ad.jpg,Zwart,DUBAI-2-SH-54,SHOES,Dames Hofschoen,,,,
71hlzIOQlqL,08/0805e6b3.jpg,Nude,,SHOES,Ankle-Strap,Polyurethane,,,
71TYtL1Xy-L,98/9883e445.jpg,,Wedge Leather,SHOES,Wedge Heels Sandals,,,,
71wuKNWjbVL,e1/e12ad415.jpg,Negro Velvet,Maya Point Toe Military Style Strap Pump w/ Jewel Buttons,SHOES,Maya - Bomba de correa con botones de bisutería,,terciopelo,,
81TbRF4HK4L,2e/2e3c2071.jpg,Pink Washed Pink,V1553,SHOES,Zapatillas,,,,
71JD7KieDAL,2b/2bd0615d.jpg,നാവിക,,SHOES,Walking Shoes,,,,
81kMiRPyKTL,58/584807bd.jpg,Black,7748,SHOES,Chukka Boots,Synthetic,,Solid,
81XP2HLrZ2L,f4/f44d5971.jpg,टैन,,SHOES,डर्बी,Synthetic,,Solid,
710tMjYZNjL,47/47997243.jpg,WHITE,,SHOES,Running Shoes,Cotton,,,
71x5TTVw+TL,d7/d7ac0cf0.jpg,Brown (Snake Snake),Ballet Pump,SHOES,Ballet Pump Ballet Flats,,,,
81ip8lCeVzL,f5/f5af8860.jpg,Brown,,SHOES,Oxford,,,,
61ydx8MX66L,95/9517ebed.jpg,,,SHOES,,,,,
61swawiifYL,87/87990c42.jpg,Blau (Navy Navy),Hybrid Loafer,SHOES,Hybrid Loafer,,,,
71iJlcrCwPL,d9/d9a7a42b.jpg,లేత గోధుమరంగు :: టీల్ :: తెలుపు,,SHOES,Running Shoes,ఫాబ్రిక్,,,
81biufI7n8L,04/04abd797.jpg,Roze Roze 03,123662,SHOES,Pompen,,,,
81GDqUlqebL,a2/a27be7d2.jpg,DARK GREY,,SHOES,Running Shoes,Mesh,,,
81lkhsIRC2L,01/015833cb.jpg,काला,,SHOES,Running Shoes,मेश,,,
71I9pSHHu+L,61/61b5c3fe.jpg,Tan,,SHOES,Ankle-Strap,,,Solid,
51B9rbgXI7L,0f/0f3bdaa0.jpg,,,SHOES,Cantu Ruffle Ankle Wrap Sandal,,皮革,,
71XwOXpjOOL,d3/d3297e09.jpg,Blanco White,Lace Up Baseball 4,SHOES,Zapatilla baja,,,,
711uwjclXML,0b/0bc6feea.jpg,Black,,SHOES,Brogue,Synthetic,,Solid,
71LzxnXTwJL,90/90839e1d.jpg,నలుపు,,SHOES,Ballet Flats,,,,
71ygxyn1u4L,fd/fd111689.jpg,BLACK,,SHOES,Sneakers,,,,
81n+KKnn5mL,50/50b1e30b.jpg,Blau Baby Blue Leather Cielo,Graffiti Fashion Lace - Up,SHOES,Sneaker,,,,
81qdkb5sEoL,60/6013de44.jpg,Beige,,SHOES,Ankle-Strap,Polyurethane,,,
81JiqXuQQeL,33/332fae71.jpg,टैन,S5770,SHOES,Sneakers,,,Solid,
81IbyIuFJjL,f6/f60e1b97.jpg,काला,,SHOES,,Synthetic,,,
81xDa6CLzsL,a6/a6f113d1.jpg,काला,,SHOES,,लेदर,,,
81FXxi3T-wL,4b/4bd03122.jpg,Grey,Robey,SHOES,Wide Width Robey Sneaker,synthetic,,,
71+nw2QutWL,bf/bff9226b.jpg,കറുപ്പ് 1,,SHOES,Brogue,സിന്തറ്റിക്ക്,,Solid,
61enowh2IhL,2c/2c24c25f.jpg,न्यूड,,SHOES,Ankle-Strap,Polyurethane,,,
81Z5r1-9OyL,ff/ff5d89fd.jpg,,,SHOES,,Synthetic,,,
71xy8TWFaBL,13/130e7ba6.jpg,,Smart,SHOES,Stivali da lavoro,,,,
81G1Fc2WVvL,87/87aa6c0c.jpg,,,SHOES,,Canvas,,,
81kQw2BcLPL,80/80d65fb1.jpg,TAN,S5642,SHOES,Sneakers,,,Solid,
81Y9BPnQiHL,d5/d572574c.jpg,Black/Rose Gold,Alexxi,SHOES,Alexxi Fashion Slip-on,Mesh,,,
71CwTFE9zKL,19/19e0543b.jpg,Grün Sage,Jute Tie,SHOES,Jute Tie Loafer,,,,
71d3Vu2B1VL,f6/f627df1c.jpg,బ్రౌన్,,SHOES,డెర్బీ,కృత్రిమ,,Textured,
719KHPwCBaL,a2/a2b220be.jpg,ബഹുവർണ്ണം (grey::blue::white::white::brown::beige),,SHOES,Ballet Flats,,,,
81We4s+eE9L,a7/a7cd86d7.jpg,Rojo Red 007,Diozon,SHOES,Pulsera,,,,
81dcNWXNnpL,46/46b0b5d2.jpg,बेज (हल्का बादामी),,SHOES,Ankle-Strap,Polyurethane,,,
81xBVXMdKDL,1d/1dc4fa2c.jpg,Brown Sand,Albany,SHOES,Chelsea Boots,,,,
51qlN2+ZZUL,49/493c111d.jpg,,Lace Up Baseball,SHOES,Low-top,,,,
71gyKtttP0L,f7/f707cea6.jpg,भूरा,,SHOES,,सिंथेटिक,,,
61gGDfqe4HL,d6/d6cdb54b.jpg,,V1241a,SHOES,Low-top,,,,
916VlIAPxHL,03/03a14f1d.jpg,బూడిద,,SHOES,Walking Shoes,,,,
81qXXeaJAnL,65/65aa679e.jpg,,,SHOES,,Synthetic,,,
71ZMs+aBklL,71/71888abd.jpg,,,SHOES,Madison Pony Hair Ballet Flat,,100% Real Genuine Fur From Hair Calf,,
71KI8r0HSLL,f9/f95f1729.jpg,भूरा,,SHOES,लोफ़र,,,,
81rk2uRyqbL,96/96621d78.jpg,Black,,SHOES,Walking Shoes,,,,
71BXNIJX6gL,38/3890c90a.jpg,ബഹുവർണ്ണം (grey::grey::black::black::black::black),,SHOES,low-top,ക്യാൻവാസ്,,Solid,
81oFX2hL-tL,21/2182468a.jpg,തവിട്ടുനിറം (ടാൻ),Az-st-014b,SHOES,ഓക്സ്ഫോർഡ്,,,Solid,
71yo+4fbuTL,ba/bab1bef2.jpg,Tan,,SHOES,Derby,Synthetic,,Textured,
8119ZoxCGGL,a0/a0349e1c.jpg,Black,,SHOES,Sneakers,,,,
81WNSe3k8lL,ea/eabfc8bd.jpg,Tan,,SHOES,,Leather,,,
71xQn9-eWML,90/90ba1db8.jpg,BLACK,S5615,SHOES,Derby,,,Solid,
81XbNvY+U8L,fc/fc65d5f3.jpg,नीला,,SHOES,low-top,सिंथेटिक,,,
81kTLBaFONL,45/459b6245.jpg,,Graffiti Fashion Lace - Up,SHOES,Sneaker,,,,
71EZ1kdUYRL,60/60bfc6c7.jpg,Pink,MARGRIET,SHOES,Margriet,,100% Synthetic,,
81+7-nmb5EL,99/997dcc0a.jpg,ऑफ़ व्हाइट,,SHOES,low-top,पॉलिएस्टर,,Color Block,
81UF3tqgmvL,1a/1afece42.jpg,നാവിക,,SHOES,low-top,ക്യാൻവാസ്,,Stripe Play,
81PIVuyPtLL,2d/2de6b88f.jpg,,Andrews,SHOES,Loafers,,,,
819wFi+wtLL,f5/f56c3961.jpg,Mustard and Black,Vega-13,SHOES,Running Shoes,Mesh,,,
71ifzzdXJKL,d0/d0934019.jpg,Brown Tan,Kris-1w1-003,SHOES,Soft Leather Loafer,,,,
81e3xw3JUAL,da/da95b6f5.jpg,BLACK,,SHOES,Running Shoes,Mesh,,,
81kLWSrrkeL,39/39019232.jpg,ബഹുവർണ്ണം (grey::grey::black::black::black::black),Az-ky-301b,SHOES,ഡെർബി,,,Solid,
91PkeS31iCL,83/83b0bd29.jpg,വെള്ള,,SHOES,low-top,Knit,,Grindle effect,
81keTYgeEJL,f7/f7649622.jpg,,,SHOES,,Fabric,,,
8195MPM1K0L,1a/1a84ad00.jpg,Grey,Nolti,SHOES,Nolte,,100% Polyester Mesh,,
61iR3jJwd5L,3f/3f4390cb.jpg,Summer Navy/Black,,SHOES,Sloan Tab Elasticated Ballet Flat,,Suede,,
71Rnev4gjgL,ed/ed6ed386.jpg,ബഹുവർണ്ണം (grey::grey::black::black::black::black),,SHOES,Slippers,,,,
71RvErpdLjL,68/6836371e.jpg,,,SHOES,,सिंथेटिक,,,
51Yc-fPWSsL,ef/eff6bfb0.jpg,Beige Sand,Rouge,SHOES,Ballerine,,,,
71BI6KG7vIL,9b/9ba354b6.jpg,Vino,,SHOES,,Gamuza,,,
71dAQFisuzL,14/147bde7e.jpg,మస్టర్డ్,,SHOES,Ballet Flats,,,,
71W+2JhDlYL,58/58cbe3fd.jpg,,Bfa001amz02101170210,SHOES,slipper,,,,
81em0iGrzBL,b1/b1064824.jpg,टैन,,SHOES,,लेदर,,,
81PF8mB+IaL,89/89876eba.jpg,Brown Tan,Myro,SHOES,Ankle Boots,,,,
81DiwhCOB1L,f0/f0679f60.jpg,,,SHOES,,Canvas,,,
714df52KgHL,17/17f2d05d.jpg,ग्रे(स्लेटी),S5735,SHOES,Sneakers,,,Solid,
71GZSf9CVjL,85/85c2df82.jpg,,Alvin,SHOES,Brogue,,,,
81eyDYS2sSL,a3/a31a0672.jpg,Black,,SHOES,,Canvas,,,
71jbZYJOMYL,09/092bd13c.jpg,,Chaussures Bateau pour Garçon.,SHOES,Chaussures bateau pour garçon.,,Dessus 100 % cuir,,
917PUWZ-N5L,aa/aa66fed0.jpg,Navy/ Black,,SHOES,Sneakers,,,,
71BgGyy1WiL,72/72a8f9bb.jpg,ബഹുവർണ്ണം,,SHOES,Brogue,സിന്തറ്റിക്ക്,,Textured,
71zIToE3qSL,ea/ea336881.jpg,लाल,Canton-11,SHOES,Slippers,,,,
71Z+osQiuSL,d8/d8588c84.jpg,NAVY BLUE,,SHOES,Running Shoes,Mesh,,,
71FOj7bFFpL,80/8006bfcd.jpg,भूरा,6108-03,SHOES,Fisherman Sandals,Synthetic,,Solid,
81--PxY7B+L,d4/d485fbc1.jpg,पीच,,SHOES,Running Shoes,Mesh,,,
71HwlYLjllL,09/092f9625.jpg,Brown Cognac,Amz028a,SHOES,Moccasins,,,,
71E2esa97zL,fd/fde3bb21.jpg,Brown Tan,Jute Tie,SHOES,Jute Tie Loafer,,,,
810E4TvhsJL,81/81ffc7c1.jpg,Black,,SHOES,Running Shoes,Fabric,,,
71LVXSHecLL,c8/c80e3600.jpg,नेवी,Vector,SHOES,Running Shoes,Mesh,,,
71sJNWeNqmL,18/18dd3f55.jpg,మస్టర్డ్,,SHOES,Ballet Flats,,,,
81+OzKKYnDL,23/232b5b32.jpg,Navy,,SHOES,,Leather,,,
81ek4Dcx4YL,13/133e2fdd.jpg,,,SHOES,Brogue,लेदर,,,
81FGef5IBaL,88/885fa1b3.jpg,Blue/Lime,,SHOES,Running Shoes,Mesh,,Textured,
81xmgTt+5aL,e4/e4a97d83.jpg,Navy,,SHOES,Sneakers,,,,
713rSinbbPL,37/370d5e5a.jpg,Brown,5591,SHOES,Boat Shoes,,,Solid,
619w6XWPKAL,46/4631b142.jpg,Black,Lloydaw18dane,SHOES,Hi-Top Trainers,,,,
817ZRw9HUpL,84/8470f772.jpg,भूरा,,SHOES,Slippers,,,,
815VK8einaL,1f/1ff97028.jpg,Black,6118-03,SHOES,Floaters,,,Solid,
818Fl5kvUXL,c0/c049a3f7.jpg,नीला,,SHOES,Sneakers,,,,
71hGjcGY-3L,10/10b86084.jpg,टैन,S5515,SHOES,डर्बी,,,Solid,
81osOV2vaEL,2b/2bddcd22.jpg,,R3143,SHOES,Botines,,,,
71M9QRZVywL,5e/5ebf80d1.jpg,Brown Brown 03,43510,SHOES,43510,,,,
71g3vkvWFfL,d0/d0e87f2f.jpg,Oro (oro).,Espadrille Trainers,SHOES,Alpargatas,,,,
71KI59MLfbL,4d/4da9f835.jpg,നാവിക,,SHOES,Running Shoes,ഫാബ്രിക്,,,
61jGLIrjUvL,df/df22ad08.jpg,Groen Suede,Driver,SHOES,Instappers,,,,
81C2pab977L,1d/1d5c1bbf.jpg,"വെള്ള, കറുപ്പ്",,SHOES,AZ-YS-193 A_Black_10,Knit,,Solid,
81bqZv5EIgL,7b/7b2397c2.jpg,Negro/Nude Lace,Priscilla Pointed Toe Lace-Up Flat,SHOES,Priscilla Puntera plana con cordones,,textil,,
71SjXuX-1eL,83/834448f4.jpg,नीला,,SHOES,Walking Shoes,,,,
71NTmvbaE6L,0a/0a2472fa.jpg,White,10311,SHOES,10311,,,,
7117baXsXKL,bb/bbf30161.jpg,Blue,Archer,SHOES,Espadrilles,,,,
81WWaGU11cL,1a/1ae3a2be.jpg,Tan,,SHOES,Derby,,,,
71Z7JsrnXoL,60/601105f5.jpg,,Bow,SHOES,Ballet Flat,,,,
71EPuHlSH6L,12/122a1ba9.jpg,Silber Dusted Foil,LOAFER-042,SHOES,Chunky Gumsole Loafer,,,,
81Gq+UnCjIL,c3/c39c7429.jpg,Tan,,SHOES,,Leather,,,
71jZm4MpDbL,6d/6d3b2f1b.jpg,Maroon,Vega-4,SHOES,Running Shoes,Mesh,,,
818AtwtB-KL,20/201c1547.jpg,Zilver,T86bl7099,SHOES,Ballet plat,,,,
81y-s8ODQfL,ad/adae1a3b.jpg,टैन,,SHOES,डर्बी,,,Solid,
71cLGa1c7JL,d0/d03da75c.jpg,Braun Brown Snake Brown Snake,Connie-s2c1-court,SHOES,Closed-Toe Pumps,,,,
71N6fohs2KL,4e/4e1e20f7.jpg,Black Leather,Warren Dress - Plain Cap-Toe,SHOES,Warren Dress - Plain Cap-toe,,100% Leather Upper,,
71ygY38q5yL,fc/fc8dc2e4.jpg,काला,,SHOES,low-top,Canvas,,,
81+9ssXO4sL,0f/0fcc820c.jpg,काला,,SHOES,,लेदर,,,
71vXVWpgTsL,cd/cd1c9ea8.jpg,,,SHOES,,Mesh,,,
71Mgf7HvmkL,0a/0a4f0a45.jpg,Gold,,SHOES,Fashion Slippers,,,,
81Hv+JVs8YL,dc/dc305d05.jpg,नीला,,SHOES,,Synthetic,,,
71Ov2XPcSyL,56/56cf882a.jpg,काला,,SHOES,Running Shoes,Mesh,,,
812C3ulNwtL,26/26d29211.jpg,Black,5907-01,SHOES,Thong Sandals,,,Solid,
71t2PGGxRNL,22/2294ccaa.jpg,काला,Ch 98,SHOES,लोफ़र,,,,
711bOTdEkvL,4c/4ccc95aa.jpg,Green,Lace Up Baseball 2,SHOES,Low-Top Sneakers,,,,
8130Dr-KgmL,c8/c87f9db4.jpg,,,SHOES,,Mesh,,,
81e1MzC2-RL,dd/ddfbe312.jpg,Púrpura,,SHOES,,,100 % Seda,,
81Juz8YmBdL,33/335faa17.jpg,,,SHOES,,सिंथेटिक,,,
81-8z9BJcqL,7f/7f6bfd3b.jpg,నలుపు 2,,SHOES,low-top,Knit,,Solid,
8101ENmYq9L,00/004fa481.jpg,Black/White Knit Textile,Laylah Slip-on Jogger Sneaker,SHOES,Laylah Slip-on Jogger Sneaker,,Textile,,
61DJtLjAl7L,b7/b7de52ed.jpg,ఆప్రికాట్,,SHOES,Ballet Flats,,,,
61Nz6He9ylL,2f/2f756a2c.jpg,सफ़ेद,,SHOES,Sneakers,,,,
71dr9s41XuL,68/68c87dcd.jpg,,Assymetric Cork Sole Leather,SHOES,Scarpe con plateau,,,,
61ISStITwEL,df/df7667f5.jpg,లేత గోధుమరంగు :: టీల్ :: తెలుపు,,SHOES,Sneakers,,,,
71ty1vHz9-L,a6/a6c20823.jpg,BLACK,,SHOES,Sneakers,,,,
61EFWpymNNL,39/396b9b4c.jpg,ചെറി,,SHOES,ഓക്സ്ഫോർഡ്,സിന്തറ്റിക്ക്,,Solid,
71fbe6yH0pL,76/766fd9eb.jpg,Evelina,Albany,SHOES,Albany,,100% sintetico,,
71UeJBKrETL,81/81644292.jpg,Negro Gamuzablack Suede,Ballard Chelsea Bota de Tobillo,SHOES,Ballard Chelsea Bota de tobillo,,gamuza,,
81L6HCYwJjL,5c/5c04ecf7.jpg,Green,,SHOES,,Synthetic,,,
81BRDN3Wf7L,89/895b6670.jpg,Navy,Oxford,SHOES,Oxford,,100% Suede,,
81J9Wxdf1XL,ff/ff4c3d27.jpg,ग्रे(स्लेटी),,SHOES,,Synthetic,,,
81jXbK9Wv8L,05/05f15f9a.jpg,tan,,SHOES,Derby,Synthetic,,,
71DOwFX9MNL,c4/c4e14902.jpg,Black,S5506,SHOES,Moccasins,,,Solid,
71txpahE7ML,b2/b20ec162.jpg,White,,SHOES,Sneakers,,,,
71SaU39lgpL,75/75884ceb.jpg,Green Green Croc,OFER-S-1A-8,SHOES,Low Heel Large Buckle Mule,,,,
91jYEXHJPqL,52/52b7cfea.jpg,ग्रे(स्लेटी),,SHOES,Sneakers,Knit,,Grindle effect,
71lzoIG5GCL,14/14cd5d3e.jpg,വെള്ള,,SHOES,Running Shoes,ഫാബ്രിക്,,,
81lUzSQ98ZL,4e/4ea83a3d.jpg,,,SHOES,,Leather,,,
81bTmflHCQL,13/135b9a9c.jpg,బూడిద,,SHOES,Running Shoes,ఫాబ్రిక్,,,
81c7Q6VMMjL,f8/f84ecfea.jpg,ಹಸಿರು,,SHOES,Running Shoes,ಬಟ್ಟೆ,,,
71T6Phe8ywL,f5/f5554ed5.jpg,बेज (हल्का बादामी),,SHOES,Ankle-Strap,Polyurethane,,,
81JCM2a76gL,90/90b5b249.jpg,Negro Black,Lace Up Baseball,SHOES,Zapatilla alta,,,,
71xo1ntkDnL,d3/d3ba65d0.jpg,,Grays,SHOES,Grays,,,,
71TnN2PFXhL,8a/8aadae0b.jpg,,36940,SHOES,36940,,,,
71vg5m4fKGL,d9/d96ac0fa.jpg,Blanc White,Lace Up Baseball 3,SHOES,Montantes,,,,
81HYnOpEs6L,81/812c3425.jpg,काला,,SHOES,डर्बी,,,,
715ALx4z5uL,10/102bb897.jpg,Black (Black Black),Suede-Look,SHOES,Classic Brogue,,,,
81wTDg5cmAL,0d/0d9a57f1.jpg,Blue,,SHOES,Running Shoes,Mesh,,,
81cWqRPO5LL,9c/9c5cdc50.jpg,tan,,SHOES,,Synthetic,,,
81jaXdI5s6L,76/76b43aea.jpg,BLACK,,SHOES,Running Shoes,Mesh,,,
81uv6+8PL9L,85/854c3a5c.jpg,नीला,,SHOES,Running Shoes,मेश,,,
711TvbASiPL,63/634dfb15.jpg,Blau Marineblau,Fern-s-sh-1-70,SHOES,Fersenriemen.,,,,
511PmFO5K-L,68/68c75bce.jpg,ブラック,定番アイテム,SHOES,Paula チェルシーブーツ プルタブ クラシック,,フェイクレザー100%。,,
910hhww0CXL,f9/f999cf2d.jpg,,,SHOES,,Canvas,,,
81zybOyo0LL,39/39c6a99d.jpg,Black,,SHOES,Derby,,,Solid,
813OYbmaYzL,5f/5ff35778.jpg,ചെറി,Az-st-003b,SHOES,ഡെർബി,,,Solid,
81+KSGtHStL,77/772899ee.jpg,सी ग्रीन,Moda-32,SHOES,Running Shoes,Mesh,,,
81cFh5-xlKL,68/68ba49b0.jpg,Black,,SHOES,Oxford,Leather,,,
71BsAlyEvUL,bc/bc8cfea2.jpg,Brown Chocolate,Mellor,SHOES,Chukka Boots,,,,
81UKZhcRNpL,f5/f5192990.jpg,ऑलिव,Vega-8,SHOES,Running Shoes,Mesh,,,
716hyr7YOjL,5d/5de2b56f.jpg,Gris topo oscuro,Woven Leather,SHOES,Piel tejida.,Cuero,,,
81GG7+ZM3ML,ae/ae45351f.jpg,नीला,,SHOES,,कैनवास,,,
81P-PfPbSeL,4e/4e932066.jpg,ബഹുവർണ്ണം,,SHOES,Running Shoes,മെഷ്,,,
71VVPu9h6sL,cb/cbe81f4d.jpg,Black,,SHOES,Sneakers,Synthetic,,Solid,
51eAlN6q5SL,55/55646d06.jpg,Noir Black With Black Sequins,Glitter Velcro Strap,SHOES,basses,,,,
7167e96z2NL,ee/ee08962b.jpg,Zwart Zwart Zwart,Dubai-s-289,SHOES,Gesloten-teen pompen,,,,
817NnE8eh2L,85/85556f49.jpg,BLUE,,SHOES,Running Shoes,Mesh,,,
71YTqoFsl9L,6a/6acb5b22.jpg,Braun (Pale Tan),Soft Leather Slipper,SHOES,Soft Leather Slipper,,,,
81h8FbIKVbL,59/5961a35b.jpg,ബഹുവർണ്ണം (grey::grey::black::black::black::black),,SHOES,Slip On,സിന്തറ്റിക്ക്,,Solid,
71SVPZK9BmL,2d/2d555d66.jpg,Blau 02,Marrakesch 2217718,SHOES,Mules,,,,
71nqW9bioJL,c8/c80f2d58.jpg,,,SHOES,,Leather,,,
71qh4DwTsOL,e4/e4220f51.jpg,नेवी,,SHOES,Running Shoes,Fabric,,,
81gD9U694tL,ae/ae705d44.jpg,,,SHOES,,Canvas,,,
71h8tu8RI-L,dc/dcd5a83b.jpg,TAN,S5717,SHOES,Boat Shoes,,,Solid,
71zf+vRDA9L,34/340597d7.jpg,Brown,,SHOES,,,Leather,,
91ubon5++5L,63/6381d89d.jpg,Azul Marino,Alexxi Fashion Sin Cordones,SHOES,Alexxi Fashion sin cordones,,,,
81ilnAJgXLL,a4/a479489a.jpg,ചാരനിറം,,SHOES,ഡെർബി,സിന്തറ്റിക്ക്,,Solid,
81WAaLWBVxL,d2/d237256a.jpg,Denim Blue Suede,Lemolo Lace-Up Fashion Sneaker,SHOES,Lemolo Lace-Up Fashion Sneaker,,100% Leather Upper,,
61OOYXRFwpL,a6/a60a241b.jpg,,,SHOES,,सिंथेटिक,,,
81L2XrT6+TL,ce/ce09546a.jpg,ಕಪ್ಪು,Micam-115,SHOES,Walking Shoes,ಜಾಲರಿ (mesh),,,
718JVeGM5ML,fe/feba85ca.jpg,,,SHOES,Derby,Leather,,,
81btlWk6-3L,9a/9afde06c.jpg,,Chunky,SHOES,Brogue,,,,
51fC946lbML,8e/8e1af25a.jpg,Negro,37348,SHOES,37348,,,,
81NLTPpMSEL,46/463f4ef3.jpg,Grey and Red,Loire-280,SHOES,Running Shoes,Mesh,,,
71HlmgWx4-L,84/84286c4c.jpg,Dk Grey,Glint,SHOES,Running Shoes,Mesh,,,
81AeGh0k+EL,0d/0da9a895.jpg,टैन,Az-st-016b,SHOES,Monk,,,Solid,
61ImM2DqXvL,18/18c38237.jpg,Black,Drury,SHOES,Brogue,,,,
71DuwN8C7RL,1b/1b9f09d8.jpg,काला,,SHOES,डर्बी,,,,
819RX7sgRLL,16/16845212.jpg,,,SHOES,,Canvas,,,
81SVjRzeXgL,c2/c2782501.jpg,नीला,,SHOES,Sneakers,,,,
51+XPTw2ZhL,1d/1d4442ba.jpg,White,,SHOES,,,,,
81WOxQJcEfL,ef/ef77791f.jpg,Black,110870,SHOES,110870,,,,
719wb-2jeEL,3d/3d09e243.jpg,ബഹുവർണ്ണം (grey::grey::black::black::black::black),,SHOES,ഓക്സ്ഫോർഡ്,,,Solid,
71IxS05YKJL,3f/3f630f85.jpg,भूरा,,SHOES,डर्बी,,,,
71nooea+eRL,71/7130e669.jpg,Brown,S5550,SHOES,Derby,,,Solid,
71J8DpbEbOL,1c/1c42c3c5.jpg,हरा,,SHOES,Ankle-Strap,Polyurethane,,,
71oArVp12-L,ba/ba14a235.jpg,काला,S5518,SHOES,डर्बी,,,Solid,
71CSlRO+5BL,e3/e3692e4a.jpg,TAN,,SHOES,Derby,,,,
712p0jYnftL,18/18d6800c.jpg,Petal Blush,,SHOES,Jennings Banana Heel Dress Pump,,Leather or Fabric,,
71CNdgTezqL,4f/4f3d4bea.jpg,Rafia Natural,Monika Sandalias Destalonadas Planas Con Banda En H,SHOES,Monika Sandalias Destalonadas Planas con Banda en H,Piel sintética.,"Exterior: 100 % poliéster; Forro: 100% poliuretano; Suela exterior: 64% tejido, 36% caucho termoplástico (TPR)",,
816dB4WempL,db/dbaf9557.jpg,న్యావి,,SHOES,SYM-SS-004_Navy_8 UK,మెష్,,Solid,
71i1rNkkOML,31/31bf0ef1.jpg,,,SHOES,,Synthetic,,,
71Zt3uU3JmL,f0/f0628899.jpg,Beige Taupe Taupe,Edward,SHOES,Mocassins,,,,
71KRzr4stcL,a8/a88e336b.jpg,BLUE,,SHOES,Running Shoes,Mesh,,,
714AwWqewTL,36/367a7d57.jpg,コニャック,Kline,SHOES,,,ポリウレタン100%。,,
7190sHdntmL,46/4618a032.jpg,Blue,,SHOES,Ankle-Strap,Polyurethane,,,
81aSCaCMslL,1b/1ba0873c.jpg,Grey/ Black,Phoenix,SHOES,Running Shoes,Mesh,,,
71XSknxTkkL,f6/f6fc7779.jpg,Ivory Off White,Gotham Suede,SHOES,Mocassin,,,,
81ijn3hwrKL,13/131dee55.jpg,बहु(मल्टी),,SHOES,Flip-Flops,,,,
71NZ9I1MbML,55/55be0a98.jpg,Black (Black),Aston,SHOES,Canvas,,,,
61oGfJXoc+L,47/47cf8f6b.jpg,,,SHOES,,पॉलिएस्टर,,,
71n6Lwqp+HL,50/50313c83.jpg,नेवी,,SHOES,Running Shoes,Mesh,,,
71O5O2mBUcL,ac/ac614a96.jpg,,,SHOES,,Synthetic,,,
71vYWsgPTTL,ca/ca9ce45c.jpg,പച്ച,Virginia,SHOES,Walking Shoes,മെഷ്,,,
71tkbkrKbdL,00/000f953e.jpg,Navy,Anchor,SHOES,Running Shoes,Mesh,,,
71bCacsKVXL,f2/f2fcf3e7.jpg,Multi,,SHOES,Flip-Flops,,,,
81HTqYsdb4L,f4/f4d77efa.jpg,,,SHOES,,Synthetic,,,
710IZcKmtNL,df/dff8685a.jpg,भूरा,,SHOES,Ankle-Strap,Polyurethane,,,
81IhsbWVLlL,16/167b99b4.jpg,,,SHOES,,Polyurethane,,,
71mbHcTrMVL,2d/2dd8f825.jpg,Brown,Nala,SHOES,Ankle-Strap,Synthetic,,,
81L8leqXrPL,8d/8d7c9c42.jpg,नीला,,SHOES,,Synthetic,,,
71Nca1gZTTL,3b/3b2b9021.jpg,ചുവപ്പ്,,SHOES,Sneakers,,,,
61vcbQ+T4SL,ca/caebb347.jpg,,R2221,SHOES,Scarpe con cinturino,Pelle,,,
81K1tLkDm4L,ac/ac9f032a.jpg,काला,,SHOES,Slippers,,,,
81cAjUIm3BL,dd/dde9ee7b.jpg,Black,Dawson Stud Heel Sandal,SHOES,Dawson Stud Heel Sandal,,Leather,,
713msqRan5L,84/84616dc4.jpg,Navy,Jozie Silk Bow Slip-on Sneaker,SHOES,Jozie Silk Bow Slip-on Sneaker,,Fabric or Textile,,
81a0jVWMy7L,2c/2cb9dcba.jpg,,,SHOES,,कैनवास,,,
71E36iM-GDL,ec/ece61f3b.jpg,नीला,,SHOES,Running Shoes,Mesh,,,
61WBM3ODWXL,2a/2a42c998.jpg,Arena,,SHOES,Oxford,,gamuza,,
71m16ZVJZ3L,69/69eff9a7.jpg,,Nispolo,SHOES,Sandalias con correa para el tobillo,,,,
91sEXGWnTKL,e0/e01be8fe.jpg,Blue,,SHOES,AZ-YS-198 A_Blue_11,Polyester,,,
81ZtSg7UiML,86/86c510b6.jpg,Brown 1,,SHOES,Slip On,Synthetic,,Solid,
71d2fqet1WL,e5/e5b6f6fe.jpg,काला,Vega-w1,SHOES,Running Shoes,Mesh,,,
81bWGIuhJFL,ce/ce189da0.jpg,Camo Print,,SHOES,,Canvas,,,
810kijJRSEL,4d/4dde48a8.jpg,Biscuit Marron,Ethan Suede,SHOES,Bottines chelsea,,,,
81TNKZainmL,57/5784dc1c.jpg,మల్టీ,,SHOES,,Knit,,Textured,
71Y4rLRwZSL,95/95bd041f.jpg,ചാരനിറം,,SHOES,Walking Shoes,,,,
81XVFNhRBZL,de/de11557c.jpg,Pink,Jordynn Athletic Sneaker,SHOES,Knitted Unisex Athletic Shoe,,100% Textile,,
81kWB9aqrgL,3c/3cd96149.jpg,Black,,SHOES,Bond Studded Block Heel Sandal,,Leather,,
71ZhSBV1SnL,9f/9fe49415.jpg,Gris Anthracite,Woven Leather,SHOES,Mocassins,,,,
81fUuosAbCL,a2/a2d9e5c6.jpg,,Metallic Amz015,SHOES,Romeinse sandalen,,,,
81j4PEmHmoL,1b/1b230084.jpg,Black,,SHOES,Derby,Synthetic,,Solid,
61ro2dScY8L,6b/6b5e1b5a.jpg,Red,Point Toe Court Closed Toe Kitten Heels,SHOES,Point Toe Court Closed Toe Kitten Heels,,,,
8100Tkt9JHL,46/464d8bd0.jpg,काला,5649,SHOES,लोफ़र,,,Solid,
81AHtGWnvXL,dd/dd551910.jpg,Gold Gold,Metallic Huarache,SHOES,Römersandalen,,,,
81-VRRAYSpL,aa/aa248f8e.jpg,भूरा,,SHOES,Slippers,,,,
715AKb5D3lL,b3/b375feca.jpg,Pink,R2694 Jerry,SHOES,Woven Open Back Leather,,,,
61diVk7eUcL,90/90ac5378.jpg,Cream,,SHOES,Ballet Flats,,,Solid,
71mxNPtXnFL,f3/f3e35b49.jpg,D.Grey and Sky,Grada-31,SHOES,Floaters,,,,
71T7NN9rM4L,f5/f5149e8e.jpg,Brown,,SHOES,Brogue,Leather,,,
71ae8cMQSBL,cd/cd528f54.jpg,,,SHOES,,सिंथेटिक,,,
61ODITdCe6L,d0/d00a4055.jpg,Navy Suede,,SHOES,Queen Anne Kitten Heel Dress Pump,,100% Suede Upper,,
81fDtKx9dKL,5f/5fd92254.jpg,പിങ്ക്,,SHOES,Running Shoes,കോട്ടൺ,,,
91oF9pUkEOL,11/1102fad1.jpg,हरा,,SHOES,,,,,
81WEv8E4bJL,f6/f63e2b81.jpg,,,SHOES,,,,,
81mXwlEz4oL,2b/2befffe9.jpg,Black,,SHOES,Ankle-Strap,Polyurethane,,,
71v06vMPYOL,8c/8ce29aba.jpg,,Dax,SHOES,Dax,,,,
71ur4pDnmbL,0d/0d4d3eec.jpg,ചുവപ്പ്,Virginia,SHOES,Walking Shoes,മെഷ്,,,
81jVutdDabL,21/2121c82d.jpg,నీలం,Evar-sp20-3,SHOES,Running Shoes,నైలాన్,,,
91gKE9WHNzL,19/194fed66.jpg,,Slip On,SHOES,Botines Chelsea,,,,
71uQ7oUDCpL,08/08d058a5.jpg,నలుపు/తెలుపు,,SHOES,Sneakers,కాన్వాస్,,Solid,
71wPdsZqxHL,13/135a96cc.jpg,बेज (हल्का बादामी),,SHOES,Ankle-Strap,Polyurethane,,,
81Dsd94majL,67/675a9dc0.jpg,,Elliot,SHOES,Slippers,,,,
71+NSJGQ6VL,ab/ab09648a.jpg,,#_Innis-s-14,SHOES,Sandalias con Cuña,,,,
710T9tj3mnL,af/afafacc5.jpg,నలుపు,,SHOES,SYM-SS-033_Black_10 UK,మెష్,,,
81wPLmiyzLL,a9/a95e8413.jpg,ചാരനിറം,,SHOES,low-top,ക്യാൻവാസ്,,Solid,
71sTAZXKRBL,30/30530ece.jpg,Black Smart Black Smart Black,Abe_HS01,SHOES,,,,,
61fKQoq4zML,16/16a843e8.jpg,Noir,Fluffy,SHOES,Fluffy,,Dessus 100 % daim véritable avec doublure en fausse fourrure.,,
81rcoArom3L,1d/1def745d.jpg,लाल,Bs146d,SHOES,Flip-Flops,,,,
61cebh4XY0L,e3/e3bcc677.jpg,Rot 75,Pisa 2253320,SHOES,Bailarinas,,,,
711FNQXq2iL,45/454b8ae0.jpg,Dainty,Alba,SHOES,Alba,,100% sintetico,,
71BIcXEPXzL,f9/f936d8c3.jpg,BROWN,,SHOES,Derby,,,,
815duzxWxUL,47/47692b1a.jpg,नेवी,,SHOES,Sneakers,,,,
71ke126ELIL,cf/cf1fd892.jpg,,Ballet-s,SHOES,Ballet Flat,,,,
71ZtE5LU0rL,af/af9b9e3f.jpg,Multi 11,Casablanca 2217902,SHOES,Mules,,,,
812y+kbunsL,1e/1ea9b607.jpg,,Simple Sneaker,SHOES,Basses,,,,
71y7yg9idGL,a3/a3ab5b15.jpg,Black,,SHOES,Sneakers,,,,
712dqYbrjPL,55/5503359a.jpg,Blanco White White,372883,SHOES,Zapatilla baja,,,,
71JzVTUl5zL,b7/b706649f.jpg,Brown 3,,SHOES,Slip On,Synthetic,,Solid,
71VHkESFCkL,9c/9ca22461.jpg,Nero Black,Um1500,SHOES,Scarpe da ginnastica,,,,
71w2zbAcPWL,8d/8d0bc5a0.jpg,,36953,SHOES,Tacones,,,,
71JDfbs5iEL,67/67763e7c.jpg,ചാരനിറം,,SHOES,Walking Shoes,,,,
71hvXHfWlFL,e6/e6b3a572.jpg,Black Smart Black Smart Black,Acton_hs01,SHOES,Acton,,,,
81638szPk9L,c3/c3698509.jpg,Blue/ Black,,SHOES,Sneakers,Canvas,,Stripe Play,
71O9vmeLryL,6e/6e1a69f5.jpg,Black Sport Calf,,SHOES,,,Suede,,
61tfFR0ifzL,ec/ec647c90.jpg,,,SHOES,,,Leather/Textile,,
713QSA+YMrL,96/9686ff10.jpg,Black & olive,Zoom,SHOES,Flip-Flops,,,,
718Fe28nIUL,da/da350367.jpg,Blue Denim,MING-S-1B-108,SHOES,Ming-s-1b-108,,,,
81ZymiX0t9L,b9/b9f3e76a.jpg,വെള്ള,,SHOES,low-top,ക്യാൻവാസ്,,Stripe Play,
81enqLgXIbL,2d/2dbbea5e.jpg,ग्रे(स्लेटी),Mock,SHOES,Running Shoes,Mesh,,,
91m9EtUImGL,27/278c13dc.jpg,Grey,,SHOES,AZ-YS-205 B_Grey_10,Polyester,,,
81YED4LObBL,f4/f43bb823.jpg,Red,,SHOES,Running Shoes,Mesh,,,
91zi604iyjL,c0/c070de82.jpg,,,SHOES,,Canvas,,,
71ESLxWasAL,9b/9bebeeb1.jpg,लाल,,SHOES,Running Shoes,Mesh,,,
91NEqDFE+XL,8a/8af13786.jpg,,,SHOES,,Fabric,,,
616IJ6FCZCL,46/466766a6.jpg,,Elliot,SHOES,Loafers,,,,
71ApKpbX3eL,19/1934e886.jpg,,,SHOES,Everett Botines de tacón alto,,gamuza,,
716OH1cDuoL,21/219e732b.jpg,Black,,SHOES,Nash Oval Heel Ankle Bootie,,Suede,,
61m0nr4ERNL,44/4410f44f.jpg,നഗ്നമായ (ന്യുഡ്),,SHOES,Ballet Flats,,,,
71RCn3-+lrL,4a/4a5cf3fb.jpg,നീല,,SHOES,Walking Shoes,,,,
81tZMQ8JNaL,a9/a9abbff4.jpg,Gold,Mirror Metallic Triple Velcro Strap,SHOES,Low-Top Sneakers,,,,
713XYHyZeUL,64/64251636.jpg,लाल,,SHOES,Running Shoes,Mesh,,,
810-O1xad2L,b9/b9241d5f.jpg,NAVY,,SHOES,Sneakers,,,,
712Ir1AbFjL,7a/7a822974.jpg,Black (Black),36966,SHOES,36966,,,,
61ZRVCQ9vJL,7a/7a5355f5.jpg,,Rhonda,SHOES,Rhonda,,100% Textile,,
61toaTbkRuL,c2/c2055b7c.jpg,,Leather,SHOES,Botines Chelsea,,,,
71Y8QN8vbfL,20/20455aed.jpg,Black Leather,Maxelton Slip on Dress Loafer,SHOES,Maxelton Slip on Dress Loafer,Leather,100% Leather Upper,,
71xEJ6rXdFL,40/40de8c47.jpg,आर्मी ग्रीन,Vega-12,SHOES,Running Shoes,Mesh,,,
81THHiAVALL,50/503e8621.jpg,Black,,SHOES,Ballet Flats,,,Solid,
71KYy9yhabL,3c/3c6ca7d9.jpg,Black Black,Maximum,SHOES,Maximum,,,,
81usHYQFH6L,2a/2a5b0bcb.jpg,നീല,,SHOES,Sneakers,,,,
814RXC4DgkL,f4/f4f31eec.jpg,Tan,,SHOES,Derby,Synthetic,,Solid,
81yZMUhI5VL,f5/f5f48730.jpg,మల్టీ,Canton-55,SHOES,Slippers,కృత్రిమ,,,
71rT4Re-6KL,c2/c2450cd0.jpg,टैन,,SHOES,Brogue,सिंथेटिक,,Solid,
71jwWVjV7VL,72/7265ecc9.jpg,ബഹുവർണ്ണം (grey::blue::white::white::brown::beige),,SHOES,Sneakers,,,,
915DxxebHnL,68/68ab11a6.jpg,,,SHOES,,Synthetic,,,
81q4Q9H94-L,fd/fd75899f.jpg,भूरा,,SHOES,,लेदर,,,
71XxCOYEEeL,83/83770cfa.jpg,काला,,SHOES,डर्बी,Leather,,Textured,
71SdwNeow8L,e6/e6033bd8.jpg,,Amz018/01,SHOES,Cinturino alla caviglia,,,,
71f+rYSGUoL,48/489bb0db.jpg,Midnight Navy Croc Velvet,,SHOES,Daniella Block-heel Ankle Bootie,,Textile/Calf Hair,,
516eCtuZjLL,6f/6faf05df.jpg,Black,Knit Ballet with Sport Outsole,SHOES,Knit Ballet with Sport Outsole,,100% Polyester,,
81GrkjvpVdL,da/dad7c657.jpg,,,SHOES,Rosalee Peep Toe Platform Stiletto Pump,,Synthetic or Leather,,
91jKuF-2NoL,cc/cc555632.jpg,Lime,,SHOES,Sneakers,,,,
81zJuV7BU8L,da/da706ce9.jpg,नेवी,,SHOES,AZ-SH-03F_Blue_9,कैनवास,,Solid,
718++fvbZzL,7a/7ae40f45.jpg,Navy/ Red,Stroke,SHOES,Running Shoes,,,,
71y3KoF6xzL,4e/4e1f5c08.jpg,Marrone Wood Brown Wood Brown,Dax,SHOES,Stivali,,,,
71ivMESonwL,ae/ae41de02.jpg,,Leather,SHOES,Chaussures bateau,,,,
71yq7hIYouL,f2/f20325f9.jpg,Nero Black 01,Korfu 2256522,SHOES,sandali romani,,,,
81jHjgmNgeL,12/1210d07d.jpg,Multi,,SHOES,Flip-Flops,,,,
81E3zrGo-KL,72/72de013b.jpg,Verde Green,Dino,SHOES,Botines,,,,
81qciVOI9DL,18/18a794f0.jpg,Multi,,SHOES,Ankle-Strap,Polyurethane,,,
61-Kcs-KSWL,5a/5a9c2dc6.jpg,,Myer,SHOES,Low-top Sneakers,,,,
819qB6awWWL,8e/8ee059e3.jpg,भूरा,,SHOES,Floaters,Leather,,Solid,
81In33pWf3L,cb/cbc7e73b.jpg,भूरा,Az-ws-126a,SHOES,,Leather,,,
81nfY0UWirL,67/678f62c9.jpg,മൾട്ടി (ബഹു),,SHOES,Flip-Flops,,,,
71FlgMxA4rL,a0/a0e2840a.jpg,Black,5910-01,SHOES,Thong Sandals,,,Solid,
71r4aVVK8mL,b9/b9e5a974.jpg,Black,,SHOES,Derby,,,,
81aLZYAeWpL,79/79a11206.jpg,D Tan,7956-04,SHOES,Derby,,,Solid,
71Ig6jPCacL,6d/6dbb7c21.jpg,Coffee,7746,SHOES,Chukka Boots,,,Solid,
71atPR-CnsL,be/be408eb0.jpg,BLACK/GREY,,SHOES,Running Shoes,Mesh,,,
61eEJD-PzhL,ad/adc28e50.jpg,,,SHOES,,Leather,,,
718PwNgYhOL,14/1486cd12.jpg,Black,,SHOES,Derby,,,Solid,
71xhn2ZRt6L,fe/fe47c2df.jpg,,Dax,SHOES,Botines,,,,
71okLSvfVkL,bb/bb93511b.jpg,,,SHOES,,,,,
81SkCFqcEVL,47/477a1310.jpg,Navy and Red,Loire-181,SHOES,Running Shoes,Mesh,,,
61VMELWlucL,6c/6c86c078.jpg,Nero,Vanna,SHOES,,,,,
71E8xn7sZML,63/63d68ecb.jpg,ചെറി,Az-st-014a,SHOES,ഓക്സ്ഫോർഡ്,,,Solid,
71DY1GVxneL,86/86c67f15.jpg,भूरा,6103-03,SHOES,Fisherman Sandals,Synthetic,,Solid,
71QYUj0zwmL,5b/5bdd77a4.jpg,Black Black,Leda,SHOES,37644,,,,
712yQeW9UzL,07/07cbfc0f.jpg,White/Blue,,SHOES,Sneakers,,,,
91f8aaHNt4L,1a/1a3dc7bc.jpg,मॉव,Micam-118,SHOES,Running Shoes,Mesh,,,
81Stme0uJwL,27/2717afb3.jpg,ग्रे(स्लेटी),,SHOES,Walking Shoes,,,,
71qa9wOSeKL,6b/6b45abfd.jpg,Mahogany,,SHOES,,,Leather,,
71Ls790TCTL,57/5784a267.jpg,Black and Sea Green,Reef-82,SHOES,Running Shoes,Mesh,,,
81d8KX+jYXL,82/822e1ccf.jpg,D.Grey and Black,Moda-6,SHOES,Running Shoes,Mesh,,,
71uSPC-mGGL,81/810b111d.jpg,Navy,5502,SHOES,Sneakers,,,Solid,
81UZ-x4gzXL,63/638a524f.jpg,भूरा,,SHOES,लोफ़र,,,Solid,
61IOj7hUG7L,5d/5d1526fe.jpg,Tan,May,SHOES,May,,100% Synthetic,,
714qw6VqESL,2b/2bdfe4be.jpg,काला,,SHOES,Chukka Boots,Polyurethane,,,
81kRrCQl0SL,69/694444b3.jpg,,,SHOES,,Mesh,,,
51-vhEe+ZKL,d6/d64d4d67.jpg,Braun Caramel Nude,CONNIE-S2C1-Court,SHOES,Connie-s2c1-court,,,,
71hXphU4TQL,e2/e2701ecc.jpg,మల్టీ,Evar-sp20-2,SHOES,Running Shoes,నైలాన్,,,
81HliVJSGaL,bf/bfb55be6.jpg,Negro (Negro),122225,SHOES,122225,,,,
71qvJS8dzbL,ef/efd1d380.jpg,Beige,,SHOES,Ankle-Strap,,,,
81tOn7Qar4L,6d/6db8c33f.jpg,ബഹുവർണ്ണം (grey::grey::black::black::black::black),Az-st-008a,SHOES,ഡെർബി,,,Solid,
81mHJxa3-cL,10/10d9637f.jpg,,,SHOES,,Canvas,,,
71hZjlDk1PL,af/af733af4.jpg,Marrone Chiaro Marrone Gomma,Amz038_leather,SHOES,Scarpe da barca,,,,
81dxBe5NLOL,85/852c9eb6.jpg,,Tippi Western,SHOES,Ankle Boots,,,,
812UFbMPetL,52/525b1f6e.jpg,Petal Blush Satin,Priscilla Pointed Toe Lace-Up Flat,SHOES,Priscilla Pointed Toe Lace-up Flat,,Textile,,
51pZnUCj1+L,78/7817da50.jpg,Beige Nude Nude,Connie-s2c1-court,SHOES,Scarpe col tacco punta chiusa,,,,
81ekkr8rxdL,b7/b71d97b6.jpg,Rose Gold/Metallic Leather,Mercer Dress Pump,SHOES,Mercer Dress Pump,,100% Leather Upper,,
714lZcJAznL,13/13f0746f.jpg,काला,,SHOES,लोफ़र,,,,
813ZUzn4IoL,3f/3f33393d.jpg,,,SHOES,,Canvas,,,
618Nl5ReOaL,f9/f9b0addb.jpg,Tan Nubuck Leather,Elliott Nubuck Leather Flip-flop,SHOES,Elliott Flip-flop,,100% Nubuck Leather Upper,,
61DXMW3CS3L,c0/c0ad4d8c.jpg,Black (Black),Classic Slip-on,SHOES,Open-Back,,,,
71G45FqwmeL,75/755ed374.jpg,,Kitten Heel Court,SHOES,Escarpins Bout  fermé,,,,
81PQwaWE15L,1c/1c341aac.jpg,Denim,,SHOES,Sneakers,,,Solid,
61KJvH6u0pL,15/1505c7ba.jpg,Gris Ice,,SHOES,Oxford,,gamuza,,
81h5NahBLgL,a4/a4ec5c6b.jpg,टैन,,SHOES,डर्बी,,,,
71eXickWsOL,39/39e6ff81.jpg,Silver,369851,SHOES,Ankle Boots,,,,
71R9Iv+SlUL,e7/e71b64b5.jpg,ベージュ（ベージュ）,372887,SHOES,,,,,
71e1dc37wEL,11/11af4c69.jpg,Blue,,SHOES,Loafers,,,,
81LO6zJKAHL,e3/e32409a7.jpg,Black,,SHOES,Loafers,,,,
71kyX6eIDmL,09/09d080ea.jpg,പച്ച (sea green),,SHOES,Walking Shoes,,,,
714ARp8rVSL,53/5345e299.jpg,Black,MING-S-1B-107,SHOES,Espadrilles,,,,
81OTS+U25PL,15/1585b866.jpg,Tan,,SHOES,Loafers,,,Solid,
813G1mtCYNL,1d/1d5b2af7.jpg,Black 5,,SHOES,Derby,Synthetic,,Solid,
71nq18TB-6L,cd/cdc23cee.jpg,నలుపు,Micam-501,SHOES,Running Shoes,మెష్,,,
61aD45DObGL,64/6417c451.jpg,വെള്ള,Magic-3,SHOES,Sneakers,,,,
81X3RvYFonL,8e/8e6e0101.jpg,काला,,SHOES,Running Shoes,Fabric,,,
817eMpyGiLL,b6/b643a60f.jpg,Tan,,SHOES,Slip On,Synthetic,,Solid,
81SVokqxX5L,8b/8bf79abb.jpg,Brown,5904-02,SHOES,Thong Sandals,,,Solid,
71VwdE9znoL,a8/a86375d5.jpg,Tan,6119-02,SHOES,Fisherman Sandals,Synthetic,,Solid,
810Czb-u6gL,e4/e434ab90.jpg,नीला,Micam-22,SHOES,Running Shoes,Mesh,,,
81mhL4omQcL,e9/e922e3b9.jpg,टैन,,SHOES,डर्बी,Synthetic,,Solid,
71wYlHlfg2L,5d/5d1ccd0c.jpg,ബഹുവർണ്ണം,Venus,SHOES,Walking Shoes,മെഷ്,,,
71e9ErRJjaL,f5/f50adea7.jpg,Black,,SHOES,Running Shoes,Mesh,,,
81snaFslcnL,77/771aad7f.jpg,काला,,SHOES,Slip On,सिंथेटिक,,Solid,
71k+4y+vxiL,bc/bcb6479b.jpg,നാവിക,,SHOES,low-top,ലെതർ,,Solid,
81zjUoHmPfL,56/56d87463.jpg,ग्रे(स्लेटी),,SHOES,Sneakers,Knit,,Textured,
717YKcBjuhL,81/8164d9d6.jpg,Negro,,SHOES,,,cuero,,
81sMTtlEwtL,b4/b49d4948.jpg,टैन,,SHOES,डर्बी,Synthetic,,Solid,
81UyvIvj5YL,0b/0b665d3a.jpg,നീല,,SHOES,Walking Shoes,,,,
71wmQR0KYOL,e0/e0070bb2.jpg,പച്ച (olive green),Ch 145,SHOES,ലോഫേഴ്‌സ്,,,,
61FNNbOTCAL,03/03ea2bd0.jpg,Brown Napa Tan,Alias,SHOES,Derby Lace-Up,,,,
714tF0VNWkL,a4/a461df64.jpg,Blau (Dark Blue),Weave Leather,SHOES,Weave Leather Sneakers,,,,
81aQCiX3qJL,60/60f6d615.jpg,Red,,SHOES,AZ-YS-190 B_Red_11,Synthetic,,,
81m1ruySeHL,f4/f4594cc0.jpg,Taupe,Taking Control Slip-on,SHOES,Taking Control Slip-on,,,,
81OQQBm70SL,6e/6e910690.jpg,नेवी,,SHOES,,लेदर,,,
61ykEZhk3AL,08/08d758cf.jpg,,,SHOES,,Synthetic,,,
81tMuHPDxoL,c6/c6a84661.jpg,ग्रे(स्लेटी),,SHOES,Running Shoes,Mesh,,,
81iszzqi6mL,21/2180af70.jpg,బూడిద,,SHOES,Walking Shoes,,,,
81Ygp+5Sr-L,04/04ac7c8a.jpg,नीला,,SHOES,Sneakers,,,,
61PJhAPhKmL,36/36cc5717.jpg,Beige Blush Nude,Kitten Heel Court,SHOES,Pumps,,,,
81zcYNY25oL,ab/ab3597da.jpg,നാവിക,,SHOES,Walking Shoes,,,Printed,
81prIy3AW9L,45/457e83f1.jpg,Grey/Yellow,,SHOES,Sneakers,,,,
71RFYHsKgsL,18/184979a0.jpg,Black,,SHOES,Loafers,,,,
61DZb1BgcWL,6c/6c9938c2.jpg,Blue,,SHOES,Modern,,,,
81+p5BNykSL,eb/ebc601ed.jpg,Blush Champagne/Silver Ice Satin,,SHOES,Gabriela High-heel Cross-strap Platform Dress Sandal,,Textile,,
71kUenG5bKL,37/3700cbab.jpg,Blu Navy,Amz122,SHOES,Mocassini,,,,
81HFxsNEjfL,54/545e80eb.jpg,Grau Grey,Mellor Suede,SHOES,Chukka Boots,,,,
71P1PPsfQGL,f7/f76ccb71.jpg,गुलाबी,Micam-20,SHOES,Walking Shoes,,,,
716OnzjJx3L,11/11a1eb90.jpg,Turq,,SHOES,Sneakers,,,,
71-+Nvb0zIL,28/2882fc23.jpg,വെള്ള,,SHOES,low-top,സിന്തറ്റിക്ക്,,Color Block,
71RNMzdpuYL,43/435bbc7a.jpg,नीला,,SHOES,Running Shoes,मेश,,,
81xBBDVNzKL,60/6046d444.jpg,Sea Green and Navy,Gallery-22,SHOES,Slippers,,,,
71VVBQGhhXL,c7/c715d5ad.jpg,BLACK,,SHOES,Running Shoes,Cotton,,,
81NAeu8IiVL,11/11c9e278.jpg,Blue,,SHOES,Ankle-Strap,Polyurethane,,,
81hhOUkIF+L,d8/d85da75e.jpg,टैन,,SHOES,लोफ़र,Polyurethane,,,
71pLzSKb21L,e5/e5dcfa0c.jpg,,Point Heel Court,SHOES,Mary Jane,,,,
71SiYFy7cHL,ac/acad5588.jpg,Pastell 73,Ballina 2256407,SHOES,Ballina 2256407,,,,
81QSgNE07ML,59/59272d65.jpg,L.GREY,,SHOES,Running Shoes,Cotton,,,
81Rdcandz9L,66/6609c9da.jpg,Blu Navy Rosa,Splender - Top Con Lacci,SHOES,Splender - Top con lacci,,,,
81klCJEF1jL,a8/a839366f.jpg,,,SHOES,,Canvas,,,
81oMM7c2voL,63/631db35d.jpg,ബഹുവർണ്ണം,,SHOES,Running Shoes,മെഷ്,,,
71EjjCHskHL,f0/f0697dca.jpg,,,SHOES,,,,,
71jsvxhBMyL,35/358e7155.jpg,bruin,Allen,SHOES,slipper,,,,
81Ha+aB-5BL,57/5763aa3a.jpg,,,SHOES,,Canvas,,,
71rffHxFz+L,d1/d19e4eaa.jpg,सफ़ेद काला,,SHOES,Running Shoes,Mesh,,,
612pTPqY4ML,43/430f183d.jpg,Black (Black),Anton,SHOES,Anton,,,,
71stN8xOH9L,30/3099b0ba.jpg,काला/सफ़ेद,,SHOES,Running Shoes,Mesh,,,
81pLF8-gWyL,7e/7eb19485.jpg,,,SHOES,,Canvas,,,
71vagbkGH3L,81/8139ae56.jpg,ग्रे(स्लेटी),Ch 126,SHOES,लोफ़र,,,,
81kOJ5DzBfL,a6/a63d208e.jpg,തവിട്ടുനിറം (ടാൻ),,SHOES,ഓക്സ്ഫോർഡ്,,,Solid,
91pu+g+dLiL,15/15cb2fd8.jpg,Black/White,MOSSLY,SHOES,Mossly Mesh Slip-on Casual Sneaker,,,,
71vmVEr+7YL,07/075e5493.jpg,Noir,Bernadine,SHOES,Bernadine,,,,
81s3Kt3TzuL,54/5434dac9.jpg,काला,,SHOES,Walking Shoes,,,,
61aLaNSw28L,33/332993e0.jpg,Marron Chocolate Brown Chocolate Brown,Finnick,SHOES,Mocassins,,,,
91tfT25Z3cL,b7/b7f7d93c.jpg,Red,,SHOES,Walking Shoes,,,,
61SIY1IPhQL,89/89cc18dc.jpg,Braun Chocolate Nude café coloración del cabello,DUBAI-S-254,SHOES,Mary Jane - Bomba,,,,
71aebO326EL,b9/b973834f.jpg,:: ఎరుపు,,SHOES,Sneakers,కాన్వాస్,,Solid,
81KMF5OgdYL,60/605a6527.jpg,Argent Silver100,Paris K,SHOES,Escarpins,,,,
71inOdymyyL,29/2988f081.jpg,सफ़ेद,,SHOES,Running Shoes,Polyurethane,,,
81xMlHhl4vL,62/6291319b.jpg,नीला,,SHOES,Sneakers,Canvas,,Solid,
71J0gIhsZRL,dc/dc5ba215.jpg,,Ming-s-1b-108,SHOES,Espadrillas,,,,
81TD7wRfVHL,1b/1b6c6f63.jpg,,,SHOES,,Canvas,,,
51pywIZvKUL,89/892a8172.jpg,Camel,Belice Women's Ballet Flat,SHOES,Zapatos de ballet para mujer,,100% sintético,,
81uLcahpp5L,1f/1f4ea5ec.jpg,ग्रे(स्लेटी),,SHOES,Chelsea Boots,सिंथेटिक,,,
71G2O8UNFnL,1a/1a83069c.jpg,Olive Suede,Roxana Block Heel Mule with Feather Pom,SHOES,Roxana Block Heel Mule With Feather Pom,,Suede,,
91L2M2hwyML,8e/8e6ee2d8.jpg,Rose gold,SHEEN & LUSTER,SHOES,Sheen & Luster Zapatillas con cordones,,,,
81Yk5Zqa26L,8e/8ea101dd.jpg,Black,,SHOES,Oxford,,,,
71H+s8bUqiL,5c/5c493f5a.jpg,Bubble Gum Pink Suede,Roxana Block Heel Mule with Feather Pom,SHOES,Roxana Block Heel Mule with Feather Pom,,Suede,,
71q5X-7KH4L,4d/4d6ed205.jpg,నలుపు,,SHOES,oxford,,,Solid,
812ID5VyJ1L,a7/a7589fbb.jpg,న్యావి,,SHOES,Walking Shoes,,,,
81GSvv93F+L,63/632e0122.jpg,ചുവപ്പ്,,SHOES,Sneakers,Knit,,Solid,
719gmda4SaL,30/30d1f79b.jpg,नीला,,SHOES,Running Shoes,मेश,,,
91MCy5GYp8L,e6/e69e23a2.jpg,भूरा,,SHOES,low-top,लेदर,,,
519Le3a9bUL,42/425b5f0f.jpg,White White,Alma,SHOES,Leather Low-top Sneakers,,,,
81r3J4AIfnL,a8/a8c8c108.jpg,BLUE,,SHOES,Sneakers,,,,
81jqrLg9zFL,88/88225d97.jpg,सफ़ेद,,SHOES,Running Shoes,Mesh,,,
81s-6vNVfhL,39/391412d2.jpg,काला,,SHOES,Running Shoes,मेश,,,
719JtCzhamL,3c/3c83319f.jpg,काला,,SHOES,ऑक्सफ़ोर्ड,Synthetic,,Solid,
71jR-Q+hKnL,83/83ed8da8.jpg,Rouge Red,Twin Elastic Skate,SHOES,Chaussures de Tennis,,,,
81y9K7MahZL,82/82c492a3.jpg,,,SHOES,,Synthetic,,,
71Aay6u2woL,2a/2a25e253.jpg,NAVY,,SHOES,Sneakers,,,,
816MX5mUWRL,51/51eab2a4.jpg,న్యావి,Canton-45,SHOES,Sliders,కృత్రిమ,,,
7150S7SRVSL,33/3396e609.jpg,Black,6101-01,SHOES,Fisherman Sandals,Synthetic,,Solid,
71VgzFXnYeL,6b/6bfb0f1c.jpg,Black,,SHOES,Ballet Flats,,,,
81sIwj9qCQL,ac/ac7646f8.jpg,Verde azulado,,SHOES,,,48% Silk/52% Wool,,
71DPbkLDMBL,8e/8e09f9a4.jpg,വെള്ള,,SHOES,AZ-YS-06A_White_10,ക്യാൻവാസ്,,Solid,
71nSb7PbvFL,cc/cce36bb0.jpg,Tan,,SHOES,Ankle-Strap,,,,
71A8O6XIQGL,10/104a3774.jpg,బీజ్,,SHOES,Ballet Flats,,,,
717iZLNBNqL,53/533413de.jpg,Camel,,SHOES,Ballet Flats,,,Solid,
81x6xqXpT5L,87/876be93d.jpg,Rose Multicolore,On-it Baskets À Lacets,SHOES,On-it Baskets à lacets,,,,
71OVRhEB4zL,b7/b781ebda.jpg,ബഹുവർണ്ണം (grey::grey::black::black::black::black),,SHOES,Running Shoes,മെഷ്,,,
81rr2RWDzvL,29/295447bb.jpg,,Genevieve Platform Sandal with Pearl Embellished Heel,SHOES,,,textil,,
81T6hjJMaJL,36/36d178cf.jpg,BROWN,,SHOES,Slip On,Synthetic,,Solid,
71+LmqHV8AL,82/827235b7.jpg,గులాబి,,SHOES,Ballet Flats,,,,
81kIiYtGI7L,22/226e1376.jpg,सफ़ेद,,SHOES,Running Shoes,Polyurethane,,,
710VCl0ypgL,c4/c4f8fd76.jpg,,Glitter Velcro Strap,SHOES,Sneaker,,,,
81WeiZ2MIHL,67/6760c2a7.jpg,नीला,,SHOES,low-top,पॉलिएस्टर,,,
71kIrjiP6mL,ad/ad645fca.jpg,Multhi,,SHOES,Ballet Flats,,,,
810dzXogYvL,98/98fdf3a1.jpg,బీజ్,,SHOES,Sneakers,కాన్వాస్,,Solid,
81utrD-RNkL,9e/9e31ed3c.jpg,ബഹുവർണ്ണം (grey::grey::black::black::black::black),,SHOES,Running Shoes,മെഷ്,,,
71RfGemr61L,7b/7bb729f7.jpg,Multicolour (Multicolor),36897,SHOES,36897,,,,
71R+MhJ+lPL,32/32bdf6ea.jpg,टैन,,SHOES,लोफ़र,,,,
71shgB1d+GL,68/683f451a.jpg,Silver Leather,Adelaide D'orsay Dress Pump,SHOES,Adelaide D'orsay Dress Pump,,100% Leather Upper,,
81QGyJ2gTEL,af/afe82269.jpg,Rot Burgundy,Marin,SHOES,Chelsea Boots,,,,
81Z5bQbv4UL,07/073b0370.jpg,Brown,,SHOES,Derby,,,,
71eTWwr6EHL,74/74613e89.jpg,बेज (हल्का बादामी),,SHOES,Walking Shoes,,,,
71SFt8nyoEL,f1/f1af87f3.jpg,Negro Black Black,Connie2c45,SHOES,Merceditas,,,,
61RGSAYOboL,37/372cd4dc.jpg,Zwart Suede,Giuliana Block Heel Mule,SHOES,Giuliana blok hak Mule,,,,
41QkKNBzYfL,ee/eed157f1.jpg,Bianco,Valencia Pointed Toe Mule,SHOES,Valencia - Mule a punta,,Tessuto/ecopelle.,,
81ea1lpOjcL,cf/cf412018.jpg,Tan,,SHOES,Oxford,Leather,,,
71p8f+WuG+L,21/219d6534.jpg,Argento,Valencia Pointed Toe Mule,SHOES,"Valencia Sandali slip-on, a punta",,Tessuto/Ecopelle,,
71ZfS6zzNpL,ab/abae40d6.jpg,Braun (Brown Brown),Weave Leather,SHOES,Weave Leather Loafers,,,,
71uCDuogZuL,e0/e0c8dedb.jpg,Black Wool,Galen,SHOES,Galen,,"56% Wool, 26% Polyester, 9% Nylon, 8% Viscose, 1% Other Fibers",,
812dDBv8ipL,50/50bcbedf.jpg,,,SHOES,,Cotton,,,
813gsl291ZL,5f/5fc59f7a.jpg,മൾട്ടി (ബഹു),Canton-36,SHOES,Sliders,സിന്തറ്റിക്ക്,,,
71APY-XajzL,23/239e5321.jpg,Black,5600,SHOES,Derby,,,Solid,
71NmiTNay2L,21/211e72c6.jpg,Tan / Navy,,SHOES,Oxford,Synthetic,,Solid,
81nG5fmjrlL,59/59273ebd.jpg,काला,,SHOES,Running Shoes,Mesh,,,
71uJU0T643L,db/db7dd250.jpg,टैन,,SHOES,डर्बी,Synthetic,,Solid,
71bdMtjnL2L,7c/7ca11608.jpg,Gray Suede,Pearson Moccasin Slipper,SHOES,Pearson Moccasin Slipper,,Suede Upper & Genuine Shearling Lining,,
912dwjv-1ZL,f1/f1a6f604.jpg,Noir,Glitz & Gleam Fashion Slip-on,SHOES,Glitz & Gleam Fashion Slip-on,,,,
81MXDThq+dL,3e/3ed438c8.jpg,आसमानी नीला,,SHOES,लोफ़र,,,Solid,
71RBbjmlJJL,cb/cb395407.jpg,ബഹുവർണ്ണം (grey::grey::black::black::black::black),,SHOES,Ballet Flats,,,,
81x-cM6ZKcL,ea/ea84e0d8.jpg,BLACK/GREY,,SHOES,Running Shoes,Mesh,,,
71JJMbZ15IL,37/3765a95b.jpg,काला,,SHOES,Walking Shoes,,,,
71L4LS8Vq4L,48/483756c6.jpg,Marrón Brown Brown,119al0675,SHOES,afilada,,,,
714L3gyb1-L,cb/cb26e3b4.jpg,Silver Sequin,Erica Round-toe Sequin Ballet Flat,SHOES,Erica Round-toe Sequin Ballet Flat,,Textile,,
71njC39VppL,a5/a54f5ad2.jpg,White (White),FIND Men's Aston Trainers,SHOES,Canvas,,Canvas,,
61aeti88lhL,29/2935b747.jpg,Groen Diep Groen 03,125658,SHOES,Open sandalen met wighak,,,,
81BCUqLLsxL,ea/ea21c031.jpg,Groene Khaki Suede,Suede High Top,SHOES,Hi-Top Trainers,,,,
81EO9kqqlsL,61/61d59d4a.jpg,लाल,,SHOES,Sneakers,Mesh,,Textured,
71ePlPbya1L,fd/fd6d1672.jpg,,R2966-1,SHOES,slipper,,,,
718V-09-XqL,0a/0a82668e.jpg,Beige (Tan Tan),Weave Leather,SHOES,Loafers,,,,
71iNjYrtSPL,57/57faa622.jpg,Negro (negro negro).,LloydAW18Danby,SHOES,Lloydaw18danby,,,,
81SLSgozp7L,3e/3eb57bc3.jpg,Brown 2,,SHOES,Derby,Synthetic,,Solid,
51FpzNoO7fL,37/372f710c.jpg,Beige Blush Nude,CONNIE-S2C1-Court,SHOES,Point Toe Court Closed Toe Kitten Heels,,,,
71KS2WHQiFL,5e/5ed9d7bf.jpg,പിങ്ക്,,SHOES,Sneakers,,,,
71W19gttdTL,af/af024863.jpg,BLACK,,SHOES,Running Shoes,Mesh,,,
71Evojg4IAL,ec/ec8ba190.jpg,BLACK,,SHOES,Running Shoes,Mesh,,,
81FXGI9F88L,ee/ee64bb84.jpg,लाल,Canton-22,SHOES,Slippers,,,,
71iggbn4OrL,45/45dcd30b.jpg,Silver Metallic Leather,,SHOES,Madison Ballet Flat,,Leather,,
81+49JGZLmL,86/8606b4ef.jpg,Black/Star Print Leather,,SHOES,Delany Block-heel Chelsea Ankle Boot,,cuero,,
711dVAgb5wL,4f/4f84048d.jpg,काला,,SHOES,लोफ़र,,,,
71LJYSBfhaL,83/8311a49f.jpg,BLACK,,SHOES,Ballet Flats,,,,
71LNVJ286fL,c0/c0749f20.jpg,Red,Sapphire,SHOES,Running Shoes,Mesh,,,
71SqdMrGb6L,c3/c32f3ad7.jpg,Grijze houtskool,Dax,SHOES,Enkellaarzen,,,,
71jFw+x1wxL,34/34536c04.jpg,सफ़ेद,,SHOES,Running Shoes,Fabric,,,
71vHbdYmO+L,97/979ef892.jpg,Brown,,SHOES,Loafers,,,,
81nV8BVt3ZL,99/99c247c5.jpg,काला,,SHOES,Sneakers,PU,,Solid,
71kizSQkc1L,e2/e2b2a2a8.jpg,Maroon and Black,Vega-14,SHOES,Running Shoes,Mesh,,,
81mbB2XxDlL,0d/0d2ceab8.jpg,,Estrella Pointed Toe Mary Jane Ballet Flat,SHOES,Estrella Pointed Toe Mary Jane Ballet Flat,,100% Textile,,
714Dl701gEL,60/602c6918.jpg,नेवी,,SHOES,,कैनवास,,,
71hu86h6RKL,b4/b4f9be23.jpg,Petrol,,SHOES,Rosalee Peep Toe Platform Stiletto Pump,,100% Leather,,
81laaqzXv4L,1f/1fc12ab0.jpg,Black,,SHOES,Ankle-Strap,Polyurethane,,,
81+XHRbVOtL,f8/f864912c.jpg,మల్టీ,,SHOES,Flip-Flops,,,,
71d14D9S4gL,b7/b739a3c6.jpg,सफ़ेद,,SHOES,Running Shoes,Polyurethane,,,
61EcUfG6gvL,aa/aaa177ae.jpg,Cruz V2 Fresh Foam,Shelly,SHOES,Shelly,,100% tela di cotone,,
71G2xh3+swL,7c/7c4088f0.jpg,Silver Metallic,,SHOES,Oliviah Moroccan Closed-toe Flat Slide Sandal,,100%皮革,,
91nu2ZWPIQL,5d/5dac5177.jpg,नेवी,,SHOES,डर्बी,,,,
71lkfcz3TcL,db/db18ffce.jpg,Wine Suede,,SHOES,Lyla Poms Ankle Bootie,,Suede,,
81JY7sIKVmL,8c/8c14cfd6.jpg,Negro,IGLER,SHOES,Igler - Zapatillas de lona,,,,
811QBJUjJLL,de/de7b2ca3.jpg,Brown (Snake Snake),Point Heel Court,SHOES,Mary Jane Pump,,,,
71mdeuGEyVL,2e/2e8af033.jpg,काला/लाल,,SHOES,Running Shoes,Fabric,,,
81e9zbE8ZSL,81/81687e74.jpg,लाल और ग्रे (स्लेटी),Loire-184,SHOES,Running Shoes,Mesh,,,
71+19KOc7XL,3a/3aa5ba0f.jpg,:: ఎరుపు,,SHOES,AZ-YS-201 A_Red_6,పాలియురేతేన్,,Solid,
71Wb5BrEx-L,eb/eb121256.jpg,,,SHOES,Page Block Heel Ghillie Sandal,Suede,麂皮绒,,
81+tXl8d8NL,d1/d16c82d2.jpg,टैन,,SHOES,डर्बी,Synthetic,,Textured,
718GyxKkEOL,1a/1afc6e3f.jpg,,Amz122,SHOES,Slippers,,,,
91claPVZ-rL,97/97468fa7.jpg,Blue,,SHOES,Sneakers,,,,
81-c7pGSGxL,f0/f0855a25.jpg,,,SHOES,,सिंथेटिक,,,
71AUXrs6leL,00/000de7e4.jpg,Cruz V2 Fresh Foam,Rumor,SHOES,Rumor,,100% sintetico,,
71DVzmgKZSL,a9/a9e01fe2.jpg,Grey,,SHOES,Sneakers,,,Solid,
71u5kEZQtYL,d2/d29fc52b.jpg,,,SHOES,Georgetown Cap-toe Oxford,Leather,皮革,,
817oSYWJILL,09/097345de.jpg,काला,,SHOES,low-top,सिंथेटिक,,,
71HzwDm+VlL,56/56d2cd1c.jpg,Rojo (Bordo),Kudo-2w5-01,SHOES,Kudo-2w5-01.,,,,
71biy4jHGIL,65/6534d8e8.jpg,White,Classic Canvas Slip on Sneaker,SHOES,Classic Canvas Slip on Sneaker,,100% Canvas,,
71BumfkMoCL,b4/b400dd46.jpg,,Dafnee Loafer Slide with Pearl Buckle,SHOES,Dafnee Loafer Slide With Pearl Buckle,,Textile,,
61o-M0UVQ4L,80/802975ae.jpg,പിങ്ക്,,SHOES,Ballet Flats,,,,
613HrLMtoLL,2a/2af1ff5b.jpg,ചാരനിറം,,SHOES,Sneakers,,,,
61Ewvd1ZbAL,ee/eead8326.jpg,Beige Tan Tan,M-5878,SHOES,Plateforme,,,,
71yweSSBo+L,e5/e5acd5ba.jpg,Nude,,SHOES,Ankle-Strap,Polyurethane,,,
81Nm5OIz4mL,d3/d31f5dfe.jpg,ఆకుపచ్చ,,SHOES,Sneakers,పాలియురేతేన్,,Solid,
813kojLWxHL,85/85cd52f6.jpg,काला,,SHOES,Thong Sandals,Leather,,Solid,
81+YzErrWRL,af/affccd84.jpg,हरा,,SHOES,Running Shoes,,,,
71iprsHngDL,79/79eb5b60.jpg,black leather,Merritt Round Toe Block Heel Pump - Low,SHOES,Merritt Round Toe Block Heel Pump - Low,,100% Leather Upper,,
91NRcFf7jOL,e8/e845f410.jpg,Mauve,Alexxi Fashion Slip-on,SHOES,Alexxi Fashion Slip-on,,,,
81E8YBXLo-L,27/2705e4b7.jpg,,36941,SHOES,Open-teen pumps,,,,
81NLLxqStbL,f3/f3ebcd0d.jpg,Grey,,SHOES,Sneakers,,,Solid,
71BMMuCixaL,e1/e1866f82.jpg,ग्रे(स्लेटी),,SHOES,Running Shoes,मेश,,,
81vGfen5D1L,de/de1810d7.jpg,काला,,SHOES,Running Shoes,Mesh,,,
61YN+nuiJcL,1a/1ad23da5.jpg,,Darcy,SHOES,terlik,,,,
81gIOcmbP-L,90/909231e8.jpg,Green,Shoe,SHOES,Shoe,,,,
71eq3u6IxtL,59/59e02c12.jpg,ബഹുവർണ്ണം (grey::blue::white::white::brown::beige),,SHOES,Ballet Flats,,,,
816RC0hk2yL,75/75a5e612.jpg,charcoal wool,Rayford,SHOES,Rayford,,,,
81lWMMRQUXL,b2/b27c876c.jpg,बहु(मल्टी),,SHOES,Flip-Flops,,,,
61+I9qdqpqL,75/75737787.jpg,,10311a,SHOES,,Pelle,,,
71XbM0JlHzL,9b/9b308d45.jpg,Light Grey,,SHOES,Running Shoes,Mesh,,,
81tup6cu0sL,2f/2fb28103.jpg,Black,#_Abbott,SHOES,Chunky Brogues,,,,
716tmI9NXjL,db/db20fd35.jpg,Denim,Ella,SHOES,Ella,,100% Canvas,,
61F2ezv5p6L,3e/3e5f55fd.jpg,Negro Black,Maximum Penny Loafer,SHOES,Castellanos,,,,
7109ChSFb7L,61/612e23da.jpg,Rojo Dk Tan,123142,SHOES,Botas estilo mocasín,,,,
81KQYVy59nL,a0/a0bcea13.jpg,,,SHOES,,पॉलिएस्टर,,,
811meQOcCEL,b5/b5e36e69.jpg,Navy,,SHOES,SYM-SS-025_Navy_10 UK (44 EU) (11 US),Fabric,,Solid,
818yx4lBhcL,92/9284181c.jpg,टैन,Az-ws-267b,SHOES,,लेदर,,,
71VefZUa83L,9b/9b877c22.jpg,कॉफ़ी,,SHOES,लोफ़र,,,,
71LsDmWyx2L,0e/0eb5e213.jpg,नेवी,,SHOES,Chelsea Boots,Polyurethane,,,
51iorbUXqhL,2d/2d4a546e.jpg,Leopardo,Frankie Pointed Toe Flat Mule Slide,SHOES,Frankie Toe plana con punta deslizante,,100% Microgamuza,,
71CpXeHRmmL,87/87412684.jpg,,Crossover Gladiator,SHOES,Crossover Gladiator Sandals,,,,
71Ci6NkR9-L,ef/efc60fb3.jpg,വെള്ള,,SHOES,Sneakers,,,,
71YOC9Nu5oL,68/68cc712a.jpg,,Bfa001amz02302170210,SHOES,"lage schoenen, mary jane",,,,
81onhRcbFEL,b2/b21ea9bc.jpg,బూడిద,,SHOES,Sneakers,కాన్వాస్,,Solid,
81JzvpNe64L,38/3875d3af.jpg,,,SHOES,,Canvas,,,
61cV+UnTTvL,b0/b02e197d.jpg,Black Leather,,SHOES,Madison Ballet Flat,,Leather,,
61pQJKumvIL,2c/2cdb3161.jpg,Negro Black Black,Innis-s1a14,SHOES,Sandalias con Cuña,,,,
711QqONJqBL,80/80c212e7.jpg,Gold,,SHOES,Ankle-Strap,,,,
81n3rIWQrLL,3e/3e7e1438.jpg,ചാരനിറം,,SHOES,Walking Shoes,,,Solid,
81fQHVMoyHL,41/4156f812.jpg,Pink,,SHOES,Running Shoes,Fabric,,,
81U5Ajg-r6L,03/03b48ece.jpg,ചാരനിറം,Evar-sp20-1,SHOES,Running Shoes,നൈലോൺ,,,
81I0lfaf-HL,1f/1f60458d.jpg,Tan,Slumber,SHOES,Slumber,,,,
71iDGgm8S5L,39/390f0a7a.jpg,D Grey,6111-01,SHOES,Fisherman Sandals,Synthetic,,Solid,
81CqR2Tz0gL,88/88651b4c.jpg,ഒലിവ്,,SHOES,low-top,പോളിസ്റ്റർ,,Solid,
81QrWkmh8KL,4a/4ab65951.jpg,బూడిద,,SHOES,low-top,పాలిస్టర్,,Grindle Effect,
81Qx4W3gHRL,48/48578a4c.jpg,Black Party Glitter Textile,,SHOES,,,gamuza/tejidos,,
71s7016n0bL,d2/d2f3f2ef.jpg,टैन,,SHOES,Oxford,सिंथेटिक,,Solid,
71-QEV8pf3L,9b/9b317e0e.jpg,टैन,6101-03,SHOES,Fisherman Sandals,Synthetic,,Solid,
71sbLdL7OTL,0f/0fad946e.jpg,,,SHOES,,,,,
71sCCEmrPpL,92/922e6365.jpg,Brown,Ch 141,SHOES,Loafers,,,,
71j9iRj27TL,50/507dd6ea.jpg,ऑलिव,,SHOES,Running Shoes,Mesh,,,
71XOuPphh6L,2f/2f85b176.jpg,पीच,,SHOES,Ankle-Strap,Polyurethane,,,
71FHZrgNbxL,a4/a4fbc2ef.jpg,काला,,SHOES,Running Shoes,Mesh,,,
81u0qlyz7bL,91/9172888b.jpg,లేత గోధుమరంగు :: టీల్ :: తెలుపు,,SHOES,Running Shoes,ఫాబ్రిక్,,,
61SLAcKhneL,16/16e42592.jpg,Bruin tan,Mendel,SHOES,Derby Vetersluiting,,,,
71UO37+BP5L,a2/a21cbeaf.jpg,,Iconic,SHOES,zegelschoenen,,,,
813wb3-cjsL,c2/c218efb8.jpg,टैन,,SHOES,Derby,सिंथेटिक,,Solid,
818BwfcQlhL,7f/7f9b332a.jpg,टैन,Az-sy-423,SHOES,ऑक्सफ़ोर्ड,,,,
81Js6Cli-LL,a6/a6f2388d.jpg,नीला,,SHOES,Ankle-Strap,Polyurethane,,,
71diQ52b3PL,68/68d9883f.jpg,Petal Blush,,SHOES,Mocasín sin cordones con diseño floral francés,,gamuza/tejidos,,
71RRAwnS-cL,8b/8b45706a.jpg,Black Croco,Diem Pointed Toe Slide,SHOES,Diem Pointed Toe Slide,,cuero,,
81snxkIDVML,d3/d321a28d.jpg,Negro Black,T03fl7001,SHOES,Tacones,,,,
81pDE05pKuL,5c/5cccc213.jpg,,Classic Casual,SHOES,Chukka Boots,,,,
81STqEPbgUL,4d/4d0ba224.jpg,ചാരനിറം,,SHOES,Running Shoes,ഫാബ്രിക്,,,
81yaVQQp3iL,10/1027f6f1.jpg,चेरी,,SHOES,Ankle-Strap,Polyurethane,,,
81DPQZKlM8L,23/237be808.jpg,Elephant Grey Suede,,SHOES,,,cuero,,
71BuTIgVOgL,cb/cb5a08a9.jpg,Navy Leather,Parker 2 Ballet Flat,SHOES,Joy Ballet Flat,,100% Leather Upper,,
71YFK2nnS6L,77/775b7d32.jpg,Oro Gold,124058,SHOES,Scarpe con cinturino,,,,
71J0-8MhCyL,ee/ee9ca57a.jpg,Black Wool,Tracy,SHOES,Tracy,,"57% Wool, 28% Polyester, 8% Nylon, 7% other fibers",,
71eFUUDk4UL,3c/3cbeeaa1.jpg,लाल,Vega-w7,SHOES,Running Shoes,Mesh,,,
71JspQ+tBbL,72/72cf7dab.jpg,काला,,SHOES,ऑक्सफ़ोर्ड,Synthetic,,Textured,
71bronvtkJL,2a/2a76c567.jpg,,,SHOES,,Polyester,,,
71F9xE2hNYL,3d/3d5a8ab9.jpg,White,,SHOES,Sneakers,Synthetic,,Color Block,
81BmSj4vfOL,5e/5e4b3f0e.jpg,Beige,,SHOES,Sneakers,Mesh,,Textured,
71P33ZvmvDL,93/93b12421.jpg,బూడిద,,SHOES,Ballet Flats,,,,
71wdzyOSQaL,4d/4ddd3301.jpg,,,SHOES,,Leather,,,
81X-ZAodJAL,72/7283c893.jpg,Grey and Black,Vega Pearl-1,SHOES,Running Shoes,,,,
81+42BCTDOL,ad/ad6e515a.jpg,ग्रे(स्लेटी),,SHOES,Walking Shoes,Fabric,,,
81NSvvQsFZL,18/183952a6.jpg,ग्रे(स्लेटी),,SHOES,Walking Shoes,,,,
71Be6HuCh6L,7a/7a37ba0b.jpg,లేత గోధుమరంగు :: టీల్ :: తెలుపు,,SHOES,SYM-SS-027_White_6 UK,మెష్,,,
61c8zn3KbNL,85/8590c020.jpg,Natural Embossed Croc,Pattie High Block Heeled Mule Sandal,SHOES,Pattie High Block Heeled Mule Sandal,,Upper: 100% Polyurethane; Outer: 100% Rubber,,
71YD0P7BFFL,ac/acd1f3c4.jpg,Black,119al0055,SHOES,119al0055,,,,
817Z7ONe2XL,29/293937a9.jpg,Rosa Pink,Lace Up Baseball,SHOES,A collo basso,,,,
81oRlHQQ0tL,5e/5effdff6.jpg,Olive,Micam-23,SHOES,Running Shoes,Mesh,,,
71C0L61rnEL,a2/a2af4f93.jpg,,Callow,SHOES,Brogue,,,,
712JXHYhzJL,a4/a47550d4.jpg,बहुरंग,,SHOES,AZ-KY-315A_Black/White_6,Synthetic,,,
8154s87h9QL,dc/dc68497d.jpg,,,SHOES,,Polyester,,,
91q4Osly6RL,d2/d22eba4d.jpg,बेज (हल्का बादामी),,SHOES,,लेदर,,,
71eni0qV45L,5b/5b2cfecf.jpg,Silver,Metallic Bow,SHOES,Metallic Bow,,,,
61ikh1Zu49L,b2/b28d7385.jpg,Black,Square Toe Block Heel Slingback,SHOES,Closed-Toe Pumps,,,,
81qhqzodCAL,02/021d9add.jpg,White Silver,Surprise Hit Lace-up Fashion Sneaker,SHOES,Surprise Hit Lace-up Fashion Sneaker,,,,
61TuQmpzG8L,fa/fa8d31e4.jpg,Chocolate Brown Nubuck Leather,,SHOES,Elliott Flip-flop,,100% Nubuck Leather Upper,,
7158eBWL+JL,7a/7af158e3.jpg,Brown,,SHOES,Ballet Flats,,,Solid,
71ST8r1sfmL,8d/8d686b08.jpg,café (Tan 250),Callow,SHOES,Natural Rand Chelsea Botas,,,,
81Q1yG2siUL,38/38a95c38.jpg,,,SHOES,,Canvas,,,
717HdhMtRiL,51/51e24b37.jpg,,36904,SHOES,36904,,,,
81xg0L9nYOL,8e/8ec1a6f2.jpg,नेवी,,SHOES,,कैनवास,,,
81lMRkJ1DXL,6d/6d692c0d.jpg,ग्रे(स्लेटी),,SHOES,Walking Shoes,,,,
71G-cSWoQGL,ed/edc344be.jpg,सफ़ेद,,SHOES,Running Shoes,Mesh,,,
61g-vK7dS4L,13/1361da5e.jpg,Blanc,Paulina Mules Bicolores À Bout Pointu,SHOES,Paulina Mules Bicolores à Bout Pointu,,100 % microsuède,,
71-9ssX1r2L,5e/5e457bc6.jpg,सफ़ेद,,SHOES,Sneakers,,,,
81mSAqMUvBL,0a/0a680921.jpg,Braun (Chocolate/ Gum),Moccasin,SHOES,Moccasin,,,,
71EY1IYkZ4L,bc/bc6118b6.jpg,Mahogany,,SHOES,,,Leather,,
81GFT3+29uL,8b/8b93a253.jpg,सुनहरा,,SHOES,Slingback,Polyurethane,,,
71sxfY9ZqRL,af/af9c6c1f.jpg,,Fern-s-1-68,SHOES,Stivali,,,,
81LDV8eobwL,2d/2d75090a.jpg,Zwarte Dalamtion Print Dalamtion Print,M-5881,SHOES,Lage Top Sneakers,,,,
817XxVrbdML,db/dbc0e351.jpg,Grey,Anchor,SHOES,Running Shoes,Mesh,,,
71YN8WPqpQL,c9/c94b0bc7.jpg,L.Grey,,SHOES,Running Shoes,Mesh,,,
6143CdqR2WL,86/86eaabfd.jpg,പിങ്ക്,,SHOES,Ballet Flats,,,,
81w0bpDLz3L,de/de7dcfad.jpg,:: ఎరుపు,,SHOES,Sneakers,,,,
713iW+kZyuL,b3/b3414ffe.jpg,मैरून,,SHOES,Running Shoes,Mesh,,,
71W5xOVhKzL,97/972743d0.jpg,,,SHOES,,Mesh,,,
81xerB6sRcL,d9/d9dfbf89.jpg,Black,Az-ws-112a,SHOES,Derby,Leather,,,
719jfLb1qKL,03/034942a5.jpg,Black (Black),,SHOES,,,,,
81YwFQsFWfL,1b/1b40e1be.jpg,క్రిమ్సన్,,SHOES,Sneakers,,,,
81EU6vW7LyL,4f/4f632835.jpg,Brown,,SHOES,Derby,Leather,,,
81wp+hdqTJL,18/185d4a42.jpg,White Multi,On-it Lace-up Sneaker,SHOES,On-it Lace-up Sneaker,,,,
81xiYrRpUQL,50/504e3de8.jpg,Purple Plum,Felix-1w1-112,SHOES,Felix-1w1-112,,,,
41eR9Mq8RwL,89/89acb955.jpg,,,SHOES,Foley Tassel Slide Sandal,,皮革,,
81+hGYnUB1L,22/224417e0.jpg,नीला,,SHOES,Running Shoes,Mesh,,,
81rJsIHWbwL,78/785f860c.jpg,BLACK,,SHOES,Running Shoes,Mesh,,,
81M89VL24gL,f9/f968fcdf.jpg,കറുപ്പ് 2,,SHOES,ഓക്സ്ഫോർഡ്,സിന്തറ്റിക്ക്,,Solid,
71Xjj7uXiDL,f1/f15d3281.jpg,പിങ്ക്,,SHOES,Ballet Flats,,,,
81i9FtXUDeL,c6/c661af1e.jpg,Red,,SHOES,,Canvas,,,
91F7tdLmEXL,fa/fa812174.jpg,Red,,SHOES,Sneakers,,,,
61psLFyEZpL,bc/bc0119a2.jpg,Schwarze Velourslederoptik,Laila Sling Back Dress Pump,SHOES,Laila Sling Back Dress Pump,,,,
71UREQHUR7L,1b/1b8b28f9.jpg,,Lace-s-2-46,SHOES,Sandali,,,,
81HHfgwNm9L,5e/5e5851c3.jpg,Brown 4,,SHOES,Derby,Synthetic,,Solid,
81GEam2ckoL,fc/fc54d96d.jpg,D.Grey and Black,Moda-23,SHOES,Running Shoes,Mesh,,,
81lihRVhMLL,90/908b80db.jpg,बेज (हल्का बादामी),1421,SHOES,डर्बी,,,Solid,
61KaAyzxFYL,d6/d64ee7a7.jpg,काला,,SHOES,Ankle-Strap,Polyurethane,,,
81GKeJXPjBL,02/02faa1d5.jpg,बेज (हल्का बादामी),,SHOES,लोफ़र,,,Solid,
71j7CVEA-UL,1c/1c370e8b.jpg,,Clermont,SHOES,Espadrilles,,,,
716bP-lei6L,e8/e85b366c.jpg,Maroon,,SHOES,Ballet Flats,,,,
81bVonJ7GeL,ee/eebd1b83.jpg,Black,,SHOES,Derby,Leather,,,
71N7x0C7bsL,03/033afc7e.jpg,भूरा,,SHOES,ऑक्सफ़ोर्ड,,,Solid,
715qJw6QWZL,72/72b55d59.jpg,ലാവെൻഡർ,Virginia,SHOES,Walking Shoes,മെഷ്,,,
81R2tfZhFfL,8c/8c9b8bf6.jpg,काला,,SHOES,Floaters,Leather,,Solid,
81EUkxPVa-L,09/09cdf735.jpg,ചുവപ്പ്,,SHOES,low-top,Knit,,Grindle effect,
81S60T9tHnL,ff/ff6e295b.jpg,लाल,,SHOES,Running Shoes,Fabric,,,
81xUIdvWSXL,d6/d61f90f8.jpg,Black,,SHOES,Derby,Leather,,,
81cJ337qm4L,2f/2f338cca.jpg,బ్రౌన్,Canton-66,SHOES,Slippers,,,,
71PlAwPUivL,ac/ac382d24.jpg,Navy,Classic Canvas Slip on Sneaker,SHOES,Classic Canvas Slip on Sneaker,,100% Canvas,,
81ZFZWmoKyL,53/538baad9.jpg,भूरा,,SHOES,डर्बी,Synthetic,,Solid,
71d9NPpSi3L,4d/4d85fd7f.jpg,Brown Tan,Slip_on,SHOES,Gladiator,,,,
71J1p7TUk1L,73/735a7de4.jpg,Multi,,SHOES,Flip-Flops,,,,
71vWTKrrxNL,76/76b71c39.jpg,మల్టీకలర్,,SHOES,Sneakers,,,,
81MBLiZ8PgL,dc/dc5c2870.jpg,బూడిద,,SHOES,Sneakers,కాన్వాస్,,Stripe Play,
71ul+0QbRJL,da/da76b0ff.jpg,Negro Black Black,Amz17001,SHOES,Zapatilla alta,,,,
81aD0d+84CL,32/32b4150f.jpg,തവിട്ട്,,SHOES,ഡെർബി,,,,
819QLy8aypL,63/63f6bdbe.jpg,Black,5585,SHOES,Derby,,,Solid,
71I3D69bFwL,14/1435d740.jpg,भूरा,,SHOES,लोफ़र,,,,
71umzql61wL,81/81c435b6.jpg,గులాబి,,SHOES,లోఅఫెర్స్,,,,
81kwJex98nL,a6/a64b16cd.jpg,नेवी,,SHOES,Slippers,,,,
61roe3XgAhL,db/db78a9ec.jpg,Serpent,Tara Bout Pointu Slingblack,SHOES,Tara Bout pointu Slingblack,,100 % similicuir,,
91hexer7FwL,e4/e4a0501b.jpg,ブラック/ローズゴールド。,SURPRISE HIT,SHOES,,,,,
81YxhdSZfbL,9d/9d2978a2.jpg,गहरा ग्रे(स्लेटी),,SHOES,Running Shoes,Mesh,,,
71x+RyTisQL,84/842e21c1.jpg,Nude,,SHOES,Ballet Flats,,,Solid,
61prk5Iug5L,da/da1858f7.jpg,Elfenbein Bone,Dalia,SHOES,Dalia,,,,
61jTVds-8VL,7e/7e821528.jpg,,Felix1w1112,SHOES,Brogue,,,,
71UjKEvN53L,50/5031e678.jpg,Marron Chocolate Suede,Drepy-001,SHOES,Bottes Chelsea,Cuir,,,
81udYRTPKaL,c8/c8909ca9.jpg,Black/ Pink,Delight,SHOES,Running Shoes,,,,
81jUYyRnZtL,09/099a656b.jpg,भूरा,,SHOES,Slip On,सिंथेटिक,,Solid,
71rUekcTV3L,1f/1f413a4f.jpg,Black,,SHOES,Sneakers,,,,
81D+ahhw+DL,c4/c495c531.jpg,Navy and Pink,Reef-509,SHOES,Running Shoes,,,,
81ethSmZPUL,bc/bcb66082.jpg,Cherry,,SHOES,Derby,,,Solid,
71zrGQJhvUL,fc/fc387cfd.jpg,काला,,SHOES,Ankle-Strap,Polyurethane,,,
71c9OEFkQHL,d1/d1498cac.jpg,Black,,SHOES,Ballet Flats,,,,
41KLdeG6BDL,6b/6b22e1aa.jpg,White,#_INNIS-S-10,SHOES,#_Innis-s-10,,,,
81VH3Q0rImL,a5/a5e3054c.jpg,Pink,Lace Up Metallic,SHOES,Lace Up Metallic,,,,
61mhunIgy3L,5e/5e48d058.jpg,काला,,SHOES,डर्बी,Synthetic,,Solid,
71D2-0HD22L,7e/7e36b3ed.jpg,,Kitten Heel Court,SHOES,Scarpe col tacco punta chiusa,,,,
71x5SdFaLcL,ed/ede205b6.jpg,Chocolate Suede,Bower Collapsible Back Moccasin Slipper,SHOES,Bower Collapsible Back Moccasin Slipper,,Suede Upper & Genuine Shearling Lining,,
719e87JCKIL,70/7005498f.jpg,Bruin Cognac,AMZ038_Leather,SHOES,Zeilschoenen,,,,
71gLSLdSfOL,cc/cc977413.jpg,Blu Navy Navy,Addison,SHOES,Mocassini,,,,
819ck5B5IOL,b4/b418dac1.jpg,,Casual Ankle Leather,SHOES,Ankle Boots,,,,
81b4VXu9McL,38/3803a2ee.jpg,Bleu Blue,Casual Leather,SHOES,Chaussures à Scratch,,,,
71ToUpJJexL,7b/7b5bff00.jpg,లేత గోధుమరంగు :: టీల్ :: తెలుపు,,SHOES,Sneakers,కాన్వాస్,,Solid,
81VuU-OhjgL,6c/6cd58e78.jpg,Black White,Issel Lace-up Casual,SHOES,Issel Lace-up Casual,,,,
81k2CZFgf3L,12/12458200.jpg,sunshine satin,Felicia Slingback Kitten Heel Pump with Pearls,SHOES,Felicia Slingback Kitten Heel Pump with Pearls,,Textile,,
81t+OY48FyL,02/02328179.jpg,टैन,,SHOES,डर्बी,,,,
71yH8aRgiyL,1d/1d18b4f1.jpg,లేత గోధుమరంగు :: టీల్ :: తెలుపు,,SHOES,Running Shoes,మెష్,,,
81Yu5+jYdmL,d0/d0a2047d.jpg,काला,,SHOES,Fashion Slippers,,,,
71Ml12Hpf5L,be/be82c563.jpg,チェスナット,,SHOES,,,100%本物のスエードアッパー、フェイクファーの裏地。,,
81y-VlVcR0L,9b/9b930419.jpg,Navy and Sky,Gallery-16,SHOES,Slippers,,,,
71+PVH5Ak9L,82/82105901.jpg,Black,N-7529sleek,SHOES,Ankle Boots,,,,
91nQ8u-tVkL,93/933b69d0.jpg,Blue Jeans Blue,Boot,SHOES,Boot,,,,
71XBMnLTK-L,11/11601b33.jpg,Multi,,SHOES,Flip-Flops,,,,
71v+AKqvlTL,45/4569045a.jpg,Royal Blue,,SHOES,Running Shoes,Mesh,,,
81W9AcNzeKL,5a/5a961e7c.jpg,Gray Anthracite,Arland Driver Loafer,SHOES,Arland Driver Loafer,,,,
81k0GHhYN0L,06/06008ddb.jpg,White,,SHOES,Sneakers,,,,
81HFgiem1LL,91/91575c1a.jpg,Tan,,SHOES,Riding Boots,,Leather,,
71-nsDfWGFL,28/28868cf2.jpg,Denim Blue Suede,Cooper Perforated Slip-on Fashion Sneaker,SHOES,Cooper Perforated Slip-on Fashion Sneaker,,100% Suede Upper,,
71nqmpHyqAL,3d/3d9bbbc3.jpg,Gamuza aceitada pulida negra,,SHOES,Capitol Chelsea Bota de tobillo,,Oiled Suede,,
81CNMtFrHEL,39/39ded0b1.jpg,,,SHOES,,सिंथेटिक,,,
81768aGHe2L,a0/a048888d.jpg,:: ఎరుపు,,SHOES,Sneakers,కాన్వాస్,,Solid,
71tWuiDeOEL,9a/9a95f500.jpg,Black,6108-02,SHOES,Fisherman Sandals,Synthetic,,Solid,
617DmI6DDsL,82/82cef01b.jpg,ग्रे(स्लेटी),Bs147c,SHOES,Flip-Flops,,,,
81OnnkNH8tL,2d/2d34ab26.jpg,Blauw Lichtblauw Suede,Driver,SHOES,Instappers,,,,
71A+pqdpEeL,9a/9ad7f9cf.jpg,Navy Camo Satin,Daphne Satin Fringe Loafer,SHOES,,,raso,,
71Q3d8uQshL,40/4003c9c8.jpg,Argento Silver,Glitter,SHOES,Ballerine,,,,
81YAJkihyOL,c7/c7ab8e71.jpg,Negro,V1402a,SHOES,V1402a.,,,,
71xHEKXirIL,a8/a89b46d8.jpg,బూడిద,,SHOES,Running Shoes,మెష్,,,
91sa55jrC8L,a0/a0770894.jpg,M.Grey/ Pink,,SHOES,Sneakers,,,,
61xyYj41C1L,64/6484eeb2.jpg,Black,Soft Leather,SHOES,Soft Leather Loafer,,,,
81w55JxSTaL,04/041f14d1.jpg,ಬೂದು,,SHOES,Running Shoes,ಬಟ್ಟೆ,,,
81YdlaG45AL,ea/ea617b44.jpg,,Simple Joys By Carter's Jodynn Knitted Athletic Sneaker,SHOES,Knitted Unisex Athletic Shoe,,,,
81DmJsb9qeL,ec/ec803655.jpg,Brown Tan Nubuk,Andy-1w4-001,SHOES,ANDY-1W4-001,,,,
815nocrrvsL,b7/b79c8cd6.jpg,Beige/Sky,,SHOES,low-top,लेदर,,Solid,
81qz0WtMETL,d3/d3dfc639.jpg,Braun Tan,Ashby Suede,SHOES,Brogue,,,,
81s6-09dmqL,05/0585297d.jpg,ग्रे(स्लेटी),,SHOES,Running Shoes,Mesh,,,
61gnma746pL,84/84468945.jpg,Dainty,Conrad,SHOES,,,,,
71zarvV4AmL,ae/aef7ca06.jpg,,Rebecca Strappy High Block Heel Sandal,SHOES,Rebecca Strappy High Block Heel Sandal,,,,
71d7DRIBMnL,1f/1f17dcaa.jpg,सफ़ेद,,SHOES,Running Shoes,,,,
71rNs-Y4-xL,42/42dee76b.jpg,नीला,,SHOES,Ankle-Strap,Polyurethane,,,
81sRI27TryL,18/188365a4.jpg,ग्रे(स्लेटी),,SHOES,low-top,सिंथेटिक,,Color Block,
81LGMdEGmcL,95/95c945ee.jpg,Havana Tan,,SHOES,Bonilla Block Heel Cutout Tribal Sandal,Suede,皮革,,
51V0IpGtIlL,6f/6f18d638.jpg,Negro,Berlin Block Heeled Sandal,SHOES,Berlin Sandalias de tacón ancho,,Textil/piel sintética.,,
81MOUI4WFOL,7b/7b42944b.jpg,നീല,,SHOES,Walking Shoes,,,Printed,
91N+XA1gb5L,f7/f71b56e3.jpg,Navy and Sky,Reef-14,SHOES,Sneakers,,,,
7180pfLPyzL,68/684f7593.jpg,,,SHOES,,सिंथेटिक,,,
71xfAUvInyL,60/602d09df.jpg,Beige,,SHOES,Sneakers,,,,
71Ry81CP3NL,fc/fc26db30.jpg,Navy/Camel,,SHOES,Sneakers,,,,
61xDHuB8OdL,c0/c03fb843.jpg,,#_Smiler-007,SHOES,#_Smiler-007,,,,
81P3vJwulZL,8f/8f19da06.jpg,നാവിക,,SHOES,Sneakers,,,,
61HcrP4vxUL,43/43bb477b.jpg,బూడిద,,SHOES,Ballet Flats,,,,
51pTaofZVYL,b3/b3bc2bbe.jpg,Beige Beige Nude,Connie-s2c1-court,SHOES,Zapatos de tacón con punta cerrada,,,,
71-7yYYg4lL,ea/ea63f5b1.jpg,ಬಹುವರ್ಣ,,SHOES,Running Shoes,ಜಾಲರಿ (mesh),,,
81rtc0GdSRL,46/466b08a8.jpg,टैन,,SHOES,डर्बी,Synthetic,,Solid,
71XWAf+igLL,20/202f3207.jpg,भूरा,,SHOES,ऑक्सफ़ोर्ड,,,Solid,
81gyvaLqsnL,17/17b3f0bd.jpg,,Fashion Cloud,SHOES,Low-Top,,,,
81vuHQFu5yL,b8/b830f4e0.jpg,Dark Brown/Orange Sun,,SHOES,Garza Whipstitch Platform Sandal,Leather,皮革/反毛皮,,
81Xgk8Lho1L,8c/8c533aab.jpg,काला,,SHOES,ऑक्सफ़ोर्ड,Synthetic,,Solid,
91o3sEfJt9L,01/011a2444.jpg,M.Grey / Black,,SHOES,Sneakers,,,,
71ERpbLg4+L,22/22a5c69a.jpg,പിങ്ക്,,SHOES,Running Shoes,ഫാബ്രിക്,,,
818HDGkmZxL,53/53fa27fc.jpg,,Wedge Two Part,SHOES,Espadrille,,,,
71yEIJAs4oL,2e/2e429c74.jpg,Negro,Mome,SHOES,Mamá,,100% cuero,,
81grK0v3m5L,3b/3be1368b.jpg,ग्रे(स्लेटी),,SHOES,Sneakers,,,,
71QZ51e6nML,fb/fb0a3d26.jpg,Black,Cooley Three Buckle Closed-toe Mary Jane Pump,SHOES,Cooley Three Buckle Closed-toe Mary Jane Pump,,Leather,,
810XLU+PsqL,66/66f46edb.jpg,ऑलिव,,SHOES,Oxford,Synthetic,,Textured,
71Ix-l9a-pL,63/630379e1.jpg,White/ Yellow,,SHOES,Sneakers,,,,
71iE9bYs-NL,b7/b757facf.jpg,ग्रे(स्लेटी),Bs148d,SHOES,Flip-Flops,,,,
81Z9C2+7M-L,12/122f459f.jpg,White,,SHOES,SYM-SS-039_White_9 UK,Mesh,,,
71NXzHJur8L,77/776fc33c.jpg,सफ़ेद,,SHOES,Running Shoes,Mesh,,,
71wWTKMT4WL,9b/9b38a7d9.jpg,भूरा,,SHOES,लोफ़र,,,,
81cRczaq4pL,cc/ccd29b52.jpg,ചെറി,,SHOES,Moccasins,സിന്തറ്റിക്ക്,,Solid,
711pu1oPR5L,f4/f4770f15.jpg,Off White,,SHOES,Soft Leather Loafers,,,,
71Q1t5z3TIL,5b/5b34c02e.jpg,വെള്ള,,SHOES,Sneakers,,,,
7169UxHEeCL,66/6647c154.jpg,CHERRY,,SHOES,Derby,,,,
81kYqNywL4L,5b/5bee3c50.jpg,लाल,,SHOES,,सिंथेटिक,,,
618yR05NaIL,c1/c1c52ef5.jpg,Cruz V2 Fresh Foam,Casual Slip On Canvas Flat With Sport Bottom,SHOES,Slip on casual in tela con fondo sportivo,,100% tela,,
710Q2DDJQ7L,5b/5b60f776.jpg,കറുപ്പ് 1,,SHOES,ഡെർബി,സിന്തറ്റിക്ക്,,Solid,
81LJTgtj-SL,ab/ab9683c8.jpg,നീല,Micam-306,SHOES,Running Shoes,മെഷ്,,,
71lGTHe4CgL,08/08824c43.jpg,കറുപ്പ് 2,,SHOES,ഡെർബി,സിന്തറ്റിക്ക്,,Solid,
51aE81sMR+L,12/12bbad2b.jpg,,Point Block Heel Slingback,SHOES,Scarpe con cinturino,,,,
810M5QLSryL,c9/c952affa.jpg,Mahroon,,SHOES,low-top,Knit,,Color Block,
81AWZkK1y9L,32/322bf474.jpg,Black,,SHOES,low-top,Leather,,,
81-G83nuK4L,07/074f96a0.jpg,0,,SHOES,,सिंथेटिक,,,
71etLb3ib6L,5d/5d0c1389.jpg,,Cone Sandal,SHOES,Salomés,,,,
71lO4SYnuKL,34/34f6613a.jpg,Bleu Blau 72,Korsika-sport 2257215,SHOES,Mules,,,,
812Z66+gDaL,60/60e4abe6.jpg,,,SHOES,,Canvas,,,
61sDbJyGEiL,96/9652a644.jpg,లేత గోధుమరంగు :: టీల్ :: తెలుపు,Micam-502,SHOES,Running Shoes,మెష్,,,
71LgXsXNnWL,af/af3f5243.jpg,Blue Light Blue,Myer,SHOES,Leather Low-Top Sneakers,,,,
81mq1GwSASL,1b/1b33440a.jpg,Grey Truffle Nubuk,Drepy-01w4-001,SHOES,DREPY-01W4-001,,,,
81JWT+nb6CL,b4/b42c2820.jpg,Black and Grey,Reef-13,SHOES,Sneakers,,,,
71hAXKUgCTL,4b/4bf372cb.jpg,,Saddle Driver,SHOES,Saddle Driver,,,,
61wugOh7uyL,84/8478f05b.jpg,വെള്ള,Magic-19,SHOES,Sneakers,,,,
71OVSa0qg3L,4b/4bb0fc46.jpg,Weiss 77,Rhodos 2252708,SHOES,Loafers,,,,
7178G8o2H-L,2b/2b27c9ea.jpg,White (White),36907,SHOES,36907,,,,
71AnvDfmO2L,3e/3ec2286a.jpg,Black/ Red,Zurich,SHOES,Running Shoes,Mesh,,,
71SEFAFKl1L,33/3304c4b8.jpg,Fushia,Isabella,SHOES,Running Shoes,,,,
81skEEw7a5L,0e/0e6d8355.jpg,,,SHOES,,,,,
71OrkQ63CgL,8c/8cee7adf.jpg,काला,,SHOES,डर्बी,Synthetic,,Solid,
7134xAkX04L,96/9653ef95.jpg,सफ़ेद,,SHOES,Running Shoes,Fabric,,,
710wXEBcMVL,e2/e28a6e70.jpg,പിങ്ക്,,SHOES,Ballet Flats,,,,
81IjkrbZv+L,25/2549c4f5.jpg,काला,,SHOES,Slippers,,,,
81Tp6q1HHlL,69/694c0e3d.jpg,Petal Blush,,SHOES,Cantu Ruffle Ankle Wrap Sandal,,皮革,,
813M5gjorAL,4a/4a79a8ee.jpg,Turquoise,,SHOES,Running Shoes,Mesh,,,
71yFWU5xu0L,3e/3e69f51b.jpg,TAN,S5760,SHOES,Sneakers,,,Solid,
71eVJovOceL,2a/2a266f07.jpg,Rot 75,Pisa 2253320,SHOES,Ballerine,,,,
71ShxKFaQHL,e5/e5238601.jpg,Black,,SHOES,Sneakers,,,,
81JRvZ4IlTL,48/48b8ffa5.jpg,NAVY,,SHOES,Running Shoes,Mesh,,,
711Xt8I3NDL,c6/c6821f1e.jpg,,Fita,SHOES,Stivaletti alla caviglia,Pelle,,,
818iEP9Ky3L,22/22362bc1.jpg,Black/Red,,SHOES,Running Shoes,Mesh,,Textured,
71FrquTV99L,e9/e9078d29.jpg,NAVY+WHITE,,SHOES,Sneakers,,,,
71v96VfRplL,48/48abd42d.jpg,Sky and Grey,Vega-g4,SHOES,Running Shoes,,,,
819D64zEzAL,2b/2b9e351c.jpg,काला,,SHOES,low-top,सिंथेटिक,,Color Block,
91txct1EB7L,bb/bb50fcb2.jpg,Navy,,SHOES,,Canvas,,,
819SytMrNKL,81/8130043d.jpg,,Archer,SHOES,Modello slip-on,,,,
71wgUPhuDnL,6a/6abbc356.jpg,Schwarz 70,Korsika 2257287,SHOES,Tira vertical,,,,
81AWinuplAL,95/95afafd8.jpg,Black,Farah Single Buckle Platform Sandal,SHOES,Farah Single Buckle Platform Sandal,,100% Leather,,
81Hduy1XNFL,13/130a2b20.jpg,Black,,SHOES,Sneakers,,,,
91my-tu8UsL,b4/b460390e.jpg,Matte Silver/Metallic,Dawson Stud Heel Sandal,SHOES,Dawson Stud Heel Sandal,,Leather,,
410SDo-z4nL,2b/2b397eb7.jpg,Grey,123957,SHOES,123957,,,,
71cGMJziI3L,9b/9bb83203.jpg,,Driver 2,SHOES,Loafers,,,,
71BxUkOQFkL,e6/e6c5d919.jpg,काला,Gallery-4,SHOES,Slippers,,,,
714MIHoDuAL,f3/f3b2ce38.jpg,Nude Leather,Queen Anne Kitten Heel Dress Pump,SHOES,Queen Anne Kitten Heel Dress Pump,,Upper,,
81s2cQ4UVML,2d/2df033d1.jpg,,,SHOES,,Synthetic,,,
71gA2sPOt7L,c9/c99de04c.jpg,Grey,Ella,SHOES,Ella,,,,
71IfhkXbNSL,34/34204f40.jpg,भूरा,Az-om-233b,SHOES,,लेदर,,,
71tuZ9LYjrL,b9/b9207377.jpg,Light Brown,Arland Driver,SHOES,Loafers,,,,
819rcn4uytL,4b/4be191ad.jpg,GREY,,SHOES,Running Shoes,Mesh,,,
81jcoZJ0LuL,b9/b94da3fd.jpg,काला,,SHOES,लोफ़र,,,,
71EXgWJpjpL,17/17a659d8.jpg,Grey (Grey),T99al7009r,SHOES,T99al7009r,,,,
81MnpM1I--L,7f/7f72c984.jpg,ఆకుపచ్చ,,SHOES,Sneakers,కాన్వాస్,,Solid,
81DdoJKsOKL,e2/e254737b.jpg,L.Green,,SHOES,,लेदर,,,
81bNhAd2IuL,c8/c89735e1.jpg,बहु(मल्टी),,SHOES,Flip-Flops,,,,
8182nNUXNNL,0a/0a9cc8d0.jpg,Black,5902-01,SHOES,Thong Sandals,,,Solid,
71M57Zf7QAL,e3/e3c3a07e.jpg,,Marcello,SHOES,Marcello,,,,
911LUYzkS4L,90/90a26c54.jpg,tan,,SHOES,Brogue,Suede,,,
811Vx84FxzL,a8/a8fb976a.jpg,भूरा,Az-ky-301a,SHOES,डर्बी,,,Solid,
81Xu6IzJgGL,47/47e29a39.jpg,black,,SHOES,Derby,Synthetic,,,
71JPDX4do5L,5f/5feeba6f.jpg,बहु(मल्टी),,SHOES,Flip-Flops,,,,
81a4pZk0NML,03/036b8054.jpg,Tan,,SHOES,Derby,,,,
71LZiF6xl6L,4c/4cf4d007.jpg,सफ़ेद,,SHOES,Running Shoes,Fabric,,,
81cUpuA587L,e9/e9e111eb.jpg,काला,,SHOES,डर्बी,,,,
816erCNSdFL,6b/6bf16d0e.jpg,Blue,,SHOES,,Synthetic,,,
712dzTst22L,f9/f90a1e17.jpg,Black,,SHOES,Loafers,,,,
81e3Yse2rSL,7f/7fc30d68.jpg,ಗುಲಾಬಿ,,SHOES,Running Shoes,ಜಾಲರಿ (mesh),,,
71GfDg5v6iL,50/50f782af.jpg,टैन,,SHOES,डर्बी,,,Solid,
51NZPIqWWEL,44/44247774.jpg,Silber,Belice Women's Ballet Flat,SHOES,Belice Women's Ballet Flat,,100% Synthetic,,
61uFJfvJIDL,42/42a67592.jpg,Black,2170900,SHOES,2170900,,,,
81XXKz4wemL,14/146d870c.jpg,Chino,Mark,SHOES,Mark,,100% Textile,,
716uv721pyL,a7/a7af812e.jpg,Schwarz Black,R3083,SHOES,Closed Ballerinas,,,,
71KMsOObK3L,88/88d4a6c7.jpg,Dark Amethyst Velvet,,SHOES,Ellie Studded Mary Jane Ballet Flat,,Velvet,,
71YLYgDytrL,bb/bb0310dc.jpg,मैरून,Bs146f,SHOES,Flip-Flops,,,,
71tGAQIxoSL,d1/d124c05b.jpg,Brown,,SHOES,Derby,,,,
71V+QKuOnqL,80/80e1d170.jpg,Gold,,SHOES,Ankle-Strap,Polyurethane,,,
81b-JFDYi1L,17/17fcc85f.jpg,,,SHOES,,Leather,,,
81DQpappmsL,e0/e0719654.jpg,टैन,,SHOES,low-top,सिंथेटिक,,,
71vCBRJ0XAL,c0/c03c952e.jpg,Neutral patent leather,Battelle Closed-Toe Covered Wedge,SHOES,Battelle Closed-Toe Covered Wedge,,100% Leather Upper,,
91hsAuUtmoL,01/0129dde9.jpg,നീല,,SHOES,,ക്യാൻവാസ്,,Solid,
916Uf7SUgPL,c6/c6652afe.jpg,D.Grey and Sea Green,Reef-15,SHOES,Sneakers,,,,
71fD0QS+mxL,9a/9ac362b3.jpg,Beige Sand Sand,Amz15501,SHOES,Loafers,,,,
81xyTod8lEL,d9/d93136f5.jpg,Bleu Navy,#_Epic-1w1,SHOES,Espadrilles,,,,
81CwZj47NcL,79/79fc2cf5.jpg,Olive,,SHOES,Derby,Leather,,Solid,
811KZQdZSFL,be/be64cf80.jpg,काला,,SHOES,Slippers,,,,
71npW3SFrSL,ed/ed58f869.jpg,बेज (हल्का बादामी),3958,SHOES,लोफ़र,,,Solid,
91SefwHixRL,8c/8cd3f98e.jpg,ऑलिव,,SHOES,low-top,पॉलिएस्टर,,Color Block,
91rwfImnnlL,61/6104895c.jpg,Olive,,SHOES,,Polyester,,,
91IlxaQyhJL,d9/d91a9bee.jpg,Blue/Neon,,SHOES,Running Shoes,ഫാബ്രിക്,,Textured,
81x5OUPc-TL,03/03e091ee.jpg,വെള്ള,,SHOES,Sneakers,,,,
61r5GXkHrfL,c4/c43e53d2.jpg,నలుపు,,SHOES,low-top,కాన్వాస్,,Solid,
81asyjOUVML,7c/7c5fbc82.jpg,काला,,SHOES,डर्बी,,,,
8187apcPBNL,a7/a72ed6ea.jpg,Tan,,SHOES,,Leather,,,
71CSt1lAYkL,cb/cb27940e.jpg,Rosa (rosa).,T99al7008,SHOES,T99al7008.,,,,
91ri925KyBL,9e/9e6103b9.jpg,,,SHOES,,Cotton,,,
51enWtFytqL,84/84d4e490.jpg,,Assymetric Toe-thong,SHOES,Asymmetric Toe-thong Flat Sandals,Synthetic,,,
71b53F-KYeL,59/594a52d9.jpg,Orange,Furla-s-1a-7,SHOES,Two Part Suede Espadrille,,,,
71O5BZwmxOL,3a/3af34b43.jpg,भूरा,,SHOES,Slippers,,,,
71YbOdx98oL,9d/9d3aec35.jpg,R Blue,Isabella,SHOES,Running Shoes,Mesh,,,
71C05JL4rhL,ba/bab7a528.jpg,Rose Light Purple,T99al7009r,SHOES,Ballerines,,,,
71iVIV3gPaL,a4/a414089c.jpg,Varios Colores Black With Iris Sequins,Glitter Velcro Strap,SHOES,Zapatilla baja,,,,
81gqkiumleL,a9/a90f344e.jpg,NAVY,,SHOES,Running Shoes,Mesh,,,
716HkaCLxsL,ca/caf46dc9.jpg,Purple,Ch 123,SHOES,Loafers,,,,
81nmj15Dk8L,27/27bbfba2.jpg,black,,SHOES,Oxford,Synthetic,,,
715ycDjR5KL,2d/2d10a5ab.jpg,Tan,,SHOES,Loafers,,,,
71d9BNM4MdL,bd/bddd00a0.jpg,भूरा,,SHOES,Ankle-Strap,Polyurethane,,,
71Wg46EwGGL,24/24e30ff5.jpg,White,,SHOES,Sneakers,,,,
71uDiKRktxL,92/9233dd63.jpg,WHITE / GREEN,,SHOES,Sneakers,,,,
912o-if746L,c2/c2dc95e0.jpg,Brown,,SHOES,Derby,,,,
81PbgNd-JPL,81/81727f77.jpg,Tan,,SHOES,Monk,,,,
81R8nxOD7LL,2e/2ee4f04c.jpg,Off White,,SHOES,,Polyester,,,
71cm9cdETSL,da/dac34346.jpg,,Amz155,SHOES,Slipper,,,,
719bMwDLrtL,c0/c036ce40.jpg,बहु(मल्टी),,SHOES,Flip-Flops,,,,
81rJXCsYEJL,db/dbac7fb7.jpg,നീല,,SHOES,Walking Shoes,,,,
81w4djaahiL,99/999d7982.jpg,,Cushioned Memory Foam Slipper: Indoor/Outdoor Bottom,SHOES,Cushioned Memory Foam Slipper: Indoor/Outdoor Bottom,,100 % synthétique,,
71cGicvoAIL,62/6235827f.jpg,नेवी,Magic-20,SHOES,Sneakers,,,,
71SVRgMZBIL,9e/9e27c66c.jpg,Cuero negro,,SHOES,Prospect - Zapatillas con cordones,,100% cuero parte superior,,
81R609TNyfL,54/54f35bec.jpg,ചാരനിറം,,SHOES,,പോളിസ്റ്റർ,,,
712h0AcRwWL,35/35ec4a54.jpg,വെള്ള,,SHOES,Sneakers,,,Stripes,
71rI+tTkZML,95/957962d4.jpg,टैन,,SHOES,Ankle-Strap,Polyurethane,,,
81GILglJHTL,8b/8b905f97.jpg,ബഹുവർണ്ണം (grey::grey::black::black::black::black),,SHOES,low-top,ക്യാൻവാസ്,,,
817eAe0yLeL,18/18a53a12.jpg,,Quilted Triple Strap Velcro,SHOES,,,,,
71Xc-lEjOAL,4c/4c8f85ea.jpg,,Driver 2,SHOES,Slipper,,,,
610M2BvH2uL,0f/0f708010.jpg,,Archie,SHOES,Boat,,,,
71z+96a2FdL,49/495eb194.jpg,White/ Black/Blue,,SHOES,Sneakers,,,,
817YKf4Ld-L,09/09992e10.jpg,ಬೂದು,,SHOES,Running Shoes,ಬಟ್ಟೆ,,,
71x5Kx+IOUL,86/869554d0.jpg,,Monica,SHOES,Short-Shaft laarzen,,,,
81PybVRW0cL,5d/5d8ee0c5.jpg,नीला,,SHOES,Running Shoes,मेश,,,
61AhhYapOcL,86/869bfe4c.jpg,White,,SHOES,Ballet Flats,,,,
91E7+y9PqTL,b9/b9446240.jpg,Azul marino,IGLER,SHOES,Igler - Zapatillas de lona,,,,
71Sp9Q1sHJL,a3/a30abca0.jpg,న్యావి,,SHOES,Walking Shoes,,,,
61apfD6rPjL,a6/a65a8015.jpg,Rood,Connie8j48-block Sling,SHOES,Slingback,,,,
81U7iOlfQQL,29/29175d40.jpg,ಕಪ್ಪು,,SHOES,SYM-SS-002_Black_9 UK,ಜಾಲರಿ (mesh),,Solid,
61fRduA4l8L,30/30d847bb.jpg,Azul,Jute Sole Soft Leather,SHOES,Suela de yute de piel suave.,,,,
71j2D2XmiDL,b7/b7c7aec4.jpg,న్యావి,,SHOES,Walking Shoes,,,,
81-vFgd3DZL,ee/ee8f94c9.jpg,L.Grey,,SHOES,Running Shoes,Mesh,,,
81eYrumscrL,03/034c9222.jpg,Lt Grey,Bluebell,SHOES,Running Shoes,,,,
61HSGStqsdL,bc/bcbbe0f6.jpg,വെള്ള,,SHOES,Running Shoes,പോളിയുറീതേൻ,,,
71O1d5ypaTL,f4/f4c0d4b6.jpg,Noir Black,T28dh4001,SHOES,Bottes,,,,
71olvV23INL,45/45e02721.jpg,White (White),372886,SHOES,372886,,,,
718evUokGzL,02/0280e0b9.jpg,Beige (Snake Print),Crossover Cork Sole Leather,SHOES,Crossover Cork Sole Leather,,,,
71ChRXFPL1L,de/de785dbf.jpg,Brown,Ch 99,SHOES,Loafers,,,,
81I97Hk9pLL,a2/a2d92825.jpg,Teal Blue and Black,Vega-11,SHOES,Running Shoes,Mesh,,,
81sQKtAEaUL,d0/d0f82fea.jpg,Black/Grey,,SHOES,low-top,Synthetic,,Solid,
71Zh1W60JwL,bb/bb61f7bb.jpg,,#_Judd-s-1a-2,SHOES,Espadrille,,,,
81f+YbuNZAL,cc/cc392414.jpg,Grigio Verde Acqua,Splender - Top Con Lacci,SHOES,Splender - Top con lacci,,,,
81ZUeSpAU-L,36/369d73d3.jpg,Gris,,SHOES,Phil,canvas,100% Textile,,
41HpEzUkAmL,36/3662d979.jpg,Black Suede,Ballard Chelsea Ankle Boot,SHOES,Ballard Chelsea Ankle Boot,,Suede,,
71Ha-3Hkp1L,80/80f753ef.jpg,नीला,,SHOES,Ankle-Strap,Polyurethane,,,
71zgWP4aZfL,dd/dde9bb71.jpg,Beige,,SHOES,Ballet Flats,,,,
81jFK97EnCL,34/346026e6.jpg,Black 2,,SHOES,Slip On,Synthetic,,Solid,
71aZEGItROL,44/44986b08.jpg,ബഹുവർണ്ണം (grey::grey::black::black::black::black),,SHOES,Walking Shoes,,,,
81r4SDjb0SL,72/72cb38f0.jpg,Mushroom,,SHOES,Nash Oval Heel Ankle Bootie,,Suede,,
61NPfjiSidL,1e/1eb62a07.jpg,Beige,,SHOES,Ballet Flats,,,,
81NqcP537rL,c7/c7d6a983.jpg,Navy,,SHOES,Walking Shoes,,,,
71REFKU7HSL,0b/0b9e658d.jpg,काला,,SHOES,Running Shoes,मेश,,,
713KcOuRCbL,8f/8f151c43.jpg,ചുവപ്പ്,,SHOES,Ballet Flats,,,,
81Y+EUDW4KL,a5/a58a6e99.jpg,,,SHOES,,Mesh,,,
71vqno-2TRL,f6/f62381d3.jpg,Negro,Connie Leather,SHOES,Tacones cerrados.,,,,
81SuVcU9pLL,ec/eca6edd0.jpg,നാരങ്ങ,,SHOES,Running Shoes,ഫാബ്രിക്,,Solid,
71eEaufCJjL,f5/f5d0b1bb.jpg,काला,6105-01,SHOES,Fisherman Sandals,Synthetic,,Solid,
81-G1cKesyL,6f/6fe4c122.jpg,,,SHOES,,,,,
81zhrMAQGiL,4d/4d5ae40b.jpg,തവിട്ട്,Az-st-001b,SHOES,ഡെർബി,,,Solid,
814RNW0fIHL,98/98ff12d0.jpg,Black,,SHOES,Ankle-Strap,Polyurethane,,,
719ankgQDAL,d2/d2f3f6cd.jpg,ബഹുവർണ്ണം (grey::grey::black::black::black::black),,SHOES,Ballet Flats,,,,
817Qp06s0oL,65/653defdf.jpg,,,SHOES,,Mesh,,,
61QqFpFT8lL,33/3340929f.jpg,Effet Crocodile Naturel en Relief,Pattie Mules À Haut Talon Bloc,SHOES,Pattie Mules à haut talon bloc,,Dessus : 100 % polyuréthane ; Extérieur : 100 % caoutchouc,,
71VnYo0ox+L,ee/eed07281.jpg,Grijze houtskool,Cologne,SHOES,Instappers,,,,
81rUw3nmqFL,01/01375b98.jpg,Olive,Magic-21,SHOES,Sneakers,,,,
71AHb-8eflL,63/63f9f8d5.jpg,काला,,SHOES,Brogue,Synthetic,,Solid,
81vK+LnxmYL,32/32f082f9.jpg,Brown,,SHOES,Derby,Leather,,,
81JZeKCBw-L,a2/a2838468.jpg,ग्रे(स्लेटी),,SHOES,Walking Shoes,,,,
71+zokS4gjL,81/8182e239.jpg,ఆకుపచ్చ,,SHOES,Sneakers,,,,
71yIZgVsg+L,e8/e8e791b4.jpg,Rot (Orange Red),Hurrache,SHOES,Hurrache,,,,
61OdqfYRItL,db/dbf96f01.jpg,പിങ്ക്,,SHOES,Sneakers,,,,
81gg-3jfQWL,ed/edff83b1.jpg,Tan,,SHOES,Ankle-Strap,Polyurethane,,,
71qJoq3dxLL,40/405405f3.jpg,Nude,,SHOES,Ankle-Strap,Polyurethane,,,
81Dodl0a1yL,7b/7bebf5ce.jpg,Green Plaid Textile,Union Slide Slipper,SHOES,Union Slide Slipper,,Textile Upper & Genuine Shearling Lining,,
81yPUk5vMsL,3d/3d47ef4d.jpg,M.Grey/ Pink,,SHOES,Sneakers,,,,
71ZFaXNjXuL,3a/3a7c02c9.jpg,"Red, Black and Grey",Grada-32,SHOES,Floaters,,,,
712QldOixJL,a4/a4ab1fed.jpg,PINE,,SHOES,Derby,,,,
71KyCW6F-4L,f5/f51f2ba5.jpg,काला,,SHOES,Sneakers,,,,
71EliVkqtEL,40/4021470a.jpg,Cuero metálico plata,,SHOES,,,cuero,,
81qTtXATRJL,53/538117ea.jpg,నీలం,,SHOES,Sneakers,కాన్వాస్,,Solid,
61cTqMBUVyL,a5/a5fcfe7a.jpg,,Drepy-010,SHOES,Bottes Classiques,Cuir,,,
71yYAe8cW3L,80/8034ed6f.jpg,ऑलिव,,SHOES,Running Shoes,Mesh,,,
81-d3VPLyXL,23/230da91b.jpg,Blue/Navy,,SHOES,Running Shoes,Fabric,,,
71TRLCtnduL,51/511080bb.jpg,सुनहरा,,SHOES,Ankle-Strap,Polyurethane,,,
81ud9Iya7LL,ff/ff3468f9.jpg,,Cone Sandal,SHOES,Scarpe col tacco,,,,
71qY4XFo-IL,1a/1a7476b6.jpg,सुनहरा,,SHOES,Ankle-Strap,Polyurethane,,,
81E00FuNSTL,d6/d6f38c38.jpg,Pink Multi,Next Big Shine Lace-up Fashion Sneaker,SHOES,Next Big Shine Lace-up Fashion Sneaker,,,,
81wK1qO3rdL,31/312a97ca.jpg,Sky Blue,,SHOES,Sneakers,,,Solid,
713wJJ8KWeL,56/56752b20.jpg,,Wedge Leather Espadrille,SHOES,Open Sandals with Wedge Heel,,,,
81jHAwGEw7L,bb/bbc2f4f2.jpg,,,SHOES,,कैनवास,,,
81yJOST3uXL,64/645336eb.jpg,GREY,,SHOES,Running Shoes,Mesh,,,
81uFmkBM2pL,e9/e9719ab2.jpg,ఆకుపచ్చ,,SHOES,Sneakers,కాన్వాస్,,Solid,
81JIMWJcPmL,11/11be6210.jpg,Black,Clean Lace Up,SHOES,Clean Lace Up,,,,
81t0e9bC7VL,c0/c0cbf38b.jpg,Rosa Pink Mix With Metallic Sheen,Metallic Low Top,SHOES,Zapatilla baja,,,,
71KK+z8x89L,00/00b59251.jpg,Negro (Suela negra).,Addison,SHOES,Mocasines,,,,
71ATO7cNj0L,ef/efedd815.jpg,,Leather Huarache Plaited,SHOES,Sandalias Punta Cerrada,,,,
71CyDJJAOML,45/450fc0c7.jpg,,Hallo,SHOES,Chelsea Boots,,,,
81gAdOtE3YL,f1/f108933c.jpg,Cuir Marron,Byron,SHOES,Byron,,100 % cuir,,
71jucyNSJQL,7f/7f1fa352.jpg,Nero Black Black,372885,SHOES,Scarpe da ginnastica,,,,
71M-lIP4mPL,49/49382200.jpg,నలుపు రెడ్,,SHOES,Running Shoes,పాలియురేతేన్,,,
814tx7axKTL,e7/e7aa21e6.jpg,ചാരനിറം,,SHOES,Walking Shoes,,,,
41MO8dry5BL,7a/7a88b04d.jpg,Nero,Frankie - Slide A Punta Piatta,SHOES,Frankie - Slide a punta piatta,,100% poliuretano,,
61lUH8ZSS+L,0e/0e52776f.jpg,Pink,,SHOES,Ballet Flats,,,,
81wUyy8QtTL,c9/c98a2b5c.jpg,काला,,SHOES,Ballet Flats,,,,
71pmeJTsn5L,b1/b1214488.jpg,Black,Boot,SHOES,Boot,,,,
91BtaZXyVlL,36/36b97ea8.jpg,GREY/NAVY,,SHOES,Running Shoes,Mesh,,,
71GzGbxLhVL,67/67aab1e9.jpg,Navy and Orange,Grada-30,SHOES,Floaters,,,,
81j+o+ecLcL,87/875ecf80.jpg,,Bfa001amz01001170210,SHOES,slipper,,,,
71-42mFKDrL,ff/ff977b1f.jpg,Brown,6101-02,SHOES,Fisherman Sandals,Synthetic,,Solid,
81nX6XOCfwL,61/61af25a9.jpg,L.BLUE,,SHOES,Running Shoes,Cotton,,,
71jJD37UJeL,36/360ec227.jpg,चेरी,,SHOES,डर्बी,Synthetic,,Textured,
71ePvm2PpaL,89/89ad88d3.jpg,काला,,SHOES,Derby,सिंथेटिक,,Solid,
71CryPoCiIL,37/37e2cb4b.jpg,Black Oiled Suede,,SHOES,Shaw Slip-on Sneaker,,Oiled Suede,,
61bJYH9RDxL,71/71bc263e.jpg,Navy/Coral,,SHOES,low-top,लेदर,,Solid,
61Bg9JH-lrL,88/88d3aaf7.jpg,,#_Cara-1a,SHOES,Pumps,,,,
8175ydltBiL,51/51b4475c.jpg,टैन,,SHOES,ऑक्सफ़ोर्ड,,,Solid,
81aRvLSQZfL,06/0634ae0e.jpg,ബഹുവർണ്ണം (grey::grey::black::black::black::black),,SHOES,Running Shoes,ഫാബ്രിക്,,Solid,
71UcG4OUG9L,61/618aa0f6.jpg,Black Leather,Parker 2 Ballet Flat,SHOES,Joy Ballet Flat,,100% Leather Upper,,
81hEchK+LHL,9d/9d65f081.jpg,Pearlized Blue Leather,,SHOES,Delany Block-heel Chelsea Ankle Boot,,cuero,,
713eXm2smVL,68/68a9bbf6.jpg,Brown,,SHOES,AZ-OM-67B_Brown_11,Leather,,,
81JKHwVh91L,b8/b81c24c6.jpg,चेरी,Az-ws-115b,SHOES,,लेदर,,,
811AS57BWVL,26/2623fad4.jpg,ചാരനിറം,,SHOES,Walking Shoes,മെഷ്,,,
81Q1fAmETlL,11/11fdedb6.jpg,Brown,,SHOES,,Leather,,Solid,
81Lz0N1preL,24/242f3d3b.jpg,,Nubuck Look,SHOES,Nubuck Look,Leather,,,
81ott8ql-CL,fb/fb465609.jpg,Navy,,SHOES,Sneakers,Mesh,,Textured,
71bhhO5XveL,b4/b49f3b71.jpg,ആകാശം,,SHOES,low-top,ക്യാൻവാസ്,,Stripe Play,
71OneSVSjwL,d6/d668b68d.jpg,काला,,SHOES,डर्बी,Synthetic,,Textured,
71sEDB8Y5AL,9e/9e848ed3.jpg,Black,,SHOES,Ballet Flats,,,,
71ttWODv+TL,27/276e1c8d.jpg,,Myer,SHOES,Scarpe da ginnastica,,,,
81cHl-gJ4RL,aa/aa74a203.jpg,Maroon and Black,Loire-277,SHOES,Running Shoes,Mesh,,,
81o+s0BvbYL,32/32ad8c88.jpg,WHite,,SHOES,,Synthetic,,,
81CNVYdoNNL,73/734a0404.jpg,NAVY,,SHOES,Running Shoes,Mesh,,,
81bbI0m0w3L,32/32518e98.jpg,,,SHOES,,Leather,,,
814sQQMkWyL,97/9787b0ae.jpg,Black,,SHOES,,Leather,,,
81DcnxqaEdL,8b/8b4dd1e5.jpg,Black,,SHOES,,Synthetic,,,
61DHnq8DgXL,6d/6d31d02f.jpg,Brown,Amz14904,SHOES,Low-Top Sneakers,,,,
81OoXYTyNcL,9e/9e742c45.jpg,Tan,,SHOES,Ankle-Strap,Polyurethane,,,
714mRxmjLWL,45/456070ef.jpg,ബഹുവർണ്ണം (grey::grey::black::black::black::black),,SHOES,Walking Shoes,,,,
711-uHln3KL,28/281775ff.jpg,Zwart,Epic-1w3001,SHOES,Espadrilles,,,,
71pssVDRwQL,e5/e5a30a4c.jpg,Black Suede,Driver,SHOES,Driver,,,,
81-NsNJc8sL,42/4261954a.jpg,പിങ്ക്,,SHOES,Walking Shoes,,,,
71acExcPHKL,1d/1d026f03.jpg,भूरा,5589,SHOES,डर्बी,,,Solid,
81QcVOlPk2L,61/61b20c46.jpg,,,SHOES,,,,,
91D+brjTCkL,c3/c3c39698.jpg,,Sheen & Luster Baskets À Lacets,SHOES,Sheen & Luster Baskets à lacets,,,,
61qBTqH1zeL,85/853edd6f.jpg,काला और लाल,Zoom,SHOES,Flip-Flops,,,,
81QoorExlJL,3a/3a6493c3.jpg,ബഹുവർണ്ണം (grey::blue::white::white::brown::beige),,SHOES,Walking Shoes,,,,
61OIzt+So7L,36/36d91885.jpg,Black/Multi,Luna Jogger Sneaker,SHOES,Luna Jogger Sneaker,,Fly Knit,,
71GiheT10FL,da/dae91bc5.jpg,Blanc Weiss Pastell Titan 77,Sapporo 2252460,SHOES,Sneakers basses,,,,
61Iw4dF4QKL,da/da263517.jpg,Roze Roze Roze Roze,Ballet-s,SHOES,Ballet plat,,,,
61WNUxfVQSL,47/47b662c5.jpg,,Alvin,SHOES,Brogue,,,,
81laSaCB4yL,80/805f4f0a.jpg,,Simple Joys By Carter's Indie Casual Mary Jane Shoe,SHOES,,,,,
8148aHU14HL,91/910c20a8.jpg,नीला,,SHOES,Running Shoes,Mesh,,,
71wWAyfL4TL,96/96e6b395.jpg,नीला,Micam-19,SHOES,Walking Shoes,,,,
91XVgPcdjyL,eb/ebc32977.jpg,Green,,SHOES,Walking Shoes,,,,
61Drgo26yfL,e4/e475dbd7.jpg,Negro pulido negro pulido negro pulido,Aiden_HS01,SHOES,Aiden,,,,
71S8jh9mayL,cb/cb728deb.jpg,Blue Navy,Felix-1w1-112,SHOES,FELIX-1W1-112,,,,
7150Q6G7K8L,d6/d64e6f49.jpg,Brown Chocolate Brown Chocolate Brown,Abe_hs01,SHOES,,,,,
71HciH76T7L,a4/a4acce80.jpg,Tan,,SHOES,Ankle-Strap,Polyurethane,,,
81agj+8qTxL,98/981e761b.jpg,Sorbet Crushed Velvet,Felicia Slingback Kitten Heel Pump with Pearls,SHOES,Felicia Slingback Kitten Heel Pump With Pearls,,100% Synthetic,,
71UPUeZQTBL,37/37c2389c.jpg,Bleu Navy,Andrews,SHOES,Mocassins (loafers),,,,
71xm48TBr5L,ea/ea9be81a.jpg,Wine,,SHOES,,Leather,Leather,,
81TOqHtJ26L,1f/1f8f9074.jpg,,,SHOES,,Fabric,,,
61X6eHP0LkL,25/25c45abb.jpg,Blue Navy,CONNIE-S2C1-Court,SHOES,Point Toe Court Closed Toe Kitten Heels,,,,
818ksuSYbSL,b6/b6955737.jpg,Navy,,SHOES,Sneakers,,,Printed,
81h3OL3KUnL,a9/a952a9ee.jpg,,Um1516,SHOES,Low-top,,,,
91eUxtDDpYL,b4/b458d17a.jpg,BLACK,,SHOES,Running Shoes,Mesh,,,
71SPMuG46ZL,1a/1ae7fb78.jpg,നാവിക,,SHOES,Walking Shoes,,,,
81yvbUGrPZL,27/27229080.jpg,GREEN,,SHOES,Ballet Flats,,,,
71dzQQxbY+L,e0/e08fad6c.jpg,Marrone Tan,Marcello,SHOES,Scarpe Brogue,,,,
71X12JD3PxL,c2/c232c41d.jpg,Chocolate,,SHOES,,,,,
71oCTORtOzL,ea/eab03571.jpg,Nude,,SHOES,Ankle-Strap,Polyurethane,,,
717-ds+ckBL,52/5269608b.jpg,बेज (हल्का बादामी),6105-03,SHOES,Fisherman Sandals,Synthetic,,Solid,
71D0pCzXftL,ff/ff60f902.jpg,Nero Black,Heart Embroidery,SHOES,Mary Jane,,,,
71W6oxkUkLL,c1/c13979b9.jpg,Black,,SHOES,Derby,,,,
81NbosUIEfL,c4/c451f5d8.jpg,गहरा ग्रे(स्लेटी),,SHOES,Running Shoes,Mesh,,,
81N46rfxXLL,50/50dc2a96.jpg,Taupe/Tan,Boat Shoe,SHOES,Boat Shoe,,100% Leather Exclusive of Decoration,,
71Mm0Flhd-L,bd/bd338373.jpg,గులాబి,,SHOES,Slippers,,,,
719j17znwzL,4b/4b06d96a.jpg,टैन,,SHOES,लोफ़र,,,,
81tn0oEabbL,55/55fa9b54.jpg,काला,,SHOES,डर्बी,,,,
51PlOtKmVQL,a9/a9e90cb8.jpg,Black/Rose Gold,Spendler,SHOES,Splender Lace-up High Top,,,,
81ouxPSLjaL,97/97ce043d.jpg,బూడిద,,SHOES,Sneakers,,,,
71T0cV6-DjL,a9/a9d2fd08.jpg,Black,Loire-276,SHOES,Running Shoes,Mesh,,,
81ZAle1c9RL,08/08dcbf98.jpg,,,SHOES,Chelsea Boots,Leather,,,
71IvgZeLoyL,c5/c528d0a2.jpg,Schwarz,Abigail,SHOES,Abigail,,100 % Synthetik,,
71bbbhBE3BL,fa/fa3bc6c5.jpg,,,SHOES,,,,,
71nLNihJocL,77/776505dd.jpg,काला,,SHOES,Ankle-Strap,Polyurethane,,,
713+1crqooL,26/262b5936.jpg,Negro,,SHOES,,,gamuza,,
71VzGCVcTEL,96/960564af.jpg,నలుపు,Canton-18,SHOES,Slippers,,,,
71i4SnysB-L,b0/b00574d6.jpg,Cream,,SHOES,Ballet Flats,,,Solid,
81Tcx8BAQ8L,01/01ddb586.jpg,Tan,,SHOES,,Leather,,,
81vnQSQeKsL,5d/5d88f420.jpg,ചാരനിറം,Evar-sp20-1,SHOES,Running Shoes,നൈലോൺ,,,
8111odob2fL,2d/2dbc5c5e.jpg,Charcoal,,SHOES,AZ-SH-03G_Charcoal_8,Canvas,,Solid,
710RyGasrqL,d3/d3ce78fd.jpg,Blau Faded Blue,Leather,SHOES,Leather Brogues,,,,
71-dEpmoifL,3e/3ee0c357.jpg,Burgunderrotes Wildleder,,SHOES,Mercer Dress Pumps,,Wildleder,,
81ACUnli18L,ed/edc1176b.jpg,,,SHOES,,,,,
81HJXBjQmFL,0e/0e3700c4.jpg,Black,,SHOES,,Polyester,,,
812II+XoU0L,00/00beb7d8.jpg,,,SHOES,,Synthetic,,,
71bF3Ocu2pL,85/85edbfc7.jpg,टैन,,SHOES,लोफ़र,,,,
81016pFwt6L,9d/9d73a0d1.jpg,Grey,,SHOES,Ankle-Strap,Polyurethane,,,
91o5uwjeueL,d0/d012fc8b.jpg,ఆలివ్,,SHOES,AZ-SH-06E_Olive_9,కాన్వాస్,,Solid,
81u1PXn+A4L,58/58251182.jpg,Grey/ Lt Blue,Graffiti 1.1,SHOES,Running Shoes,,,,
71PRuk-RyDL,71/71f4264d.jpg,नेवी,,SHOES,Walking Shoes,,,,
71wtbFigFlL,56/568f777c.jpg,Beige Beige,RUTH-S-SH-1C-2,SHOES,Sling Achterhakken,,,,
61Lce3xwF4L,83/838c06bb.jpg,,,SHOES,,कैनवास,,,
71AP-YSPMsL,5e/5efdd727.jpg,Black (Black),Amos,SHOES,Amos,,,,
71yRL4BDnoL,c8/c876afa3.jpg,काला,,SHOES,Sneakers,,,,
81vbRQPCeiL,ed/ed725513.jpg,भूरा,,SHOES,डर्बी,,,Solid,
81Z7oG6sx0L,ca/ca6108e4.jpg,D.Grey,,SHOES,SYM-SS-026_D.Grey_9 UK,മെഷ്,,,
81FIQrzExQL,c6/c62be4de.jpg,Negro,,SHOES,Botas,,cuero,,
71kagARu4hL,98/9844c42b.jpg,బీజ్,,SHOES,Ballet Flats,,,,
61eTY+XQ8YL,ed/ed51e44a.jpg,Cognac,Lara,SHOES,Lara,,100% Leather,,
81zdfgL8UBL,31/319ebd3e.jpg,आर्मी ग्रीन,Canton-67,SHOES,Slippers,,,,
81YZvseLEQL,c8/c85abd93.jpg,Olive,,SHOES,,Leather,,,
71TIMNGQtVL,41/41f46252.jpg,Pink Suede,Pearson Moccasin Slipper,SHOES,Pearson Moccasin Slipper,,Suede Upper & Genuine Shearling Lining,,
71IZ-Qi2opL,44/441819d0.jpg,Pebble Silber 70,Dublin 2253226,SHOES,Low-Top Sneakers,,,,
81Z764sU7LL,7b/7bba8578.jpg,,Next Big Shine Lace-up Fashion Sneaker,SHOES,Next Big Shine Lace-up Fashion Sneaker,,,,
6156ei4dABL,48/481c552b.jpg,Naturel Noir,Paulina Pointed Toe Two-tone Mule,SHOES,Paulina Pointed Toe Two-Tone Mule,,100 % microsuède,,
81i+z6HyOTL,ef/ef851b0a.jpg,टैन,,SHOES,डर्बी,सिंथेटिक,,Solid,
71dDm8HGgdL,23/23e85c0f.jpg,Rot Burgendy,110870,SHOES,110870,,,,
81F6sJqp-wL,bc/bca35c4e.jpg,നാവിക,Canton-12,SHOES,Slippers,,,,
81FkWzz+jiL,a3/a388da1b.jpg,,123662,SHOES,123662,,,,
91phFJFiVtL,5a/5a3d0bec.jpg,बहु(मल्टी),,SHOES,Running Shoes,Fabric,,Color Block,
71x83wRupfL,46/46c2f7d7.jpg,नेवी,,SHOES,Running Shoes,Mesh,,,
71xPldI0jyL,a9/a909bbcb.jpg,Grau Grey,37317,SHOES,pumps,,,,
61HnGKoXDWL,77/77d00a72.jpg,Blush Patent,Round Toe Medium Heel Pump,SHOES,Round Toe Medium Heel Pump,,100% Polyurethane,,
71xZQYpmTmL,ce/ce37e053.jpg,Zwart Zwart Zwart,Piper-s1b26,SHOES,Ballet plat,,,,
81oak0tV6dL,a8/a8a0d755.jpg,गुलाबी,,SHOES,Sneakers,,,,
81wBBDvgxdL,34/34f678d4.jpg,Grey,Embellished Slip on Skate Shoe,SHOES,Embellished Slip on Skate Shoe,,,,
91PRYE0cFqL,19/19cf3ec8.jpg,Matte Silver/Metallic,,SHOES,Bonilla - Sandalias tribales de tacón,,cuero,,
81r5gx-sfbL,09/094e5752.jpg,Brown,,SHOES,Derby,Synthetic,,Textured,
71ehgnmm0WL,1b/1b3f00d0.jpg,Red Rust Red,#_Innis-s-11,SHOES,#_Innis-s-11,,,,
61dy5hGne3L,60/60e5da80.jpg,,Assymetric Leather Mule,SHOES,Scarpe spuntate,,,,
719K97HZtvL,34/3431b20b.jpg,सफ़ेद,,SHOES,Walking Shoes,,,,
81dZib8jYVL,42/42b5e7c5.jpg,काला,,SHOES,Slippers,,,,
71d0ve59nCL,fd/fdb81e55.jpg,Black,,SHOES,Ankle-Strap,,,Solid,
81JDqRgbdbL,fb/fb902eb2.jpg,टैन,,SHOES,ऑक्सफ़ोर्ड,Synthetic,,Textured,
71Hdtuj-umL,ff/ff0063c8.jpg,Black,Curvy,SHOES,Walking Shoes,Mesh,,,
51MafQY4hQL,8c/8c0f1bce.jpg,Pink,Oahu,SHOES,Oahu,,100% Synthetic,,
81EhDGtcSEL,d8/d893e789.jpg,,,SHOES,,Mesh,,,
81dLDB-L2pL,62/62a3bd94.jpg,Fushia,Alpinia,SHOES,Running Shoes,,,,
61ijlq9KjnL,93/930215d6.jpg,Olive Leather,,SHOES,Alki Flip Flop,,100% Leather Upper,,
71h0RmNafHL,90/90762412.jpg,ചാരനിറം,Az-st-002b,SHOES,ഓക്സ്ഫോർഡ്,,,Solid,
51WxGBMLGFL,25/25dd1b28.jpg,Orange Apricot Croc,#_Innis-s-10,SHOES,Open Sandals with Wedge Heel,,,,
81HLC88nbgL,f9/f97dda21.jpg,Coñac,,SHOES,,,cuero,,
71m49Tn+V4L,e7/e77ee3ea.jpg,,R3083,SHOES,Ballerine,,,,
81J84l-j7GL,63/632e5bb9.jpg,തവിട്ട്,Canton-14,SHOES,Floaters,EVA,,,
51NFn10eFgL,91/913b5bf4.jpg,,,SHOES,,,cuero y textil,,
81rAxkLvOOL,7a/7adb5932.jpg,D.Grey,,SHOES,Derby,,,,
816CJn9qXTL,64/6409f05b.jpg,लाल,,SHOES,Running Shoes,मेश,,,
71WE3w8v3VL,8b/8bba9799.jpg,Brown,5909-02,SHOES,Thong Sandals,,,Solid,
81twsOAu+uL,78/7853a38d.jpg,भूरा,Az-ws-115e,SHOES,डर्बी,,,Solid,
71a7sKU1Q8L,13/13724047.jpg,Brown Leopard,PRASE-S-2B-6 Court,SHOES,Round Toe High Court Closed Pumps,,,,
71myruPv+uL,42/4280cbb1.jpg,,Suede,SHOES,Slippers,,,,
91U82zT-AaL,a0/a0be20ce.jpg,നാവിക,,SHOES,low-top,ക്യാൻവാസ്,,Solid,
81UQnFwNeQL,50/502934cd.jpg,Braun Tan,Arland Suede,SHOES,Mokassin,,,,
81Q+cv3biXL,f7/f77d5387.jpg,കറുപ്പ് 1,,SHOES,low-top,പോളിയുറീതേൻ,,Solid,
61NOsifA04L,a1/a101b944.jpg,Black,Suede-look,SHOES,Derby Lace Up Shoes,,,,
81B6cBdYmgL,8d/8d81dfa2.jpg,Beige Stone,Archer,SHOES,Zapatillas,,,,
81mWFjPw4SL,3f/3fcf28cc.jpg,,,SHOES,,Mesh,,,
71YdUqmjBqL,65/658a9f84.jpg,Black,,SHOES,Slippers,,,,
6156-iYm3pL,b2/b20bbf44.jpg,Bronceado,Wide Band Mule,SHOES,Sandalia mule de banda ancha,,100% cuero,,
71p+pd7zoyL,50/50baf3bf.jpg,Black Suede,Coyle Round Toe Block Heel Pump - High,SHOES,Coyle Round Toe Block Heel Pump - High,,100% Leather Upper,,
81CefJoGa6L,71/71ecd657.jpg,Black,Back to School Velcro Knit,SHOES,Low-top Trainer,,,,
71ZF9B06OcL,71/713c3e04.jpg,Black Smart Black Smart Black,Axel_hs01,SHOES,,,,,
916sygxdW4L,21/216b9d34.jpg,,2 Pack Crib Shoe Set: Soft Sole Mary Jane & Sneaker,SHOES,,,合成100%。,,
6112c4WdELL,db/db0516be.jpg,Hellgrau,Blake,SHOES,Blake,,100 % Kunststoff,,
81FXnJClGZL,79/79595252.jpg,Multicolour (Print),,SHOES,,,,,
81Yjc4TsROL,b9/b9e671f3.jpg,,,SHOES,,,,,
71tWbeSsLSL,1a/1acd0185.jpg,गहरा ग्रे(स्लेटी),,SHOES,Running Shoes,Mesh,,,
71w3WunIcvL,f6/f6832896.jpg,నలుపు,,SHOES,Sneakers,కాన్వాస్,,Solid,
71pArYq6AaL,69/69f3f3d9.jpg,లేత గోధుమరంగు :: టీల్ :: తెలుపు,,SHOES,Sneakers,,,,
71ws3lw9BuL,ec/ec2207ba.jpg,Black,,SHOES,SYM-SS-027_Black_11 UK (45 EU) (12 US),,,,
91gVr-f7p9L,96/96f1c566.jpg,Green,,SHOES,AZ-YS-198 C_Green_10,Polyester,,,
817lctvlL1L,50/50494b51.jpg,बेज (हल्का बादामी),,SHOES,AZ-YS-188 B_Beige_10,सिंथेटिक,,Solid,
71X+1mAlh5L,46/46cab0f1.jpg,Marrón Brandy Brandy,Felix1w1112,SHOES,Brogue,,,,
81eZWMABgxL,16/1618f3f9.jpg,भूरा,,SHOES,,सिंथेटिक,,,
71KUVig0YqL,ff/ff7b7239.jpg,നീല,,SHOES,Ankle-Strap,പോളിയുറീതേൻ,,,
71raMtxfKfL,f2/f2a80109.jpg,White 2,,SHOES,Sneakers,Knit,,Textured,
514WqHniUHL,47/47d1258f.jpg,Nero,Valencia Pointed Toe Mule,SHOES,Valencia - Mule a punta,,Tessuto/ecopelle.,,
71xk-HJt3eL,79/794bdebd.jpg,ग्रे(स्लेटी),,SHOES,Running Shoes,Mesh,,,
815FfYANzwL,75/75ee0a77.jpg,Blue and Navy,Vega Pearl-3,SHOES,Running Shoes,,,,
71kwTYuVNJL,f3/f30e0cac.jpg,Negro,,SHOES,Luna Jogger Zapatillas,,Fly Knit,,
81qmyvk6UhL,d2/d25b6e39.jpg,White/ Grey,,SHOES,Sneakers,,,,
81GkbZWU5cL,05/0549d9e9.jpg,Black,,SHOES,Derby,,,,
71ZHxlKargL,98/983db198.jpg,പച്ച,,SHOES,Walking Shoes,,,,
71nNnlNglKL,ab/abdd743c.jpg,Black/Red,,SHOES,Running Shoes,Fabric,,,
71SD8kO+azL,8b/8b069399.jpg,Black,,SHOES,Monk,,,,
71l9Tu4TM6L,8f/8ffa3d57.jpg,भूरा,,SHOES,लोफ़र,,,,
812bLKwmn+L,bb/bb6c1a49.jpg,White,,SHOES,Sneakers,Knit,,Solid,
710n3rBcRfL,34/346ddea8.jpg,Azul (Navy Navy),Fly Knit,SHOES,Alpargatas de punto volador.,,,,
717L0DTXUtL,4b/4b10e5cd.jpg,White,,SHOES,Ankle-Strap,Polyurethane,,,
81h3papiJZL,9c/9c5ff729.jpg,Black,,SHOES,Running Shoes,Mesh,,,
61OYrAxHNAL,d3/d3037c5f.jpg,Pink,,SHOES,Ballet Flats,,,,
81esN1AAOjL,7d/7d431548.jpg,सफ़ेद,,SHOES,,सिंथेटिक,,,
91GNcuEP9yL,6f/6f4d1d78.jpg,नीला,,SHOES,Running Shoes,Mesh,,,
81-GjClMFaL,9e/9eacbfff.jpg,नीला,,SHOES,Walking Shoes,,,,
613ane4jo6L,37/371bf0f8.jpg,Blue Navy,#_Loafer-052,SHOES,#_Loafer-052,,,,
81ZqARV93pL,0c/0c74dc68.jpg,लाल,,SHOES,Sneakers,,,,
51nbv5kHVzL,82/82b34841.jpg,Ivory Off White,Inset Heel Strippy Mule,SHOES,Inset Heel Strippy Mule,,,,
71Z1dY5vvfL,1a/1ada30e9.jpg,ബഹുവർണ്ണം,,SHOES,Running Shoes,പോളിയുറീതേൻ,,,
81P30Pj7fKL,6f/6f5a5317.jpg,rose suede,Adelaide D'orsay Dress Pump,SHOES,Adelaide D'orsay Dress Pump,,100% Leather Upper,,
81sbrP0oCGL,b4/b407c664.jpg,GREY,,SHOES,Running Shoes,Mesh,,,
61apdRqQ4iL,0c/0c79eeb7.jpg,,Kitten Heel Court,SHOES,Pumps,,,,
71fXVHUe98L,90/905d8fb9.jpg,Navy and R.Blue,Grada-36,SHOES,Floaters,,,,
81RDPYgHr9L,13/13aef1d6.jpg,,,SHOES,,Mesh,,,
71y7QPGm8XL,7e/7e25f5d1.jpg,Estampado de serpiente,Samantha Sandalias bajas con correa,SHOES,Samantha Sandalias bajas con correa,,"Parte superior 100 % poliéster, forro: 100 % políester, suela exterior: 64 % tejido afelpado, 36 % Caucho termoplástico (TPR)",,
71RBUsy39aL,cb/cbb3ae6c.jpg,Tan,Az-ws-271b,SHOES,,Canvas,,,
91gFet9xdOL,96/968c0f7e.jpg,നാവിക,,SHOES,SYM-SS-033_Navy_8 UK,മെഷ്,,,
81BWKLlmPjL,67/6751b2e9.jpg,BLUE,,SHOES,Ballet Flats,,,,
71XDLM6se1L,6a/6adf7a0a.jpg,Blau 72,Rhodos 2252708,SHOES,Loafers,,,,
71wXI-roKUL,c9/c9f097cf.jpg,BLACK,,SHOES,Ankle-Strap,,,,
71wwIm6pxcL,c0/c066b83e.jpg,,Jordan Pointed Toe Block Heel Mule,SHOES,Jordan Pointed Toe Block Heel Mule,,Upper: 100% Microsuede,,
715EsJc29-L,fa/fa33af47.jpg,Nude,,SHOES,Ankle-Strap,Polyurethane,,,
71+QttLRLlL,0f/0f0c04b8.jpg,नेवी,,SHOES,Walking Shoes,,,,
61wS2cReuOL,a6/a65953ba.jpg,Cognac Leather,,SHOES,Alki Flip Flop,,皮革,,
71LCR2CjfVL,5b/5bbed5e7.jpg,,Arlo,SHOES,Derby Lace-Up,,,,
81a+LjTmyEL,ac/ac778b17.jpg,काला,,SHOES,low-top,सिंथेटिक,,,
61yYunXEFNL,b1/b1a4c720.jpg,Dark Brown Leather,,SHOES,Alki Flip Flop,,100% Leather Upper,,
61yG2BdWitL,da/daf68821.jpg,Beige,Cara-s-1a-1,SHOES,Closed-Toe Pumps,,,,
91xOE6-s8xL,d8/d84190be.jpg,,,SHOES,,Mesh,,,
81J3Oh3b0hL,0d/0ddcaca6.jpg,काला,,SHOES,डर्बी,,,,
81prkOCJQ3L,79/795c844c.jpg,బూడిద,,SHOES,Walking Shoes,,,,
81Uau7K3QnL,5d/5df3a829.jpg,ಬೂದು,,SHOES,Running Shoes,ಜಾಲರಿ (mesh),,,
91jXWTD7wLL,da/daa591c9.jpg,ఆకుపచ్చ(sea green),,SHOES,Sneakers,,,,
61EF6eBLniL,ae/aeaf882a.jpg,,,SHOES,,,,,
71LsWl7vxbL,99/99f9d050.jpg,नेवी,,SHOES,Running Shoes,Polyurethane,,,
81PLKZe5qhL,c2/c26cc2b9.jpg,Navy,,SHOES,Derby,,,Solid,
71+XLV-q3qL,ef/ef4e5f29.jpg,Pink,,SHOES,Ankle-Strap,Polyurethane,,,
81u0hmszJzL,9e/9e09d77b.jpg,,Jaya,SHOES,Jaya,,,,
813yb4-MVXL,0f/0f7140b2.jpg,Taupe Silver Matte Sequin,Luca Slip-on Sequin Jogger Sneaker,SHOES,Luca Slip-on Sequin Jogger Sneaker,,Man Made,,
81dWEUc3nOL,ec/ec61c59f.jpg,Lt.Grey/Dk.Grey,,SHOES,Running Shoes,Fabric,,,
71RoQRWh5FL,1f/1ff9ea0b.jpg,Blue Light Blue,36895,SHOES,36895,,,,
81pYsHHDX8L,14/142c38f2.jpg,नीला,,SHOES,Running Shoes,Mesh,,,
81SL-FG1OCL,46/46f22615.jpg,ग्रे(स्लेटी),Az-st-017b,SHOES,डर्बी,,,Solid,
81OH4GQzvzL,2f/2fd47d53.jpg,Grey/ Orange,Zurich,SHOES,Running Shoes,Mesh,,,
81lzP1TfGmL,29/29ed0870.jpg,,,SHOES,,Canvas,,,
81VUhNt87NL,d1/d1a853d5.jpg,నలుపు,Az-st-001a,SHOES,డెర్బీ,,,Solid,
81xpJTKv2zL,81/81025333.jpg,Black/ Turq,,SHOES,Sneakers,,,,
71w1qLGIsVL,5d/5d58673f.jpg,ബഹുവർണ്ണം (grey::grey::black::black::black::black),,SHOES,Ballet Flats,,,,
61Qw4Vy-UXL,b7/b738c7b4.jpg,White,373697,SHOES,373697,,,,
71+2mFPfyfL,ed/ed8d1aa9.jpg,Braun Rich Bruin,Maximum,SHOES,Instappers,,,,
81kSGYQ81uL,4b/4bdaa5b3.jpg,Silver Ice Textile,,SHOES,Tawny Lace-up Fashion Sneaker,,cuero,,
81S7RGToTlL,f2/f2d5eeb2.jpg,ग्रे(स्लेटी),Scorpius,SHOES,Running Shoes,Mesh,,,
71DIsN9sLlL,37/37562022.jpg,Camuflaje / negro,Lexi Color/Material-Block Jogger Sneaker,SHOES,,,Mixed Textile,,
81+Ew20yJFL,e6/e682c8d9.jpg,Black Suede,,SHOES,Morgan Block-heel Ankle Strap Dress Pump,,Suede,,
61NrMXDo8kL,00/0046e955.jpg,Pink,V1553,SHOES,Hi-Top Trainers,,,,
71ykR5N7DdL,87/872908bf.jpg,ブラック,Kline,SHOES,,,ポリウレタン100%。,,
91GIAliUMmL,49/49195e8d.jpg,ग्रे(स्लेटी),,SHOES,low-top,सिंथेटिक,,,
81D8ZduZIML,c1/c10cbf5f.jpg,,Soft Back Moccassin,SHOES,Espadrilles,,,,
81WjGDdtgfL,5d/5de996d2.jpg,टैन,,SHOES,Oxford,लेदर,,,
71FG7WyKODL,8d/8d7b026f.jpg,,T86bl7099,SHOES,T86bl7099,,,,
71QfXxJX2LL,ad/ad801b71.jpg,Bright White,Vega-w2,SHOES,Running Shoes,,,,
61GipYQEaDL,ae/ae3b877e.jpg,Zwart,Slumber,SHOES,Slumber,,,,
71oFF0+UhCL,48/4826f678.jpg,Red,V0338,SHOES,V0338,,,,
71WuoEtZ4JL,cd/cd950d8c.jpg,Rosa,Queen Anne Kitten Heel Dress Pump,SHOES,Queen Anne Kitten Heel Dress Pump,Gamuza,gamuza,,
81GuWAMjctL,94/9424d88d.jpg,Tela vaquera.,Fatina Kitten Heel Slingback Pump,SHOES,Fatina Kitten - Zapato de tacón con tira trasera,,tela o tejido de punto,,
81BLi1o38AL,c5/c5021a04.jpg,ग्रे(स्लेटी),,SHOES,Sneakers,,,,
61wK9vuuTML,b4/b4c4c6a3.jpg,,,SHOES,,,,,
71lfArY93PL,09/09b8c0d6.jpg,NAVY / YELLOW,,SHOES,Sneakers,,,,
71P8LXAFR6L,04/04231242.jpg,Tan,5904-01,SHOES,Thong Sandals,,,Solid,
81HEW-5LuXL,4d/4d86d8ef.jpg,,,SHOES,,,,,
71N6iI+1Z8L,6d/6de3f514.jpg,White (Oatmeal),Slip On Court,SHOES,Slip on Court,,,,
71jupZ1lktL,96/9660614a.jpg,Black,,SHOES,Derby,,,,
71q9wN5Pr-L,75/753cecbb.jpg,pitón estampado cuero,,SHOES,Queen Anne Kitten tacón vestido bomba,,100% cuero parte superior,,
81-zg6PFfBL,68/68951a5a.jpg,തവിട്ട്,Canton-1,SHOES,Slippers,,,,
81i65gEHfHL,38/3857cafd.jpg,Navy/Grey,,SHOES,Running Shoes,Mesh,,Textured,
71rsZgIWXQL,b3/b3d82b8c.jpg,Peach,,SHOES,Ankle-Strap,Polyurethane,,,
81Y4zBMObYL,86/865d7265.jpg,Cruz V2 Fresh Foam,Onore,SHOES,Onore,,100% sintetico,,
71sZLZ3qmOL,fa/fa8dbc5e.jpg,Brown (Chocolate Chocolate),Flexi-Sole Cuban Heel,SHOES,Flexi-sole Cuban Heel Chelsea Boots,,,,
81ZaBxOXMkL,3e/3ea26c35.jpg,BLUE/NAVY,,SHOES,Running Shoes,Mesh,,,
71NOb2uVfDL,c5/c53738dc.jpg,काला,,SHOES,लोफ़र,,,,
71oDujGgfhL,64/64cb42bf.jpg,NAVY,,SHOES,Sneakers,,,,
81Gu-xCrO7L,86/86a9fc32.jpg,टैन,,SHOES,Chelsea Boots,Polyurethane,,,
71N0U5k+OQL,24/2479f12d.jpg,Brown Tan,OFER-S-1A-8,SHOES,Low Heel Large Buckle Mule,,,,
71YxM+o1dbL,21/21cc7919.jpg,Blue &Red,Zoom,SHOES,Flip-Flops,,,,
614Q7v8omQL,5d/5dc20493.jpg,zwart,Lace Up Baseball,SHOES,Low-top,,,,
81g7hnLNbAL,01/01be7956.jpg,Tan,,SHOES,Sneakers,,,Stripes,
81u+Tae8aTL,09/09e58f34.jpg,L.Grey,,SHOES,Sneakers,,,,
71IhYty4klL,f0/f0639555.jpg,Blush Suede,Coyle Round Toe Block Heel Pump - High,SHOES,Coyle Round Toe Block Heel Pump - High,,100% Leather Upper,,
71YHBPqTDwL,93/93586929.jpg,Black/ Pink,Mia,SHOES,Running Shoes,Mesh,,,
71ru0eIKXuL,9c/9cbfc3b7.jpg,Blauw,Edwin,SHOES,Instappers,,,,
61qmz4If36L,8e/8e7d69ab.jpg,Braun Caramel Nude,Dubai-2-sh-54,SHOES,Women's Court Shoe,,,,
81WtpbfZigL,b5/b55aa38e.jpg,Black,,SHOES,Derby,,,,
81t29Y3VFQL,53/53658ddf.jpg,Olive,,SHOES,,Synthetic,,,
61FhKCs9+8L,5f/5f877058.jpg,GREY,S5733,SHOES,Sneakers,,,Solid,
71YKyoV1l1L,bd/bdfbbc6e.jpg,White,,SHOES,Ankle-Strap,Polyurethane,,,
71NsMv6UuGL,eb/eb259689.jpg,White,372883,SHOES,Low-Top Sneakers,,,,
81qk-C+3TKL,c5/c5044e28.jpg,भूरा,S5532,SHOES,Hiking Shoes,,,Solid,
71KBgq9ahtL,10/10cd854f.jpg,Tan,7956-03,SHOES,Derby,,,Solid,
71OPziPa6TL,ed/ed21da4d.jpg,टैन,Bs148,SHOES,Flip-Flops,,,,
81ESDUDES1L,92/922cb505.jpg,टैन,,SHOES,Oxford,सिंथेटिक,,,
816XLq+gDcL,8c/8c69a013.jpg,Tan,,SHOES,AZ-YS-190 C_Tan_10,Synthetic,,,
81jHSOaYmJL,6d/6da4d111.jpg,,137.27,SHOES,137.27,,,,
717RrHbUDWL,59/59188588.jpg,गहरा ग्रे(स्लेटी),,SHOES,Running Shoes,Polyurethane,,,
81hLqB628XL,ae/aea8a09b.jpg,Verde Khaki,Quince,SHOES,Botines Chelsea,,,,
81-SGUTNSAL,bb/bbdc79ac.jpg,NAVY/GREY,,SHOES,Running Shoes,Mesh,,,
71Er2vDxZ0L,20/20a4a3e2.jpg,Negro,Almoq-1w106,SHOES,Almoq-1w106,,,,
71WZJ3ixu1L,0e/0ef9987d.jpg,Cream,,SHOES,Ankle-Strap,Polyurethane,,,
61sHrDqTO0L,ba/bad8b76d.jpg,L T.Blue,,SHOES,Ballet Flats,,,,
81tTG7zzhzL,a0/a064d16e.jpg,,,SHOES,,Leather,,,
812h5M9xw2L,46/460ae1b2.jpg,,,SHOES,,Synthetic,,,
819F5XTraAL,4c/4cf0246a.jpg,Black,,SHOES,,Synthetic,,,
71UPd8ZroDL,75/75dbf099.jpg,Autumn Green Camo Satin,Tinsley Frayed Silk Lace-Up Sneaker,SHOES,Tinsley Frayed Silk Lace-Up Sneaker,,Fabric or Textile,,
71-d2oQHtpL,d5/d583385d.jpg,Marrón Brown,Amz201,SHOES,Slippers,,,,
718LCSzwtVL,30/3039353b.jpg,ബഹുവർണ്ണം,,SHOES,Sneakers,,,,
71IvVUSafgL,41/41832fc5.jpg,Mint Green,Bluebell,SHOES,Running Shoes,,,,
71zgkuh3UzL,90/908d2486.jpg,Black,Classic Slip-on,SHOES,Open-Back,,,,
71OXm5VMG1L,4d/4dfe5a87.jpg,Blue,,SHOES,,,,,
71NcZ0+WsDL,23/23d56aa3.jpg,नेवी,,SHOES,Walking Shoes,,,,
81H9BISzFLL,62/62643e08.jpg,,,SHOES,,Synthetic,,,
71buVVGSRDL,94/942f4137.jpg,Cobalt Blue Suede,Mercer Dress Pump,SHOES,Mercer Zapatos de tacón,,100% cuero parte superior,,
71TITaFszpL,3c/3ce691f4.jpg,,,SHOES,Chelsea Boots,,,,
71AuhC6MqIL,c4/c4015b37.jpg,Electric Blue,Amz038_suede,SHOES,Sailing Shoes,,,,
71tr+hsq7+L,7a/7a956967.jpg,Navy,,SHOES,Derby,Synthetic,,Solid,
71Rx8x4UDzL,4d/4d272ef3.jpg,വെള്ള,,SHOES,Sneakers,,,,
81D61y139AL,8c/8cd393ad.jpg,ఆకుపచ్చ,,SHOES,low-top,కాన్వాస్,,Stripe Play,
81+4u7PCG1L,2a/2a1c70ea.jpg,ചാരനിറം,,SHOES,low-top,സിന്തറ്റിക്ക്,,Solid,
81iklQ+CQOL,4b/4bc71ebf.jpg,തവിട്ടുനിറം (ടാൻ),,SHOES,Floaters,ലെതർ,,Solid,
61r-8K1EFuL,aa/aa1c7551.jpg,വെള്ള,,SHOES,Sneakers,,,,
81d+ZJUXYnL,3e/3e02f8ff.jpg,Tan,,SHOES,,Leather,,,
71skC0qrjZL,e8/e8c47e8f.jpg,Purple,Cecile,SHOES,Closed-Toe Pumps,Textile,,,
611QnGPna5L,a0/a08ba1fd.jpg,,Frances,SHOES,,,,,
71c1a3wiSCL,2a/2a1b5f2a.jpg,വെള്ള,,SHOES,Running Shoes,ഫാബ്രിക്,,,
81iwtmyBYIL,93/9346baca.jpg,काला,,SHOES,Floaters,लेदर,,Solid,
71Hq04Z2R8L,fc/fc64a6b3.jpg,Blauw marine,V0338,SHOES,Lage Top Sneakers,,,,
61UPS002+tL,f0/f0305a78.jpg,Camel/Fuchsia,,SHOES,Sloan Tab Elasticated Ballet Flat,,Leather,,
71riW5vRyQL,a0/a0a32cfc.jpg,Black,36954,SHOES,36954,,,,
714m1WYTi6L,11/112166a5.jpg,ബഹുവർണ്ണം,,SHOES,Sneakers,,,,
814QwAfbOtL,67/6737a12b.jpg,नेवी,,SHOES,Boat Shoes,Synthetic,,Color Block,
71XcuvZ0c9L,3b/3b0e6dce.jpg,Nero,Marco-03w4-002,SHOES,Stivaletti alla caviglia,,,,
71C48B-QqQL,ee/ee2ba7a5.jpg,Rot (Red Red),Block Heel Square Toe,SHOES,Block Heel Square Toe Mary Janes,,,,
71A9sts9krL,31/31bfaae1.jpg,नीला,Bs146a,SHOES,Flip-Flops,,,,
813b0dqvK2L,8f/8fcb8b23.jpg,Beige,,SHOES,Sneakers,,,Solid,
81KcyD1CCDL,86/86395c23.jpg,लाल,Magic-18,SHOES,Sneakers,,,,
81SCcZJkB+L,8b/8bf50e1b.jpg,Navy,,SHOES,Running Shoes,Fabric,,,
71l9wMhLetL,c1/c129c1f8.jpg,,Aaron01,SHOES,Brogue,,,,
81y82Gdh9oL,ea/eac61984.jpg,Brown,5669,SHOES,Sneakers,,,Solid,
81jqQjubUqL,f3/f3128231.jpg,टैन,,SHOES,,Leather,,,
71UvwxVX+hL,25/25964977.jpg,,DUBAI-S-254,SHOES,Dubai-s-254,,,,
81dinlVN3CL,3b/3b959e7e.jpg,tan,,SHOES,Oxford,Synthetic,,,
811kLPSKYDL,df/df4e526c.jpg,Gris Grey,V1402a,SHOES,basses,,,,
71K6npktL9L,97/972ebfd7.jpg,,Leather Smart,SHOES,Stivali Chelsea,,,,
71Ytp7K-viL,8c/8c0685a8.jpg,തവിട്ട്,,SHOES,ഡെർബി,,,Solid,
81Vvlu5fDxL,74/7435f3fb.jpg,Silver,Sheen & Luster Lace-up Sneaker,SHOES,Sheen & Luster Lace-up Sneaker,,,,
71VVXkISppL,64/64834020.jpg,Beige Caramel,HIRA-S-1A-3,SHOES,HIRA-S-1A-3,,,,
71J99bhg75L,43/43c409c6.jpg,Blue Navy,Ruth Court Synthetic,SHOES,Ruth Court Synthetic,,,,
8173hMNkThL,29/2918336b.jpg,,Max Zip Worker,SHOES,Kurzschaft Stiefel,,,,
71sARnmP9LL,3d/3d796780.jpg,Multi,,SHOES,Flip-Flops,,,,
71nXr5Nk4LL,21/21245f50.jpg,नीला,,SHOES,Ankle-Strap,Polyurethane,,,
71ZaxAzCy0L,b1/b1a86106.jpg,silver crackle leather,Tailor Heart Lace-Up Fashion Sneaker,SHOES,Tailor Heart Lace-Up Fashion Sneaker,,Leather,,
81dLOzcvdTL,3e/3e7e393e.jpg,బూడిద,,SHOES,Running Shoes,పత్తి,,,
81R375WU-kL,0b/0b2e31a7.jpg,കരി,,SHOES,low-top,ക്യാൻവാസ്,,Solid,
71JawmMlJ8L,cc/cc840b0c.jpg,,Finlay,SHOES,Short-Shaft Boots,,,,
81EdhQIBJ+L,a9/a9cfcfd8.jpg,ఆక్వా,,SHOES,లోఅఫెర్స్,,,,
71EZ-J9m8hL,a7/a775a3b5.jpg,Black,,SHOES,Ballet Flats,,,Solid,
71IQs2c0SUL,34/348c1cf6.jpg,വെള്ള,,SHOES,Walking Shoes,,,,
81rDloFf+OL,28/28e6aaea.jpg,Brown (Brown),,SHOES,,Leather,,,
81iENCv0APL,af/afd055ca.jpg,ചാരനിറം,Magic-22,SHOES,Sneakers,,,,
61Qr66BQ2aL,27/27ac6189.jpg,,Amz39/01,SHOES,mocassin,,,,
81MYqQKVzcL,cb/cbce3d06.jpg,నలుపు,,SHOES,Sneakers,,,,
71Ir3H5UU9L,4f/4f593d14.jpg,भूरा,,SHOES,डर्बी,,,,
81p6eGhuSPL,86/86c2f503.jpg,Maron,,SHOES,Sneakers,,,Solid,
81gDRUWM4vL,cf/cfcd3795.jpg,നാവിക,,SHOES,Running Shoes,മെഷ്,,Solid,
71ll6wbV7yL,f9/f96d69de.jpg,काला,,SHOES,लोफ़र,,,,
81xJj6J+s1L,e9/e94c1651.jpg,नेवी,,SHOES,Sneakers,,,,
81rIHdQQi+L,26/265797d3.jpg,Rose Gold Sequin,Regina Pointed-Toe Sequin Dress Pump,SHOES,Regina Pointed-Toe Sequin Dress Pump,,Textile,,
61kMOSHz3yL,29/296761eb.jpg,,Frances,SHOES,Frances,,,,
6140+lVtvFL,67/67bce6bb.jpg,Beige Blush Nude,#_SHANA-1A-58,SHOES,Sandalia de tiras de tacón medio,,,,
71VuiHmay1L,e9/e9c421a4.jpg,Marrone E Taupe,Leather 1,SHOES,Scarpe Derby,,,,
71kFnAC9feL,06/06c71b00.jpg,Rosa Topaz,Amz015,SHOES,Leggings,,,,
9112GQp7vbL,bd/bda9c519.jpg,टैन,,SHOES,Slip On,Synthetic,,Solid,
81OM0MYIMrL,16/16fb7aca.jpg,,,SHOES,,,cuero,,
81sejhkuFfL,10/10471c1e.jpg,लाल,,SHOES,Running Shoes,Fabric,,,
81lvJCJQ0hL,ea/ea5ef169.jpg,सुनहरा,,SHOES,Fashion Slippers,,,,
715FltDOVxL,8f/8fde7157.jpg,चेरी,,SHOES,लोफ़र,,,,
819TX+NydCL,80/80d1c82f.jpg,Bleu Marine,Honneur,SHOES,Honneur,,100 % synthétique,,
71DUmKhr50L,8c/8ca4f3ad.jpg,White,Ronny,SHOES,Ronny,,100% Canvas,,
81fnxlzmiYL,02/02d80612.jpg,Beige (Light Grey),CLERMONT,SHOES,Fly Knit Espadrilles,,,,
71R7nZpM9OL,b3/b350d9aa.jpg,Cherry,,SHOES,Loafers,,,,
91s1lq6XhvL,06/06e60aee.jpg,Olive/Black,,SHOES,Sneakers,Knit,,Textured,
814xPjGpTyL,bd/bd95bfe6.jpg,काला,,SHOES,Walking Shoes,,,,
61AHZiwv1iL,a5/a58f5e58.jpg,Gold Glitter,Belina,SHOES,Belina,,100% Synthetic,,
71csNM-wv5L,e8/e8cc972e.jpg,Cuero blanco,Cooper Perforated Slip-on Fashion Sneaker,SHOES,Cooper Perforated Slip-on Fashion Zapatillas,,100% cuero parte superior,,
81GlWCuteuL,d0/d081ee1c.jpg,नीला,,SHOES,Running Shoes,Mesh,,,
71c6DByviYL,0e/0e0deb25.jpg,Blue,,SHOES,Running Shoes,Mesh,,,
81ohpUM5YhL,37/3779a242.jpg,भूरा,,SHOES,डर्बी,,,,
81yfxB097yL,de/dedeba02.jpg,കറുപ്പ് 1,,SHOES,ഡെർബി,സിന്തറ്റിക്ക്,,Solid,
61xZrvbc+AL,cb/cb829ff6.jpg,Blanco,V1553,SHOES,lona de alta calidad.,,,,
711uzmMwtdL,84/842c476e.jpg,,Evie Millitary Style Ankle Strap Point Toe Flat,SHOES,Evie Military-inspired Ankle Strap Pointed-toe Flat,,Satin,,
619b5DoVNSL,7e/7e9e36d3.jpg,काला,,SHOES,Sneakers,,,,
715zRjJylHL,5d/5dbb8f83.jpg,,Finnick,SHOES,Loafers,,,,
81iFOR2PxBL,53/53c31c32.jpg,टैन,,SHOES,AZ-KY-226A_Tan_9,Synthetic,,Color Block,
71tYZqIfrSL,27/276df47d.jpg,Blue,,SHOES,Ankle-Strap,Polyurethane,,,
71gaLQzZHSL,13/133d2255.jpg,,Point Heel Court,SHOES,Closed-Toe Pumps,,,,
81V2wH+G4ZL,a1/a17b00e1.jpg,Grey,,SHOES,Running Shoes,Mesh,,,
815GyXT4IeL,1d/1d55849c.jpg,Grey,,SHOES,,Leather,,,
61wFUmWq+HL,25/25a2aa44.jpg,White,,SHOES,Sneakers,,,,
81+iceLNMSL,55/55d479cd.jpg,,,SHOES,Nia Knee-high Ankle Tie Boot,,Leather,,
712b2PmfLtL,b8/b86a3d4d.jpg,Gray Suede,Queen Anne Kitten Heel Dress Pump,SHOES,Queen Anne Kitten Heel Dress Pump,,100% Suede Upper,,
71Losy8n93L,6a/6af3ed0b.jpg,Black,Blossam,SHOES,Running Shoes,,,,
71HvO1LRKrL,7a/7a7f9756.jpg,Microsuede Cognac,Listilla Flatform-espadrilles mit Knöchelriemen,SHOES,Listilla Flatform-Espadrilles mit Knöchelriemen,,Oberschuh: 100 % Polyurethan; Futter: 100 % Polyurethan; Außensohle: 100 % Thermoplastischer Gummi (TPR),,
71lNmIRlXTL,4f/4ff0c331.jpg,Black and Orange,Grada-35,SHOES,Floaters,,,,
61fsW32jJvL,2d/2d13d3f1.jpg,Light Rose Metallic,,SHOES,Jaylene Slip-on Fashion Sneaker,Leather,皮革,,
81S94LissRL,58/583b9920.jpg,Tan,Slumber,SHOES,Slumber,,,,
812nwOI0iML,47/47baff98.jpg,काला,,SHOES,Fashion Slippers,,,,
81gUGfmuhkL,08/08942e40.jpg,Sky/ Blue,,SHOES,Sneakers,Mesh,,Color Block,
61CROuWRV2L,66/66ea3f11.jpg,Black Knit,Knit Ballet Flat,SHOES,Knit Ballet Flat,,100% Polyester,,
81BKSJz9JXL,f7/f74a4270.jpg,Charcoal Wool,Galen,SHOES,Galen,,"56% Wool, 26% Polyester, 9% Nylon, 8% Viscose, 1% Other Fibers",,
71SINrKAawL,12/129b7edb.jpg,काला,,SHOES,डर्बी,,,,
71hPNv+airL,4e/4ebda4c9.jpg,Blue Navy,Amz202,SHOES,Boat Shoe,,,,
713O9rcp5sL,39/39b59522.jpg,Black and Red,Magic-27,SHOES,Sneakers,,,,
71vw4hr5KcL,53/53f5c8a9.jpg,नीला,,SHOES,Ankle-Strap,Polyurethane,,,
71stahIMnxL,88/886486f6.jpg,Red,,SHOES,Slippers,,,,
71pc6GuymeL,f8/f89cccfb.jpg,,,SHOES,,,,,
61sHmsAIVjL,2e/2ecb11de.jpg,Black(black Black),Chunky Leather Boat Shoe,SHOES,Chunky Leather Boat Shoe,,,,
71BhodXL1aL,7d/7dcb980d.jpg,बेज (हल्का बादामी),,SHOES,Ankle-Strap,Polyurethane,,,
71w6PMN4JWL,d6/d663bb6f.jpg,0,,SHOES,,कैनवास,,,
81qXWN3u5oL,1e/1efa04d0.jpg,,,SHOES,,Leather,,,
8161J-fTP-L,81/814144b9.jpg,Grey,,SHOES,Walking Shoes,,,Textured,
715h+EnPuDL,ff/ff947f96.jpg,काला,S5549,SHOES,डर्बी,,,Solid,
71A+IGaGB8L,c7/c70f96a6.jpg,काला,,SHOES,Chelsea Boots,Polyurethane,,,
81efjhTi8oL,eb/eb50802d.jpg,Pewter Metallic Leather,,SHOES,Rory Block-heel Pointed-toe Chelsea Ankle Boot,,cuero,,
81nMlBDNbZL,dd/dd17ba71.jpg,ग्रे(स्लेटी),,SHOES,Ankle-Strap,Polyurethane,,,
71cdNVAGWdL,7e/7e9b8cca.jpg,न्यूड,,SHOES,Ankle-Strap,Polyurethane,,,
61R7NY4K7yL,76/763cab2a.jpg,,,SHOES,,,cuero/gamuza,,
71AyWAhQgaL,16/160dca8c.jpg,चेरी,,SHOES,डर्बी,,,,
81napuujAeL,1f/1f8400bf.jpg,Black Poppy Floral Print Satin,Priscilla Pointed Toe Lace-up Flat,SHOES,Priscilla Pointed Toe Lace-up Flat,,Textile,,
71EvsNM8iOL,2f/2fec401c.jpg,నలుపు,,SHOES,Sneakers,కాన్వాస్,,Solid,
71-Igedmy3L,05/05c5bc66.jpg,Grijs Grijs,Marvel,SHOES,Lage Top Sneakers,,,,
81AFtEh-yXL,c9/c90bae75.jpg,Beige,,SHOES,,Leather,,Solid,
61mgCsuYkKL,86/8627cc3a.jpg,Multicolore Multicolor,36909,SHOES,Scarpe Brogues,,,,
71GzWDGHDYL,d7/d7ba5b1f.jpg,Black,Lora,SHOES,Closed-Toe Pumps,,,,
71Hj9lW7GtL,df/df7732e1.jpg,Beige Nude,Prase-s-2b-8 T-bar,SHOES,Prase-s-2b-8 T-bar,,,,
81xQRB8ZsIL,5d/5d2bbc42.jpg,నీలం,,SHOES,Walking Shoes,,,,
81iEpbg-3aL,9a/9af5ace8.jpg,Black/Orange,,SHOES,Running Shoes,Fabric,,,
71jEDavQ+gL,97/9728db7f.jpg,,Angus,SHOES,Derby,,,,
817ra6GXwZL,fc/fc8f4d15.jpg,ग्रे(स्लेटी),,SHOES,Running Shoes,Fabric,,,
61FyG773yJL,11/11417f09.jpg,Blauw marine,Elias,SHOES,Espadrilles,,,,
717+Dk37PBL,42/42a05180.jpg,नेवी,,SHOES,Chelsea Boots,Polyurethane,,,
81PLdhUadvL,cd/cd17d961.jpg,നീല,,SHOES,Flip-Flops,,,,
71insne9+ML,53/53747da4.jpg,Avorio Bone,Shoe Boot Leather,SHOES,Scarpe con cinturino,,,,
716CxRKo2NL,df/df49139f.jpg,,,SHOES,,,,,
81Mjjm7Q3TL,c4/c46f513e.jpg,నలుపు 1,,SHOES,AZ-YS-404,పాలియురేతేన్,,Solid,
71Cftojp+jL,4b/4b8350d1.jpg,Brown/ Navy,,SHOES,Sneakers,,,,
71IuQce29nL,51/510ba347.jpg,Black,V1241a,SHOES,Low-Top Sneakers,,,,
81Egopgd8XL,1e/1e6772af.jpg,black,,SHOES,,Synthetic,,,
61SoDupdEIL,58/586d65d1.jpg,Bianco White,36904,SHOES,Scarpe Oxford,,,,
81wvn0GFnfL,c0/c09a59f9.jpg,भूरा,Vega-9,SHOES,Running Shoes,,,,
81qXyOyvYgL,05/05931b42.jpg,काला,,SHOES,Oxford,लेदर,,,
61gJW8tZe2L,ec/ec62ef36.jpg,ట్యాన్ (tan),,SHOES,డెర్బీ,కృత్రిమ,,,
811r102KnAL,c7/c786b17c.jpg,,,SHOES,,Canvas,,,
71ZjAf1AoSL,ac/acd04df5.jpg,,Leather,SHOES,Brogue,,,,
81lVaiCdSjL,69/69ebd19e.jpg,सुनहरा,,SHOES,Ankle-Strap,Polyurethane,,,
71zG5mou-KL,99/9938a59b.jpg,Negro,,SHOES,Sloan Tab ballet elástico plano,,cuero,,
71EHre5+4rL,70/70ac46c7.jpg,Gris (,Carla,SHOES,Carla,,"70% poliéster, 30% algodón",,
71vFFiR9McL,ca/ca2c7d9e.jpg,भूरा,,SHOES,Slippers,,,,
71VyQlvJd3L,c2/c28cfea3.jpg,Petal Blush,,SHOES,Zavala Ballet Flat With Structured Bow,,Suede,,
71dZVJBUatL,1e/1e7ee74d.jpg,Green,,SHOES,Ballet Flats,,,,
81D7WO7-9NL,5d/5d10a6e8.jpg,Black,,SHOES,Sneakers,,,Solid,
81GCLarI5yL,3d/3d1509ce.jpg,Blue Light Blue,Andrews,SHOES,Leather Loafer,,,,
71FlaEdfMXL,13/13a41bbd.jpg,,Classic Casual,SHOES,Chelsea Boots,,,,
81Fqu9JdIKL,da/da0f3858.jpg,हरा,,SHOES,Walking Shoes,,,Printed,
91+19K0K6OL,cf/cf55470e.jpg,White (Beige),,SHOES,,,,,
61hONLYB8RL,9e/9ec99895.jpg,Brown (Chocolate Chocolate),,SHOES,,,,,
71jSSV7ZiOL,19/198d7d46.jpg,,Simple Mule,SHOES,Wedge Heels Sandals,,,,
816tlYRlapL,f6/f6a508b4.jpg,सुनहरा,,SHOES,Ankle-Strap,Polyurethane,,,
61fh7UskYEL,8f/8f8c6314.jpg,Rot 75,Pisa 2253320,SHOES,Ballet Flat,,,,
81dUrXTsJ+L,8c/8c0db564.jpg,Maron,,SHOES,Sneakers,,,,
61ax5CulfOL,8f/8f08ea18.jpg,Burgundy,,SHOES,,,gamuza,,
71Q14aRLOvL,7b/7b215735.jpg,,Amaya - Bomba Para Exprimir,SHOES,Amaya - Bomba para exprimir,,cuero,,
81rn3yHTr-L,1e/1e7b9d64.jpg,,,SHOES,Tanner Creeper Sneaker,,布,,
81XwVKNakDL,db/dbe351e5.jpg,Black Suede,Emilia Double Bow Point Toe Flat,SHOES,Emilia Double Bow Pointed-Toe Flat,,Suede,,
716aH0iikOL,9f/9f17b163.jpg,White/ Blue Camo,,SHOES,Sneakers,,,,
91DEWfEeLDL,1d/1d3fc60f.jpg,Blue,,SHOES,,Synthetic,,,
71jn354MusL,3e/3e307f5e.jpg,,Ofer-s-1a-8,SHOES,Mules,,,,
61HsXdNi+rL,66/66396ea7.jpg,Black,Kitten Heel Court,SHOES,Wide Fit Kitten Heel Court,,100% Synthetic,,
714NBVru8dL,2c/2c5dffd9.jpg,Blue,,SHOES,Ankle-Strap,Polyurethane,,,
81YSIcsun8L,b0/b0e911f6.jpg,Rojo,,SHOES,,,100 % Seda,,
819HZf4Ue8L,bf/bf875585.jpg,ग्रे(स्लेटी),Mia,SHOES,Running Shoes,Mesh,,,
71vcpv2nmWL,08/087ebad3.jpg,Black Party Glitter Textile,,SHOES,Emma D'orsay - Plana de ballet,,textil,,
71wYBbXAz1L,64/64be3f53.jpg,Black Leather,Olympic Casual Lace-Up Sneaker,SHOES,Olympic Casual Lace-up Sneaker,,100% Leather Upper,,
61aifnswTEL,90/9072ce3d.jpg,బూడిద,,SHOES,Ballet Flats,,,,
71tClrzUe+L,26/26d723eb.jpg,Walnut,6103-01,SHOES,Fisherman Sandals,Synthetic,,Solid,
81DGBFCzFRL,c9/c932a95b.jpg,Blau Navy,Marin,SHOES,Chelsea Boots,,,,
810v-+cD5KL,b6/b6f4a53d.jpg,ചുവപ്പ്,,SHOES,Walking Shoes,,,Printed,
719mhz-AneL,0c/0c3a874f.jpg,Rose Suede,Cooper Perforated Slip-on Fashion Sneaker,SHOES,Cooper Perforated Slip-on Fashion Sneaker,,100% Suede Upper,,
71OytA5ZZcL,b2/b2bd8085.jpg,White,Mark,SHOES,Mark,,100% Textile,,
410sQuInVAL,3a/3a86db5b.jpg,White,Paulina Pointed Toe Two-Tone Mule,SHOES,Paulina Pointed Toe Two-tone Mule,,Upper: 100% Polyester; Outer: 100% German,,
71BqxxCmFmL,cd/cd475893.jpg,Yellow,Pop Flower,SHOES,Pop Flower,,,,
71cF3lsKV+L,75/75f5a1fa.jpg,Rose Suede,Lemolo Lace-Up Fashion Sneaker,SHOES,Lemolo Lace-up Fashion Sneaker,,100% Leather Upper,,
81yp862n1qL,f4/f497882a.jpg,BLACK,,SHOES,Running Shoes,Mesh,,,
81Tpf9e-FKL,38/381f983d.jpg,M.Grey/ L.Grey,,SHOES,Sneakers,,,,
71QK-GXaQbL,1f/1fdf0681.jpg,ചുവപ്പ്,,SHOES,Walking Shoes,,,,
81mQzPX+LPL,59/5962ad50.jpg,ग्रे(स्लेटी),Brick,SHOES,Running Shoes,Mesh,,,
71CPqcVhz6L,09/09552cec.jpg,ബഹുവർണ്ണം (grey::grey::black::black::black::black),,SHOES,ഓക്സ്ഫോർഡ്,സിന്തറ്റിക്ക്,,Solid,
812b-mMf9tL,43/4339f98f.jpg,Beige Biscuit,Jute Lace Up,SHOES,Mocassins,,,,
61+s2A1gy7L,92/927cd580.jpg,,,SHOES,Fay Embellished Slide Smoking Loafer,,Textile,,
816Ay6dK3ML,e1/e10001e1.jpg,Brown,5902-02,SHOES,Thong Sandals,,,Solid,
91jNU8FvPlL,91/9119be72.jpg,ऑलिव,,SHOES,low-top,लेदर,,,
71WZyUCHTUL,30/30555cb8.jpg,Olive,6111-02,SHOES,Fisherman Sandals,Synthetic,,Solid,
61-Wqnm7XQL,82/8298d156.jpg,White,N-7529sleek,SHOES,Ankle Boots,,,,
71XbJu70ifL,10/107fe14c.jpg,White,,SHOES,Sneakers,,,,
71nqIE3rEnL,39/39897375.jpg,Gris Grey Grey,Amz17001,SHOES,Montantes,,,,
81EsdEC0psL,a5/a5d723ae.jpg,Cuero negro,,SHOES,Magnolia Botines de tacón bajo,,cuero,,
71dmoFHB7JL,ef/efcf8d9c.jpg,भूरा,Az-ws-111b,SHOES,Derby,लेदर,,,
716Co+c2wgL,4d/4da686a5.jpg,Black Leather,,SHOES,Shaw Slip-on Sneaker,,Leather,,
71-16QqjvrL,5a/5a2a74a6.jpg,തവിട്ട് 2,,SHOES,ഓക്സ്ഫോർഡ്,സിന്തറ്റിക്ക്,,Solid,
71CGT8WEHLL,94/94b14846.jpg,Argent Silver,110568,SHOES,Escarpins,Satin,,,
818ljh+Ba7L,a0/a06cfb49.jpg,Noir Black,Bfa001amz01201170210,SHOES,Classique,,,,
91X61O+rf5L,eb/eb2dc594.jpg,0,,SHOES,,सिंथेटिक,,,
71y9tg5TwnL,2c/2cf4c177.jpg,Black Leather,Dakoda Silver Flat Head Stud Loafer,SHOES,Dakoda Silver Flat Head Stud Loafer,,Leather,,
71edCx9P82L,8a/8a6dc379.jpg,सुनहरा,,SHOES,Ankle-Strap,Polyurethane,,,
91KI1ji-lAL,3d/3de0ebab.jpg,Midnight Black Glitter,Margot Block Heel Ankle Strap Pump,SHOES,,,,,
81gtcDXt01L,49/496362f4.jpg,काला,,SHOES,डर्बी,,,,
81r772i0cXL,1d/1d3f7c03.jpg,Brown,5901-02,SHOES,Thong Sandals,,,Solid,
71JOASuHopL,da/da3f2204.jpg,న్యావి,,SHOES,Walking Shoes,,,,
91O+WDdrXXL,f2/f26a50ed.jpg,Red,,SHOES,,Polyester,,,
81vFhoYKu2L,cf/cf08cd7a.jpg,ग्रे(स्लेटी),,SHOES,Running Shoes,Mesh,,,
81BN3KwII3L,7e/7e70bd65.jpg,Black,,SHOES,Dolly Block Heel Buckle Sandal,,100%皮革,,
61-jufSWbaL,10/10df97b5.jpg,,R3083,SHOES,Bailarinas,,,,
81TzbCKaZuL,ae/ae8a62de.jpg,सरसों(मस्टर्ड),,SHOES,Sneakers,Canvas,,Solid,
71qls9kM-jL,8f/8f858a0d.jpg,വെള്ള,,SHOES,Sneakers,,,,
61rKu+bdipL,11/11b1c82b.jpg,Beige,Wide Fit Point Court Shoe,SHOES,Wide Fit Point Court Shoe,,,,
81aLijry+mL,d3/d32d623c.jpg,,,SHOES,,,,,
619WfTEi1GL,9d/9d4d074b.jpg,Brown (Sand Sand),Two Band Sparkly,SHOES,Two-band Sparkly Open-Toe Flat Sandals,,,,
81MqqIzBI+L,dc/dced9d16.jpg,Rojo,37644,SHOES,37644,,,,
81uMn-k7OrL,5a/5af0ee2f.jpg,Grey,,SHOES,Brogue,Leather,,,
81Hbt389ECL,bb/bbb18fd0.jpg,,137.271new,SHOES,137.271new,,,,
81YEyCH28YL,97/97a1e41a.jpg,Sea Green and Navy,Gallery-19,SHOES,Slippers,,,,
81xk4V-U0OL,12/12aa6755.jpg,लाल,Magic-8,SHOES,Sneakers,,,,
81nzIrc3kaL,a0/a0c0e3af.jpg,Brown,,SHOES,low-top,Synthetic,,Solid,
81rcBLEmM4L,b2/b2a1f2ec.jpg,ग्रे(स्लेटी),,SHOES,Running Shoes,मेश,,,
81mZHAPd+FL,78/7877adbb.jpg,Navy,,SHOES,Walking Shoes,,,Textured,
71Xi7n8u-fL,35/350e0ff7.jpg,Black Suede,,SHOES,Everett High Heel Ankle Bootie,,100% Suede Upper,,
81XDk+vXehL,55/5514886b.jpg,Blue,,SHOES,Ankle-Strap,Polyurethane,,,
61RAYM8MCaL,fb/fb8f8ca6.jpg,Cuero negro,,SHOES,Chanclas Alki,,100% cuero parte superior,,
51d2mHluduL,54/5429a06a.jpg,Black,Arland Driver Loafer,SHOES,Arland Driver Loafer,,,,
71Nyr1qzqoL,3f/3f543075.jpg,न्यूड,,SHOES,Ankle-Strap,Polyurethane,,,
81CnHsKbI0L,62/62e18ea2.jpg,सफ़ेद,,SHOES,Running Shoes,Polyurethane,,,
81+kysXf0eL,c3/c32ac0d7.jpg,लाल,,SHOES,Walking Shoes,,,Textured,
81EVgVhd48L,58/58442d2d.jpg,,,SHOES,,Canvas,,,
71SfggQnG7L,9a/9ad7204f.jpg,काला,,SHOES,Fashion Slippers,,,,
71bN7Xb2fAL,21/21035e1b.jpg,Black Leather,,SHOES,Elliott Flip-flop,,100% Leather Upper,,
71ApM71aOIL,e1/e1c92452.jpg,,Block Heel Sandal,SHOES,Block Heel Sandal,,,,
71ClppIiQGL,40/408b7cdf.jpg,White,,SHOES,Ankle-Strap,Polyurethane,,,
81RHmO-snwL,a1/a1231884.jpg,Brown,Mary,SHOES,Closed-Toe Pumps,Leather,,,
71j5A6+Ti4L,0f/0fde0df0.jpg,Puder 06,Marrakesch 2217732,SHOES,Tira vertical,,,,
81PaXcqEPwL,8a/8a4d3cbb.jpg,,,SHOES,,Canvas,,,
71FDYVcbTbL,83/8388cf38.jpg,"Navy, Orange and Grey",Grada-34,SHOES,Floaters,,,,
613Ac2f0+kL,c9/c9ae5190.jpg,Smooth Black,Freddy,SHOES,Freddy,,,,
71myT4AVBQL,b4/b47f616e.jpg,പച്ച (sea green),Canton-8,SHOES,Slippers,,,,
81JpSEYytZL,7c/7cf2710d.jpg,Tan,,SHOES,Brogue,,,,
71DmTPMNJpL,c3/c32c5f43.jpg,Rose,Ana Ballet Flat,SHOES,,,,,
71rFEdjRKLL,71/71148b11.jpg,ബഹുവർണ്ണം (grey::grey::black::black::black::black),,SHOES,Walking Shoes,,,,
81ox6etk34L,a6/a6636046.jpg,ట్యాన్ (tan),,SHOES,Moccasins,కృత్రిమ,,Solid,
71j3013RDFL,48/4868dcb8.jpg,BLACK,,SHOES,Derby,,,,
81oAcejhCQL,0a/0aef5709.jpg,टैन,,SHOES,ऑक्सफ़ोर्ड,Synthetic,,Textured,
61xY3-sohcL,bf/bffee8d1.jpg,Brown,Amz147,SHOES,Brogue,,,,
714pn4qRGAL,20/2071ff25.jpg,BLACK,,SHOES,Chukka Boots,Polyurethane,,,
71sMb+8LwnL,3a/3a46a578.jpg,,Lace Up Baseball,SHOES,A collo alto,,,,
812r1mJ4rxL,11/115b0215.jpg,चारकोल,,SHOES,Running Shoes,Mesh,,,
718alkuLN9L,61/61e798b1.jpg,BLACK,Gonzo,SHOES,Running Shoes,Mesh,,,
71UamQU3-VL,78/78b0d6a4.jpg,Black,,SHOES,,Leather,Leather,,
71+Cs55dA-L,1c/1cd84e6b.jpg,काला,,SHOES,low-top,सिंथेटिक,,,
71Rr-D1oShL,be/bec67bff.jpg,Black Leather,Lemolo Lace-Up Fashion Sneaker,SHOES,Lemolo Lace-up Fashion Sneaker,,100% Leather Upper,,
71Lz-+Do1+L,39/39b4b87b.jpg,ബഹുവർണ്ണം (grey::grey::black::black::black::black),,SHOES,Running Shoes,മെഷ്,,,
71wO76amATL,6c/6cb4d5f7.jpg,,122996,SHOES,122996,,,,
81vgSKsn3RL,89/895885d5.jpg,Brown Choc,Hallam-01w4-003,SHOES,Chelsea Boots,,,,
91RXmgWS9zL,f0/f0997a55.jpg,,,SHOES,,,,,
71XufEaT3mL,55/55f4df43.jpg,café Camel,FIND Men's Boat Shoes,SHOES,Zapatos Barcos de Piel,,,,
712w8L8QidL,59/59fe5e60.jpg,തവിട്ടുനിറം (ടാൻ),,SHOES,,സിന്തറ്റിക്ക്,,Color Block,
81yPaI-5joL,85/85edf39d.jpg,ग्रे(स्लेटी),,SHOES,Ankle-Strap,Polyurethane,,,
71V1ff84EaL,74/740e70f1.jpg,Silver Metallic Crackle Leather,Sonya Scrunch Metallic Ballet Flat,SHOES,Sonya Scrunch Metallic Ballet Flat,,Leather,,
71ZTyRCz2cL,57/57d9d70d.jpg,Black/Blue,,SHOES,Sneakers,,,,
91OMWZ+xtCL,dc/dcf0cd11.jpg,,,SHOES,,Cotton,,,
91f9qrBblYL,c9/c9a51eae.jpg,Black Silver,Eyez on Her Lace-up Fashion Sneaker,SHOES,Eyez on Her Lace-up Fashion Sneaker,,,,
818V9xymIBL,12/12d26710.jpg,ചുവപ്പ്,,SHOES,low-top,ക്യാൻവാസ്,,,
61KNrTJSdeL,19/19b0b2d5.jpg,Gold,#_SHANA-1A-58,SHOES,#_Shana-1a-58,,,,
61m2HIKFBBL,0e/0eda0cee.jpg,White,Magic-13,SHOES,Sneakers,,,,
61T+OhZsWvL,6e/6e1e4a5a.jpg,Zwart 001,Flamenca,SHOES,Muilezels,,,,
81Z0vwoSWvL,c6/c64a0eea.jpg,काला,,SHOES,डर्बी,,,,
81E5VPwbwOL,e7/e7c3cc8d.jpg,നീല,,SHOES,Running Shoes,കോട്ടൺ,,,
81nH9FBiJAL,bf/bf61371a.jpg,Bordeaux Velvet,Blakely Block Heel Pump with Feather Pom,SHOES,Blakely Block Heel Pump with Feather Pom,,Textile,,
81K2-BnYmrL,a5/a5f02aa1.jpg,,,SHOES,,,,,
71BgWyiRozL,af/afd58e14.jpg,నలుపు,Ch 122,SHOES,లోఅఫెర్స్,,,,
81ma2YdUVrL,a7/a70560ec.jpg,,Alley Cupsole Midcut,SHOES,Hi-Top Trainers,,,,
81EIP2Jg1lL,e9/e98b8b57.jpg,,Addison,SHOES,Mocassin,,,,
612Ld-pyrDL,35/35a69ce8.jpg,Navy,,SHOES,Running Shoes,,,,
71M0k2xCtuL,00/0009f4f0.jpg,നാവിക,,SHOES,Running Shoes,പോളിയുറീതേൻ,,,
81pJ4tSryKL,df/df94e5c0.jpg,Tan,,SHOES,Oxford,,,,
71P-lZ0dEWL,d3/d3e5b6f3.jpg,L.Grey,,SHOES,Sneakers,Synthetic,,Solid,
618TfKxPRRL,40/4016fb3b.jpg,Black,Simple Slide Leather,SHOES,Simple Slide Leather,,,,
71pCWaKCBRL,af/afd485f2.jpg,Brown,5908-02,SHOES,Thong Sandals,,,Solid,
71RQzYRT43L,69/6961930a.jpg,Navy Suede,Pearson Moccasin Slipper,SHOES,Pearson Moccasin Slipper,,Suede Upper & Genuine Shearling Lining,,
81xhlURoMoL,13/13212937.jpg,Camel Suede,Emilia Double Bow Point Toe Flat,SHOES,Emilia Double Bow Pointed-Toe Flat,,Suede,,
81LHaHTBBIL,67/6795b667.jpg,टैन,Canton-20,SHOES,Slippers,,,,
71CodGijpFL,38/38c80a93.jpg,सफ़ेद,,SHOES,Sneakers,,,,
61SEDumudYL,fa/fa93faad.jpg,Black,,SHOES,Unda Cross Strap Footbed Sandal,,Leather,,
71TNDmitI8L,60/60635090.jpg,,Monica,SHOES,Kniestiefel,,,,
71LALVhNYWL,a5/a5800688.jpg,काला,,SHOES,Running Shoes,Fabric,,,
61rNevkyGoL,19/199d4922.jpg,White,122997,SHOES,Mules,,,,
81jyzxYwxiL,ee/ee668f6c.jpg,Navy Suede,,SHOES,Barnes Casual Oxford,,麂皮绒,,
81yuZCrjzYL,6d/6d248af1.jpg,नीला,,SHOES,Ankle-Strap,Polyurethane,,,
81bR+siEJFL,cf/cf1e3d76.jpg,Tan,,SHOES,Brogue,Synthetic,,Solid,
813mLAWCSYL,ce/ce0c9ac8.jpg,നീല,,SHOES,AZ-YS-203 B_Blue_10,മെഷ്,,Solid,
61xV9J0QIOL,96/967d9f46.jpg,Cruz V2 Fresh Foam,May,SHOES,maggio,,100% Sintetico,,
61+iVo2HEjL,e1/e1f0d2a3.jpg,Blau Faded Blue,Lyle1w4001a,SHOES,Lyle1w4001a,,,,
618jPkVdYEL,91/91ebfe43.jpg,Brown Napa Tan,Aiden,SHOES,Aiden,,,,
814AbwK3sPL,0f/0f4e68b4.jpg,Brown,,SHOES,Derby,Leather,,,
813KstFb49L,c6/c6a0b82a.jpg,,,SHOES,,,,,
91y6ROCFUvL,c4/c4b2bc03.jpg,Blue,,SHOES,,Polyester,,,
81beNxjICrL,7e/7ef199c3.jpg,काला,,SHOES,Sneakers,Knit,,Solid,
71+CLECMRBL,27/270f963d.jpg,NAVY,S5620,SHOES,Loafers,,,Solid,
61XaSxbZ5gL,ed/edfcf062.jpg,Bright Orange,,SHOES,Foley Tassel Slide Sandal,Suede,麂皮绒,,
81hfHIQwJtL,bb/bb9c75b0.jpg,Brown,,SHOES,Loafers,,,,
61H9Xl21ToL,b0/b04ba0ce.jpg,Chestnut,,SHOES,,,Leather,,
81Ddkzt7aSL,8e/8ea98766.jpg,Blue,,SHOES,AZ-YS-188 C_Blue_10,Synthetic,,,
71VshnFCQZL,47/479d2a69.jpg,टैन,Bs147,SHOES,Flip-Flops,,,,
91HZqdHYIEL,ae/ae20b794.jpg,,Marsh,SHOES,Chelsea Boots,,,,
912MoK+QXuL,27/27a828c4.jpg,GREY,,SHOES,Running Shoes,Mesh,,,
81QVs911eEL,da/da09bbde.jpg,,,SHOES,,Canvas,,,
81jGpa2Yt9L,6b/6b256507.jpg,"D,GREY",,SHOES,Running Shoes,Mesh,,,
81gJHgDVwNL,f1/f1fef90a.jpg,വെള്ള,,SHOES,Walking Shoes,,,Printed,
71bBY5MK74L,8c/8c3304e9.jpg,नेवी,,SHOES,Running Shoes,Mesh,,,
81oEkl-pqhL,9d/9d7db2c1.jpg,,,SHOES,,सिंथेटिक,,,
61Ax4W35utL,14/147b5b84.jpg,തവിട്ട്,,SHOES,Ballet Flats,,,,
61IZ+YxmNyL,a2/a27f5642.jpg,Evelina,Maui,SHOES,Maui,,,,
61MQiRlbKhL,93/935ff98a.jpg,Rose,Taylor High Vamp Stileto Pompe,SHOES,Taylor High Vamp Stileto Pompe,,100 % microsuède,,
71MLdk35kfL,c9/c9d2a295.jpg,,,SHOES,,Synthetic,,,
71IUarF8JBL,96/9615c79f.jpg,Schwarz 51,Korsika 2257268,SHOES,Mules,,,,
81Xhqt0cpAL,e5/e5716719.jpg,काला,,SHOES,Floaters,Leather,,Solid,
81QRGPpLA1L,af/afc5d8de.jpg,ഒലിവ്,,SHOES,,ക്യാൻവാസ്,,,
81GEdysE4TL,f3/f353015c.jpg,Cuero negro,,SHOES,Winton Penny Mocasines,,100% cuero parte superior,,
81oGdaHJhjL,eb/eb4f6e35.jpg,काला,,SHOES,Sneakers,Mesh,,Solid,
814FQJetC2L,b5/b554675a.jpg,Black,,SHOES,Derby,,,,
6190d9hPEYL,10/10367c50.jpg,ऑलिव ग्रीन (जैतूनी हरा),,SHOES,Chukka Boots,Leather,,,
61X-MzNzd3L,e2/e24b546e.jpg,Navy,Blake,SHOES,Blake,,100% Plastic,,
61mu8yodflL,2f/2f972888.jpg,Black Suede,,SHOES,Evelyn Studded Ballet Flat,,Suede,,
81VCpmNwxfL,87/8714d795.jpg,న్యావి,,SHOES,SYM-SS-040_Navy_10 UK,మెష్,,,
712-a0mYGML,32/326e2ff3.jpg,Navy,3959,SHOES,Loafers,,,Solid,
81-UM6zFkNL,5b/5b57cd49.jpg,ఆకుపచ్చ,,SHOES,low-top,కాన్వాస్,,Solid,
81K79SQR5yL,a4/a48b2991.jpg,सुनहरा,,SHOES,Ankle-Strap,Polyurethane,,,
71hbCBbMjqL,0b/0b2f17b1.jpg,भूरा,5513,SHOES,Sneakers,,,Solid,
81iGunVmjjL,5e/5ef9f4cf.jpg,Negro,,SHOES,,,100 % Seda,,
71sPcwMHUOL,cf/cf2806e5.jpg,नीला,,SHOES,Sneakers,,,,
71OjP-B3imL,8f/8fea1b39.jpg,Tan,5519,SHOES,Moccasins,,,Solid,
81XFGSYNlfL,c4/c40cd472.jpg,ग्रे(स्लेटी),,SHOES,Running Shoes,मेश,,,
81UdutfTszL,d5/d5bb74b6.jpg,काला,,SHOES,,डेनिम,,,
51gC+6o4MKL,5d/5d9a3c78.jpg,ブラック,定番アイテム,SHOES,Tara フラットシューズ バックベルト ポインテッドトゥ,,,,
61iN8bXVgmL,56/564caff3.jpg,Red Burgundy,CONNIE-S2C1-Court,SHOES,Point Toe Court Closed Toe Kitten Heels,,,,
91Th+k0DwnL,89/899486b6.jpg,,,SHOES,,पॉलिएस्टर,,,
712ByW4qsbL,aa/aa7d9d87.jpg,Cognac Leather,Concord Leather Plain-toe Oxford,SHOES,Concord Leather Plain-toe Oxford,,100% Leather Upper,,
71lLE5FiCCL,b5/b5db47fb.jpg,White,Mome,SHOES,Mome,,100% Leather,,
71sxC2Y86qL,68/68942650.jpg,भूरा,,SHOES,लोफ़र,,,,
81smVdMxSlL,77/77365ba9.jpg,ചാരനിറം,,SHOES,Walking Shoes,,,,
81Tu0UWAw0L,a4/a46dd403.jpg,,,SHOES,,Canvas,,,
61ow28CFFNL,f6/f6d006ff.jpg,TAN,,SHOES,Loafers,,,,
81IwcS1eysL,11/113cce67.jpg,Navy,Sapphire,SHOES,Running Shoes,Mesh,,,
71j3bkOuP-L,c6/c6774fe4.jpg,काला,5675,SHOES,Sneakers,,,Solid,
81WdKZXEIsL,04/04193f73.jpg,,Abbott_suede,SHOES,Richelieu,,,,
71arL8XtLAL,0f/0f1d6ba6.jpg,,,SHOES,Capitol Chelsea Ankle Boot,,皮革,,
8121xW2OFFL,01/0188e3ee.jpg,Bluebird Grey,Tanner Creeper Sneaker,SHOES,Tanner Creeper Sneaker,,Textile,,
81bauSbLy2L,b1/b1955099.jpg,NAVY / RED,,SHOES,Sneakers,,,,
716yAB+qPOL,71/71ea8dba.jpg,Evelina,Fluffy,SHOES,Fluffy,,Tomaia 100% vera pelle scamosciata con fodera in pelliccia sintetica.,,
81OqcrnY16L,bd/bd8d70bc.jpg,ग्रे(स्लेटी),,SHOES,,सिंथेटिक,,,
81lvi8eBcrL,d1/d16a576a.jpg,బూడిద,,SHOES,SYM-YS-006_Grey_9 UK,మెష్,,Solid,
81rqFkyws0L,e2/e2877521.jpg,Brown,,SHOES,,Leather,,,
71mrRx8700L,ff/ffb14e3b.jpg,Nude Suede,,SHOES,Queen Anne Kitten Heel Dress Pump,,100% Suede Upper,,
71tihVkvKOL,59/596d55ea.jpg,チェスナット,,SHOES,,,合成アッパー、フェイクファーの裏地付き。,,
71b8yXcfaWL,c5/c55f2945.jpg,Rouge,Amz038_suede,SHOES,Chaussures,,,,
81im3fusNPL,e1/e1a916a3.jpg,NAVY,,SHOES,Running Shoes,Mesh,,,
71whimDA17L,ae/aee35e83.jpg,Violett Lilac,N7580 Cyrus,SHOES,Mocassin,,,,
81exUAvPwFL,76/76f7c6c2.jpg,Pewter Metallic Leather,Parker 2 Ballet Flat,SHOES,Joy Ballet Flat,,100% Leather Upper,,
81qKHa3Yw+L,d5/d5cc2a61.jpg,,,SHOES,,कैनवास,,,
818wEQA1TjL,c3/c346261c.jpg,Beige Tan,Velcro Huarache,SHOES,Sandali alla schiava,,,,
81otlyXk8uL,21/21a2d380.jpg,Tan,,SHOES,Ballet Flats,,,Solid,
81lcjz4AYAL,8a/8afae2b8.jpg,Navy,,SHOES,,Synthetic,,,
7162gUmdigL,82/82c4991c.jpg,Pink (Fuschia),Paint,SHOES,Paint,,,,
81lX8NOZVoL,2b/2b94ad92.jpg,Grey Whisper,Marco-03w4-002,SHOES,MARCO-03W4-002,,,,
912e53DHJ+L,2e/2e44abbf.jpg,नेवी,,SHOES,low-top,लेदर,,,
81FJGWrGGfL,b6/b6756768.jpg,नीला,,SHOES,AZ-YS-199 C_Blue_6,Canvas,,Solid,
61WFJ52ULVL,bf/bf8b0613.jpg,Noir,Bella,SHOES,Bella,,,,
71CTVxBQ7cL,d1/d100a913.jpg,Brown Tan,137.266,SHOES,Slingback,,,,
71lWl+q6tkL,fe/febabd55.jpg,सफ़ेद,,SHOES,Running Shoes,मेश,,,
81vlaoUT1sL,8a/8ae0ef2c.jpg,,Joan High Top Faux Shearling Trim Sneaker,SHOES,Joan High Top Faux Shearling Trim Sneaker,,Suede,,
71P11yVzcyL,3d/3de6a4c0.jpg,ग्रे(स्लेटी),,SHOES,Sneakers,,,,
81itDglLdRL,50/50740293.jpg,,,SHOES,,Mesh,,,
71lZGE+HzqL,a7/a7752938.jpg,काला,,SHOES,लोफ़र,,,,
81JY1h8zkZL,21/21d65b64.jpg,"Navy, Black and Red",Loire-176,SHOES,Running Shoes,Mesh,,,
71ncfz+HrAL,ba/ba587549.jpg,Mehroon,,SHOES,Running Shoes,Mesh,,,
71Iylv976hL,6f/6f538721.jpg,പിങ്ക്,,SHOES,Walking Shoes,,,,
71oc1BLmgxL,38/384309dd.jpg,Brown Tan Nubuk,Drepy-01w4-001,SHOES,Drepy-01w4-001,,,,
51Aaf91ViUL,f5/f58122fa.jpg,Black (Black Black),Suede-look,SHOES,Micro Suede Derby,,,,
61-u93opv7L,14/14d4c34e.jpg,Red Red,37338,SHOES,37338,,,,
71NbSCW6lOL,62/62f1ee18.jpg,काला,,SHOES,Ankle-Strap,Polyurethane,,,
71p1XMjo33L,93/93771dda.jpg,,,SHOES,,Synthetic,,,
81JtoUUn-pL,03/03407753.jpg,,,SHOES,,,,,
81vv19YrNmL,c0/c0eaf052.jpg,Marron Clair,Hallo-s-1-a-4,SHOES,Bottines,,,,
61wF-mKlHXL,da/da88eb8c.jpg,Marrone Brown,Allen,SHOES,Mocassini,,,,
71CMATUErQL,73/73f5c745.jpg,Black,Henley,SHOES,Henley,,100% Synthetic,,
71OB3VBg74L,6e/6e88c55c.jpg,Black Sequin,Regina Pointed-Toe Sequin Dress Pump,SHOES,Regina Pointed-toe Sequin Dress Pump,,Textile,,
71RRqMCtiFL,36/36f8dd58.jpg,Grey,,SHOES,Ankle-Strap,Polyurethane,,,
713JLWlfrWL,d3/d3444d4a.jpg,सुनहरा,,SHOES,Ankle-Strap,Polyurethane,,,
61brHHpE9PL,3c/3c043927.jpg,,Myer,SHOES,Zapatillas bajas de cuero,,,,
51mp38DduFL,0c/0ce8ff42.jpg,Beige Nude,#_SHANA-1A-58,SHOES,Mid-Heel Strappy Sandal,,,,
81o+yAcrq7L,65/659fc325.jpg,ബഹുവർണ്ണം (grey::grey::black::black::black::black),Ray,SHOES,Running Shoes,മെഷ്,,,
81TluYkwWZL,34/3440a7e9.jpg,Snow Leopard Calf Hair,,SHOES,Morgan Block-heel Ankle Strap Dress Pump,,cuero y textil,,
71UQYS6VDUL,1d/1db5be14.jpg,,Roxana Block Heel Mule with Feather Pom,SHOES,Roxana Block Heel Mule With Feather Pom,,Suede,,
71LH5TE5tRL,fc/fce29039.jpg,सुनहरा,,SHOES,Ankle-Strap,Polyurethane,,,
91mDF1VVn6L,c7/c7595e82.jpg,Sea Green/ Black,,SHOES,Sneakers,,,,
91JBL7ybLXL,9e/9eb8fe52.jpg,ചാരനിറം,,SHOES,Sneakers,Knit,,Solid,
81j84MpPpzL,9d/9d0e6f33.jpg,D.Grey,,SHOES,Running Shoes,Mesh,,,
81iA-65YlRL,52/521acde4.jpg,బర్గండీ,,SHOES,Brogue,కృత్రిమ,,Solid,
81q17qToM3L,ed/edcffa35.jpg,Brown,,SHOES,Derby,Synthetic,,,
71w6dK+HeaL,be/be556263.jpg,,Amz142,SHOES,Boat Shoes,,,,
81370MKAqKL,82/82c94d17.jpg,,,SHOES,,कैनवास,,,
91sHzFYcjJL,f9/f9d04120.jpg,Charcoal Grey,Easy Street Mesh Slip-on,SHOES,Easy Street Mesh Slip-on,,,,
71uU1MKyzxL,3e/3efafac2.jpg,Black,Isabella,SHOES,Running Shoes,,,,
61t5XfcDr7L,b9/b9c309ce.jpg,Pink,,SHOES,Ballet Flats,,,,
71kR+ZEYNGL,9a/9aa3821a.jpg,नेवी,Magic-7,SHOES,Sneakers,,,,
81bVxJunU1L,e1/e1552091.jpg,గులాబి,,SHOES,Running Shoes,పత్తి,,,
81LYeOeGe6L,26/26ffb507.jpg,L.Grey,,SHOES,Sneakers,,,,
71lnfLWqIHL,12/122fc2a6.jpg,कॉफ़ी,5511,SHOES,Sneakers,,,Solid,
71hAG3ZxrcL,fe/feac5c9c.jpg,Blue,,SHOES,Running Shoes,Mesh,,,
71L1G+HEg-L,cb/cb64d319.jpg,Blue Navy,Triple Strap Chukka,SHOES,Triple Strap Chukka,,,,
81rGtGDipgL,c8/c8576aaf.jpg,BLACK,,SHOES,Running Shoes,Mesh,,,
71hBV28ZyWL,3f/3ff25f1e.jpg,काला,Ch 110,SHOES,लोफ़र,,,,
71gSQYYivdL,b9/b910b5c7.jpg,गहरा ग्रे(स्लेटी),,SHOES,Running Shoes,Mesh,,,
71aCXUN-BZL,d0/d0bbc3b9.jpg,栗色,,SOFA,,皮革,,,
81fH8Fo1T1L,24/248ccf56.jpg,棕色（Saddle）,,SOFA,산업,皮革,Badlands Saddle,,L-Shape
B1QrYeOFO2S,f4/f4123170.jpg,Chianti,,SOFA,,,,,
71Sgr3NnmKL,dc/dc778a39.jpg,Ecru,,SOFA,Modern,Leather,,,
71Jw-9FK4KL,5a/5abbd2f0.jpg,Gris,,SOFA,REPOSE-PIEDS (40 x 93 cm),Tissu,,Uni,
71we592nuAL,e0/e0f922fc.jpg,BROWN,,SOFA,Contemporary,Wood,,,
81UMgL-nEvL,3a/3a7f24cc.jpg,Marino,,SOFA,,Terciopelo,,,
61t87I0b41L,45/45db7d3d.jpg,Lime,,SOFA,1 SEDUTA (70 x 100),Tela,,,
71fGIrfquNL,0e/0e00108d.jpg,블루,,SOFA,Mid-Century Modern,天鹅绒,,,
81hVHMLUdAL,0d/0df37758.jpg,深灰色,,SOFA,现代,木头,,,
71tubBAumQL,be/bed35196.jpg,블랙,,SOFA,변천하는,棉,직물.,,
81x7y0mF+pL,60/601905bd.jpg,아이보리,,SOFA,,亚麻,,,
61FaLgc5NBL,68/6865cfb7.jpg,Linen,,SOFA,Sofá esquinero orientado hacia la izquierda,尼龙,"95% poliéster, 5% nailon",,
71sftiehggL,9e/9e9cc97a.jpg,Ink,,SOFA,Industrial,,,,
71-iyDkmzIL,10/10a9bfaa.jpg,Fawn,,SOFA,过渡,木头,"Fabric, Leather, Metal",,
71PdNY7u65L,65/6596e650.jpg,Grey,,SOFA,,,,,
A1VvLgd+fQL,7c/7c584550.jpg,Caramel,,SOFA,,,,,
71a97kM-InL,27/270285b5.jpg,Rouge Red,,SOFA,صناعي,Metal,Belsire Rouge,,
71Ki+uId-NL,ee/ee4bca4d.jpg,Grey,,SOFA,Modern,Leather,,,
91MalgbIuPL,1d/1da6918e.jpg,Trixie Linen,,SOFA,Modern farm_House,,,,
81LrWQh4zhL,b7/b77274ef.jpg,블랙,,SOFA,,灰石色,,,
7104qJ0ct-L,e9/e9094d67.jpg,Grigio Scuro,,SOFA,Divano letto,"tessuto, spugna, legno, telaio in legno, metallo, gomma, gambe in metallo",,,
91K26q8V+9L,84/84a3caf4.jpg,Marino,,SOFA,,,Fabric Metal,,
91DEbtppQ9L,93/93abce66.jpg,海军蓝,,SOFA,经典,灰石色,,,
91OcpK4tZVL,13/1369cdfb.jpg,베이지,,SOFA,,灰石色,,,
91HZkY1L55L,2d/2dea0d1e.jpg,블랙,,SOFA,,灰石色,Anthem Charcoal,,
81uhW8Z5a7L,ff/ff1c9cac.jpg,LIGHT GREY,,SOFA,Contemporary,Wood,,,
81orsmTDSrL,12/1227cda0.jpg,,,SOFA,,皮革,,,
71h-5J+VQtL,ae/ae538de3.jpg,Beige,,SOFA,Modern,Leather,,,
81lCtu2l+ML,09/09c72a00.jpg,Oat Beige,,SOFA,Loveseat,,,,
71rSqT-OhYL,86/8681959f.jpg,color fantasía (Sod),,SOFA,,皮革,,,
916e094wUtL,72/72fb209f.jpg,스틸,,SOFA,,木头,,,
81tR9MjlxmL,bf/bf1af9e2.jpg,그레이,,SOFA,변천하는,Wood frame; Polyester/Nylon fabric,,,
91mS9J-V+nL,68/688b0188.jpg,深灰色,,SOFA,沙发,涤纶,poliéster,,
91ASO5jPNnL,97/970e4aa3.jpg,그레이,,SOFA,변천하는,"Polyester fabric, sturdy hardwood frame and solid beech wood legs",,,
71btx+icBGL,5c/5c15fce9.jpg,Punkter,,SOFA,PALL (40 x 93),tyg,,,
71qnqm0xKtL,d9/d96b0ea0.jpg,حبر أزرق,,SOFA,صناعي,بوليستر,,,
71rO4Y0vNiL,78/783edd6f.jpg,Grey,,SOFA,,,,,
81jhEWOU6eL,20/20ad3509.jpg,Black,,SOFA,Modern,Leather,,Single,
71K4BcMJ1IL,84/84e5ddeb.jpg,BLUE,,SOFA,Contemporary,Wood,,,
81cP4qw1-cL,bb/bb08a84b.jpg,grey,,SOFA,Modern,Fabric,,,
71zPljYpQ7L,62/62cd4550.jpg,栗色,,SOFA,,皮革,,,Rectangular
81TXnI63eQL,aa/aa0d583e.jpg,象牙色,,SOFA,,木头,织物,,
71-4trnLXSL,e0/e03394b4.jpg,Coñac,,SOFA,Sofá,Cuero,,,Square
91wINHygNVL,f6/f6fc2790.jpg,블랙,,SOFA,,灰石色,,,
71HfTHFUxDL,ee/ee31e6f2.jpg,그레이,,SOFA,,皮革,,,
81a-iyw6sjL,08/08ca7cc1.jpg,,,SOFA,,,,,
716UicUKezL,12/1295abc5.jpg,,,SOFA,,,,,
71qdWbc0PHL,10/109f7f6f.jpg,,,SOFA,,,,,
61hw5kUg8nL,e4/e4d2b952.jpg,Latte,,SOFA,,,,,
71D6SMadk4L,54/54cdd028.jpg,浅灰色,,SOFA,,棉,직물.,,
71LSzOzj9nL,38/386e080b.jpg,Grey,,SOFA,,,,,
81cZweoZS0L,f4/f4020c27.jpg,네이비,,SOFA,변천하는,灰石色,lona de algodón,,
71TUHaBpMdL,60/60fdaef7.jpg,베이지,,SOFA,변천하는,天鹅绒,,,
81Ca86zAKBL,bb/bb983934.jpg,كونياك (Cognac),,SOFA,Mid-Century modern,天鹅绒,,,
81lINIAEBmL,84/840a1c49.jpg,브라운,,SOFA,변천하는,涤纶,,Sitz,Rectangular
81qGhXfnA5L,b3/b3ddb4e8.jpg,Berry,,SOFA,ترانزيشينال,木头,,,
71kzOG9GTuL,a9/a9992092.jpg,炭黑色,,SOFA,,木头,,,
81DtqF96WfL,32/32de356b.jpg,베이지,,SOFA,,灰石色,,,
91038TmEMoL,74/7409f479.jpg,石板蓝,,SOFA,过渡,涤纶,,,
81pErkL6xOL,89/8976aacb.jpg,Humo,,SOFA,,Poliéster,,,
81ask75T77L,22/225f52be.jpg,블랙,,SOFA,,灰石色,Anthem Charcoal,,
81MnMK2QqnL,3f/3f62f690.jpg,Brown,,SOFA,Modern,Fabric,,,
91ioLwrtEvL,af/afeddea4.jpg,그레이,,SOFA,변천하는,木头,,,
71EZNVa7aNL,1b/1bf2b67e.jpg,Gris Claro,,SOFA,Sofá cama,"tapizado, espuma, madera, estructura y patas de madera",,solido,
91aZH27kkCL,c2/c2b9a22a.jpg,실버,,SOFA,변천하는,灰石色,Douglas Stone,,
81Gk4CwuGjL,db/db5ffc6c.jpg,浅灰色,,SOFA,Sofá cama,木头,폴리에스터,,
714aPi850TL,8e/8e32b3c0.jpg,그레이,,SOFA,,青灰色,Tibby Pewter,,
A1CboS6UDEL,df/df9ffeba.jpg,Anthrazit,,SOFA,Tina,,,,
91o0A9EB7TL,14/1486f7ec.jpg,Natural,,SOFA,,铝,,,
B1EewlL+RLS,c0/c05d6bab.jpg,Grey Weave,,SOFA,,,,,
A1mCVsX7U4L,73/73fc5f28.jpg,그레이,,SOFA,Mid-Century Modern,Haya,,,
91vUu27NP9L,27/27a04673.jpg,flessengroen,,SOFA,"2,5-zitsbank.",Stoff,,effen,Rechteckig
81ZjfGjpNkL,b7/b77e00b8.jpg,블루,,SOFA,,灰石色,Slipcover Spa,,
71tSO-fyn5L,d0/d0fe7fb8.jpg,네이비,,SOFA,,棉,lona de algodón,,
818A+ASyTeL,0b/0bc0d6f1.jpg,베이지,,SOFA,,灰石色,,,
71H7rSAEdEL,3c/3c12a472.jpg,Ecru,,SOFA,Modern,Leather,,,
A1FX2hEV13L,40/40752813.jpg,灰色编织,,SOFA,过渡,"Polyester fabric, sturdy hardwood frame and solid beech wood legs",,,
811b1XUNVGL,69/69c0e57d.jpg,深灰色,,SOFA,Mid-Century Modern,木头,,,
61LXb48rVlL,44/44b47f6c.jpg,棕色（Saddle）,,SOFA,过渡,皮革,,,
71WsJB9zCPL,d4/d4b7f44a.jpg,海军蓝,,SOFA,변천하는,木头,폴리에스터,,
81aO0Ly+tzL,14/1432afed.jpg,블루,,SOFA,,灰石色,Slipcover Spa,,
91Af2N7XoiL,76/766f6009.jpg,베이지,,SOFA,변천하는,灰石色,,,
A1wcLZGFNaL,a1/a1bec613.jpg,그레이,,SOFA,변천하는,Holz / Schaumstoff,,,
710IEApiHmL,79/79b80c0d.jpg,Beige,,SOFA,Modern,Leather,,Solid,
B1sR9OJJvhS,0a/0a8bcf49.jpg,Gunmetal,,SOFA,Raconteur,,,,
81Ms8fUwCJL,03/03c9c45a.jpg,浅灰色,,SOFA,변천하는,木头,폴리에스터,,
81buve2-RVL,ac/aca6b0f2.jpg,그레이,,SOFA,,天鹅绒,Lavish Ecru,,
61zya9ppz7L,5d/5d4ab70e.jpg,그레이,,SOFA,,알루미늄,,,L-Shape
B1VFb8brF2S,09/09fdb40d.jpg,Flax,,SOFA,Zander,,,,
41ZfLlcJnqL,35/356cd5ae.jpg,Blanco,,SOFA,3-cuerpos,,,,
6129zAZEsnL,a2/a2cc5215.jpg,Gris,,SOFA,Fauteuil,Polyester,,Uni,
81GzJgIwfjL,5e/5e081ee5.jpg,fog,Wellington,SOFA,,,,,
81HCvi+efrL,7c/7ceb3cb5.jpg,하얀색,,SOFA,乡村风,硬木,"95% poliéster, 5% nailon",,
913B9cEczhL,c2/c2c1436f.jpg,그레이,,SOFA,,灰石色,,,
71+vJFLH9wL,44/440235f5.jpg,하얀색,,SOFA,,木头,,,
71TW9VRVBNL,f6/f6bc4464.jpg,Beige,,SOFA,,,,,
814aS-KaUBL,56/56c20bba.jpg,아이보리,,SOFA,,亚麻,,,
61Rp4qOih9L,b4/b4f9d0cc.jpg,Stone Brown,,SOFA,,,,,
81BOYIdV79L,aa/aa38e6e8.jpg,베이지,,SOFA,변천하는,涤纶,폴리에스터,,
91b-yRKWkmL,e4/e47e12b8.jpg,海军蓝,,SOFA,변천하는,涤纶,폴리에스터,,
91zMmNdJDOL,01/01a0ecfb.jpg,Dark Grey,,SOFA,沙发,Metal frame; Polyester fabric,,,Square
71S1gMMIuwL,87/87f7c4f5.jpg,Blanco,,SOFA,Sofá,Poliéster,,,
71Vzeh0U9DL,33/3347108e.jpg,炭黑色,,SOFA,Sofás,木头,,,
5161mvvljsL,7a/7af0cca7.jpg,Brown,,SOFA,3-Seater Sofa,Polyester,,Solid,
81nYO8602FL,f8/f8f826c8.jpg,海军蓝,,SOFA,,Tela,,,
71X1BFEDxRL,b6/b6bd6353.jpg,LIGHT GREY,,SOFA,Contemporary,Wood,,,
81LPkVwJRGL,f9/f92d6940.jpg,暗绿色（Hunter）,AIDEN,SOFA,绿色,天鹅绒,100 % poliéster,,
71oVbSi+gnL,9e/9e41bb40.jpg,Verde,,SOFA,صناعي,بوليستر,,,
81VnK2JqETL,06/0660e38e.jpg,浅灰色,,SOFA,변천하는,布料,직물.,,
81A8qp0WIHL,3b/3b5e077a.jpg,Distressed finish,,SOFA,,Wood,,,
71nYSNaBm3L,42/42b63eb9.jpg,BROWN,,SOFA,Contemporary,Wood,,,
818JLpvNGBL,15/155a10f7.jpg,블루,,SOFA,,灰石色,,,
81bk9w4oeWL,d6/d6c9a4af.jpg,donkergrijs,,SOFA,,Schaumstoff,,effen,
91b8MZI0igL,65/650e32ca.jpg,그레이,,SOFA,변천하는,Wood frame; Fabric,,,
A17wKpFevrL,04/04d1c323.jpg,Zinnfarben,,SOFA,,,,,
61H9menCU3L,e1/e1fbf7e2.jpg,Marrone,,SOFA,Divano angolare a 3 posti,Poliuretano,,,
61mQJzodqRL,62/626f7438.jpg,lime,,SOFA,PALL (40 x 93),tyg,,,
81WuXdCo3BL,c8/c8334a39.jpg,Marron,,SOFA,Canapé 3 places,Polyester,,,Rectangulaire
71qAYPJD2JL,7b/7b59b65c.jpg,베이지,,SOFA,변천하는,灰石色,,,
816Aj09H8bL,c9/c9ef589c.jpg,灰亚麻,,SOFA,산업,亚麻,,,
71RE+9oDbBL,12/125a079a.jpg,Grey,,SOFA,,,,,
814b55i+q5L,10/10ee297f.jpg,深棕色,,SOFA,Mid-Century Modern,皮革,,,
81qZKKsUFRL,a8/a8246134.jpg,Carbón,,SOFA,银,木头,,,
61r44vtV+tL,68/682b9bd6.jpg,Gris Foncé,,SOFA,Canapé,"tissu, mousse, bois, structure en bois, métal, pieds en métal",,,
81oLg7vFdeL,93/939beb01.jpg,黑色皮革,,SOFA,변천하는,皮革,,,
81bsaEs6zeL,db/db2375fc.jpg,שחור,,SOFA,ترانزيشينال,Wood,,,
612MBI3CrGL,73/73f42e8a.jpg,Brown,,SOFA,3-Seater Corner Sofa,Polyester,,Solid,
913TAQJ4Y1L,dc/dca03706.jpg,블루,,SOFA,estilo moderno,涤纶,,,
71PP8RN8c2L,da/da16bf7b.jpg,베이지,,SOFA,,皮革,,,
81s9mVh+FUL,35/35bfde99.jpg,Gris Foncé,,SOFA,Moderne,Tissu,,Uni,
81RVNqc6RxL,d1/d11bdb9c.jpg,Grey,,SOFA,Modern,Fabric,,,
817JH6ICPKL,76/760d1e2c.jpg,灰色,AIDEN,SOFA,Mid-Century Modern,天鹅绒,100% 聚酯纤维,,
71E70RfLk7L,ee/ee40b761.jpg,color fantasía (Sod),,SOFA,,皮革,,,
51YohsDDCGL,89/891722ab.jpg,Humo,,SOFA,,,,,
81D-ysmWhaL,2a/2af29bb0.jpg,Heritage Green,,SOFA,,涤纶,,,Rectangular
91VJs7PpQmL,66/6608dcfe.jpg,,,SOFA,,,,,
71Lq37DwXCL,7e/7e137f84.jpg,베이지,,SOFA,,灰石色,,,
71L2aBdvs-L,82/824b23df.jpg,blauw,,SOFA,OFFENES ENDSTÜCK (145 x 100),Stoff,,jednobarevný,
81hkmdY2NVL,62/625e27dd.jpg,浅蓝色,,SOFA,,灰石色,Slipcover Spa,,
71ejfQTZXUL,1f/1f9d4b5e.jpg,DARK GREY,,SOFA,Contemporary,Wood,,,
81NKlY4vK6L,6b/6b0f4906.jpg,블랙,,SOFA,변천하는,涤纶,폴리에스터,,
71ZZB-wjKTL,c7/c7d1eff6.jpg,네이비,,SOFA,,Tela,,,
81IxjyT+ykL,ba/ba57a959.jpg,鸽子,,SOFA,乡村风,硬木,"95% poliéster, 5% nailon",,
71iQTt0ov6L,8b/8be49629.jpg,皮革灰,,SOFA,Mid-Century Modern,皮革,,,
71u6EASn-qL,7d/7d41d38a.jpg,Grigio Chiaro (Tessuto Stuart),,SOFA,Divano a 3 posti,Tela,,,Rettangolare
91oHqnVaZXL,a4/a4892a9e.jpg,베이지,,SOFA,,灰石色,Rio Acorn,,
91l+JwqiCeL,53/53218055.jpg,,,SOFA,,,,,
81dwblf8ogL,7d/7d08f297.jpg,그린,Johnny,SOFA,Glam,天鹅绒,100% 폴리에스터.,,Rectangular
91y8QxbjyTL,da/da5548a6.jpg,Grigio Chiaro,,SOFA,Divano a 2 posti,Tela,,Tinta unita,Rettangolare
314YXPXDJ-L,14/14e12a76.jpg,Linen,,SOFA,,硬木,,,
51278H67XXL,7d/7dd2e3bf.jpg,Sandstone,,SOFA,,wood and fabric,,,
71vl1MBPFcL,af/aff41e76.jpg,Bleu Marine,,SOFA,MODULE 1 PLACE (70 x 100 cm),Tissu,,Uni,
717aeKgNUYL,56/5648d5cd.jpg,Grey,,SOFA,Modern,Leather,,Solid,
81Tb7N-lLzL,6a/6a127d3e.jpg,Burgundy/Black,,SOFA,Contemporary,Leatherette,,,
817ZmTGJy-L,2c/2cdc443f.jpg,棕色（Saddle）,,SOFA,산업,皮革,Badlands Saddle,,
81Zlp6hKZFL,a9/a9dfd147.jpg,Rose Poudreux,,SOFA,Canapé 3 places,Tissu,,Uni,Rectangulaire
61DWuyfLL0L,22/22a51f2d.jpg,Rouge Red,,SOFA,صناعي,Polyester,Belsire Rouge,,
71b5JVmWuXL,7a/7acf7b80.jpg,Black,,SOFA,,,,,
61yfoLym8BL,2f/2f92f78c.jpg,Pearl,,SOFA,,,,,
81yvamsDT2L,35/35ae12f9.jpg,棕色（Saddle）,,SOFA,,灰石色,,,
A1Evuu+A1mL,ca/ca39e319.jpg,베이지,,SOFA,,木头,,,
91TVVGj5ZUL,5a/5aba1c2a.jpg,炭黑色,,SOFA,过渡,灰石色,,,
71qEdMnEwwL,5b/5b409a1e.jpg,그레이,,SOFA,,青灰色,Tibby Pewter,,
81qQaeEqJeL,6f/6f182134.jpg,深灰色,,SOFA,,木头,,,
61M25CXGWKL,be/be213465.jpg,Natural,,SOFA,,Wood,,,
914yVADx0kL,a2/a20a0139.jpg,灰色编织,,SOFA,,"Polyester fabric, sturdy hardwood frame and solid beech wood legs",,,
61hTgxJLZaL,84/8487c9fd.jpg,Beige,,SOFA,Industrial,Metal,Anthem Sandstone,,
71qhAR6W3XL,f6/f6cbf912.jpg,,,SOFA,,,,,
818WpI3XVOL,51/51e7bb9a.jpg,Hunter Green,,SOFA,,Terciopelo,,,
71UjeO3bQxL,2f/2f5d1117.jpg,Crema,,SOFA,,Poliéster,,,
91p8-DYuyLL,80/80595511.jpg,Gris Claro (Tapizado Malmo),,SOFA,Sofá de dos plazas,Tela,,solido,Rectangular
71myxHWtk4L,6c/6ce991b9.jpg,Gris Claro,,SOFA,,,tela,,
810ck7wCsuL,3a/3a6ce814.jpg,베이지,,SOFA,,灰石色,Anthem Sandstone,,
91bWB9pYGhL,83/832c1424.jpg,బ్రౌన్,,SOFA,సమకాలీన,ఫాబ్రిక్,,,
81MCozI7d7L,d9/d96e999a.jpg,브라운,,SOFA,,Holz / 100 % Leder,,,
91UrL6Sg+XL,59/591d4d75.jpg,블루,,SOFA,乡村风,木头,100% 폴리프로필렌,,
91NldoZvUYL,9c/9cbe26d9.jpg,Flax,,SOFA,,,,,
81GBY6PiIhL,6f/6fec85b2.jpg,灰亚麻,,SOFA,,亚麻,Trixie Linen,,
61uHfGSdXjL,95/9505161d.jpg,,,SOFA,,,,,U-Shape
91et+TJTBSL,81/81c433f6.jpg,灰亚麻,,SOFA,,亚麻,,,
91IF+-HU0pL,97/9760b07b.jpg,Gris oscuro,,SOFA,Asiento de amor,Poliéster,,,
81WMms1V4ML,d6/d647b4e3.jpg,grijs,,SOFA,"2,5-zitsbank.",Stoff,,effen,Rechteckig
71LCFALgaqL,8e/8e4470a1.jpg,Marino,,SOFA,Sofá,,,,
61Dz9kuF8NL,24/24516489.jpg,Gris,,SOFA,Canapé 3 places.,Polyester,,Uni,
714UI+BKqQL,51/51a565be.jpg,블랙,,SOFA,,皮革,,,Rectangular
91M-EfGef1L,39/39992106.jpg,卵石色,,SOFA,Moderno de meados do século,Holz / Schaumstoff,,,
91-1rwYEjuL,77/77c6e3f3.jpg,Blue Eclipse,,SOFA,工业用,Madera Noble,,,
612iArcjgaL,4f/4f5f39f1.jpg,Vert Citron,,SOFA,REPOSE-PIEDS (93 x 93 cm),Tissu,,,
81PP7uO1jJL,9a/9a5f5aea.jpg,Slate,,SOFA,,,,,
815cT1oEAcL,56/56e83094.jpg,그레이,,SOFA,산업,Metal,Anthem Charcoal,,
91zY9-WgbyL,b8/b8538eaa.jpg,블랙,,SOFA,변천하는,涤纶,폴리에스터,,
51JIJmVS7PL,a3/a36c53f2.jpg,Dusty Rose,,SOFA,,,,,
81TUInwtENL,ee/ee039d79.jpg,海军蓝,,SOFA,변천하는,涤纶,폴리에스터,,
81gBqW8oOoL,80/80a4d964.jpg,블랙,,SOFA,沙发,인조 가죽,,,
81NR414wVOL,cf/cfc32ba4.jpg,祖母绿,,SOFA,Mid-Century Modern,木头,직물.,,
81Ct6XkMT+L,66/66a6071c.jpg,BLUE,,SOFA,Contemporary,Wood,,,
81I5ZAHscAL,78/78db288e.jpg,Dark Grey,,SOFA,Contemporary,Wood,,,
91+A3SQHw5L,0b/0b9bd0ad.jpg,Grigio,,SOFA,Divano a 3 posti,Tela,,Tinta unita,Rettangolare
51D+diWGWLL,e7/e7ae63fc.jpg,Hunter Green,,SOFA,,,,,
81NOlr5HUTL,04/04c50ddb.jpg,Rouge Red,,SOFA,صناعي,Metal,,,
A1D1yyrJeSL,0a/0a19f419.jpg,그레이,,SOFA,,木头,,,
81iAzE5YDzS,35/35c7a863.jpg,Ivy,,SOFA,,布料,,,
71w3dLMUR2L,88/883acc6b.jpg,祖母绿,,SOFA,,"Velvet, Hardwood frame, Metal legs",天鹅绒,,
810yPhrxugL,4d/4da699e2.jpg,Hunter Green,,SOFA,Mid-Century modern,天鹅绒,,,
81etRP1WLqL,e2/e2348ed8.jpg,"Grigio, Gambe In Faggio Laccato",,SOFA,Divano a 2 posti e mezzo,Tela,,Tinta unita,Rettangolare
91IvSZUK78L,a3/a324d67e.jpg,아이보리,,SOFA,변천하는,灰石色,,,
81IrCmwABZL,21/21ec85db.jpg,浅灰色,,SOFA,Mid-Century Modern,木头,,,Rectangular
81chQYsnW7L,0b/0b519b5c.jpg,Gris,,SOFA,"Canapé 2,5 places",Tissu,,Uni,Rectangulaire
7198AO6MfgL,08/08b09a30.jpg,Grey,,SOFA,Modern,Leather,,,
81bV-VaZl0L,67/678f44ef.jpg,azul,,SOFA,Mid-Century Modern,木头,,,Rectangular
51wViyaw-BL,98/98be3bd9.jpg,lichtgrijs,Bouncing,SOFA,3-zitsbank.,Polyester,,effen,
719w2wOBBSL,c3/c3c2f729.jpg,深棕色,,SOFA,,皮革,,,
81vJFkSuloL,42/42c68866.jpg,Azul,,SOFA,صناعي,Polyester,Anthem Blue,,
71mm8UJrQQL,d0/d0f48d76.jpg,干邑色,,SOFA,Mid-Century Modern,皮革,,,
71H1x+7XI1L,16/163486f6.jpg,Blauw fluweel.,,SOFA,,Schaumstoff,,gestreept,
91k2RNYXLDL,89/89dbc392.jpg,Zandkleurige stof.,,SOFA,2-zitsbank.,Sandfarbener Stoff,,effen,Rechteckig
81W+Eg7pFzL,2c/2c21c974.jpg,Anthrazit,,SOFA,,,,,
71BWSXyZZ6L,87/8766903d.jpg, بني سيليت,,SOFA,صناعي,بوليستر,Curious Charcoal,,
61P1Dse7HEL,a0/a0497435.jpg,Beige,,SOFA,صناعي,خشب,,,
616yj0bimQL,28/28b2eaa7.jpg,Dunkelblau,,SOFA,Schlafsofa,"tessuto, spugna, legno, telaio in legno, metallo, gomma, gambe in metallo",,,
71yfsS0ivHL,69/696bf8f6.jpg,Beige,,SOFA,Modern,Leather,,Solid,
71S97F-NSsL,1f/1fecda87.jpg,Beige,,SOFA,,,,,
81Nx2+1qUpL,29/2988a21d.jpg,베이지,,SOFA,변천하는,Tela,,Sitz,Round
91q4Mb3lGiL,11/1149da30.jpg,牛仔布色,,SOFA,过渡,丹寧,,,
71enWRFZvgL,a1/a191f1e1.jpg,베이지,,SOFA,Modern/Casual/Classic,Tela,,Sitz,
81Vxqj-MF6L,1a/1a2aadad.jpg,lichtgrijs,,SOFA,Single,Schaumstoff,,effen,
61y70zaxGnL,20/200ca8e9.jpg,하얀색,,SOFA,변천하는,木头,"95% poliéster, 5% nailon",,
81z+3WP27gL,93/93d7b9ec.jpg,베이지,,SOFA,변천하는,Tela,,Sitz,Round
B1+fw0Vq0kS,83/83fa3cb7.jpg,Stone,,SOFA,Benavento,,,,
81gofLEp0fL,b6/b6175bc6.jpg,ಬೀಜ್,,SOFA,ಕಂಟೆಂಪೋರರಿ,ಲೆದರೆಟ್ಟ್,,3 seater sofa,
91u8d6jdOKL,2c/2cc97ebe.jpg,Beige & Brown,,SOFA,Modern,Fabric,,,
91QmHZXDB2L,d8/d8b1a8be.jpg,color fantasía (Sod),,SOFA,过渡,皮革,,,
51cYAl-7iEL,68/68072277.jpg,Grigio-verde,,SOFA,2 posti,Legno; Metallo; Poliuretano,,tinta unita,
91JMfranKuL,3a/3a72c55e.jpg,,,SOFA,,,,,
81Ai8Yak9xL,19/19b149e4.jpg,블루,,SOFA,,灰石色,Slipcover Spa,,
91BQYPrsGLL,69/69125739.jpg,실버,,SOFA,乡村风,木头,"95% poliéster, 5% nailon",,
519xs9CjfdL,61/61f8ad3d.jpg,Grey,,SOFA,Modern,,,,
91pRgjhqmtL,24/24179d45.jpg,Heritage Green,,SOFA,,涤纶,,,Rectangular
71busy1noSL,cd/cdb459ab.jpg,حبر أزرق,,SOFA,صناعي,Wood,,,
91AINeKgTKL,29/2962a3b2.jpg,浅灰色,,SOFA,,木头,,,
91G9SG7IioL,eb/ebc476f6.jpg,실버,,SOFA,黄铜,天鹅绒,,,
71jT816MmFL,b8/b85585a8.jpg,Motif À Pois,,SOFA,MODULE 1 PLACE (70 x 100 cm),Tissu,,,
81RyDTtyVgL,15/1579ddff.jpg,Piel/Piel Sintética Negra,,SOFA,"Sofá de 2,5 plazas",Cuero sintético,,,Rectangular
91ECEL6d+yL,5a/5a4b88ed.jpg,胡桃棕色,,SOFA,过渡,皮革,,,
716NoypLH1L,9b/9bd466e3.jpg,담갈색,,SOFA,,"Velvet, Hardwood frame, Metal legs",Lavish Pewter,,
91pXtl4yXZL,0c/0cc81d38.jpg,그레이,,SOFA,변천하는,灰石色,,,
A1qWmVs-VRL,d0/d08e3548.jpg,Denim,,SOFA,,,,,
61kn1KjB26L,fd/fd69e182.jpg,아이보리,,SOFA,Sofá esquinero derecho.,나일론,"95% poliéster, 5% nailon",,
81oSLseNZkL,b9/b9282740.jpg,Beige & Brown,,SOFA,Modern,Fabric,,,
81W48M+QInL,e4/e4ddbba6.jpg,그레이,,SOFA,변천하는,Wood,,,
A152gZhjYXL,2c/2c179b95.jpg,Cream,,SOFA,Linoso,,,,
71D2um-WhnL,5d/5d571696.jpg,azul,,SOFA,Mid-Century Modern,木头,,,Rectangular
71sLluIoDXL,b6/b6045433.jpg,Grey,,SOFA,,,,,
91dcSQFSrwL,b1/b175cb46.jpg,灰色编织,,SOFA,过渡,"Polyester fabric, sturdy hardwood frame and solid beech wood legs",,,
91-dK2mVjiL,b5/b528cbd7.jpg,سليت بلو,,SOFA,ترانزيشينال,بوليستر,,,
A11Bsl3REvL,c1/c1c2096c.jpg,浅灰色,,SOFA,过渡,皮革,,,
A1qRa97PYRL,82/82258bdf.jpg,Charcoal,,SOFA,Curious,,,,
81ZMjJLJfTL,da/dadba684.jpg,그레이,,SOFA,,灰石色,Tibby Pewter,,
81IUjJdY8DL,de/de9cd7b5.jpg,블랙,,SOFA,,木头,Sti Perfomance Fabric,,
91DQcWHg9eL,3b/3b3069cb.jpg,深灰色,,SOFA,Mid-Century Modern,木头,,,
81ubOwANNhL,0b/0bf1fbc0.jpg,祖母绿,,SOFA,Mid-Century Modern,木头,织物,,
B1TtI1-sNHS,f4/f4f0817e.jpg,Fawn,,SOFA,,stone,,,
B1XMn7GwmNS,56/567e5ac6.jpg,Carbón,,SOFA,,,,,
A1STIzQe44L,f9/f92dd577.jpg,그레이,,SOFA,,灰石色,,,
71jp-Fy3KkL,94/9470b8bd.jpg,아이보리,,SOFA,,亚麻,,,
81VqdB6VxUL,79/798ec853.jpg,베이지,,SOFA,,灰石色,,,
81FrU5g5MWL,82/82bf0d26.jpg,베이지,,SOFA,변천하는,Madera Noble,,Sitz,
81a3BCUxBbL,41/4161dcfa.jpg,아이보리,,SOFA,,亚麻,,,
81C9tVfEdxL,65/6553a747.jpg,그레이,,SOFA,,青灰色,,,
912wpPtcJML,00/00ed8003.jpg,블랙,,SOFA,,木头,,,
818-em7VkTL,55/55f989f1.jpg,Cadet,,SOFA,,Wood,,,
B11+z6ZCoLS,17/170ec2a7.jpg,Slate,,SOFA,Peyton,,,,
81s7-YEyWdL,91/91863e48.jpg,블루,,SOFA,Mid-Century Modern,데님,,,U-Shape
A1MJfibcz8L,34/349bb88a.jpg,브라운,,SOFA,Mid-Century Modern,涤纶,,,
61jKemr9e+L,46/4641262d.jpg,아이보리,,SOFA,Sofá chaise de orientación izquierda,나일론,"95% poliéster, 5% nailon",,
91i4GL19UXL,98/98fe3a1e.jpg,Merlot,,SOFA,,Stone,,,
91PLLlbWkIL,d0/d0dee6f9.jpg,珍珠白,,SOFA,工业用,Madera Noble,,,
81sCK9A+WoL,2e/2e7cb301.jpg,岩石灰,,SOFA,经典,Madera Noble,,Sitz,
A1GOvw1fHBL,ed/ed746df5.jpg,Granite,,SOFA,Handloom,,,,
A1sjkZCrFNL,57/57d79dec.jpg, بني سيليت,,SOFA,صناعي,بوليستر,,,
81y8Me0O2pL,52/52a68760.jpg,Handloom Crudo,,SOFA,沙发,木头,Sti,,
51m-bPVLHkL,8b/8b1660eb.jpg,灰亚麻,,SOFA,산업,亚麻,,,
71-KiTrUj-L,f8/f86b17f2.jpg,블랙,,SOFA,Mid-Century Modern,皮革,,,Rectangular
71uyDy+jQcL,a5/a5d976f7.jpg,Grey,,SOFA,,,,,
71XTh3h5KsL,f4/f4850f34.jpg,그레이,,SOFA,现代,木头,poliéster,,
71ZOqaAcy3L,4b/4b838ea0.jpg,,,SOFA,,,,,U-Shape
51XH9YUfcoL,13/1393248a.jpg,Blau,,SOFA,,,,,
81iJ5CJbuJL,30/306ede9f.jpg,그레이,,SOFA,산업,涤纶,Anthem Charcoal,,
91VNIihycdL,33/338de142.jpg,Café dorado,,SOFA,,Poliéster,,,
71N8YtGPhwL,89/89902afc.jpg,Gris Clair de Lune,,SOFA,Canapé,"tissu, mousse, bois, structure en bois, métal, pieds en métal",,,
91HOdULw3+L,4c/4c16afc0.jpg,,,SOFA,,,,,
71uNcjnzLEL,84/84c59921.jpg,Gris claro,,SOFA,Sofá,,,,
91JaEPHx+dL,90/90573643.jpg,深褐色（Dark Tan）,,SOFA,,灰石色,,,
713BBTqcdQL,79/7992d486.jpg,Grey,,SOFA,,,,,
61WvkPc9QkL,54/5465b9ff.jpg,深棕色,,SOFA,,皮革,,,
81ZzPbZt1pL,a4/a498d5c9.jpg,Beige,,SOFA,Modern,Fabric,,,
818+4gmdtOL,49/498b07ea.jpg,灰亚麻,,SOFA,,亚麻,Trixie Linen,,
71gr2m3BP0L,b0/b007200c.jpg,Eclipse Blue,,SOFA,صناعي,,,,
51a4rgb8-nL,af/aff15bc1.jpg,Dust Blue,,SOFA,3-Seater Corner Sofa,Polyester,,Solid,
71dXWB15AJL,c4/c4ac1f6e.jpg,네이비,,SOFA,변천하는,Tela,,,
71EgNOEHtlL,31/31811f46.jpg,blauw,,SOFA,1-SITZER (70 x 100),Stoff,,jednobarevný,
51fKz9hjeCL,4f/4fee9fd4.jpg,Grigio-verde,,SOFA,3 posti,"Compensato, Truciolato",,,
71I8-B7NfNL,6a/6acdabe2.jpg,Azul Marino,,SOFA,Sofá de tres plazas,Tela,,,Rectangular
71TcJ3MNVVL,f0/f0dbf367.jpg,브라운,,SOFA,现代,皮革,poliéster,,
A1Cfq7ouuoL,16/16d35ac6.jpg,Midnight,,SOFA,,,,,
715Xcr38NeL,84/84ad9cd3.jpg,베이지,,SOFA,변천하는,涤纶,폴리에스터,,
91ooHbCPG9L,01/018af4b7.jpg,Grigio Chiaro,,SOFA,Divano a 2 posti,Tela,,Tinta unita,Rettangolare
61xglbZ4siL,63/638ca4e3.jpg,하얀색,,SOFA,,"Polyester fabric, sturdy hardwood frame and solid beech wood legs",,,
71+J4gNGNWL,86/862c12a2.jpg, بني سيليت,,SOFA,صناعي,Metal,Curious Charcoal,,
91R8hJ516YL,0a/0a53b47f.jpg,그레이,,SOFA,변천하는,涤纶,,,
81WUd0ux1kL,90/90421af9.jpg,블루,,SOFA,estilo moderno,涤纶,,,
71oaevP+9dL,8e/8e626ae6.jpg,Rosado claro,,SOFA,,,,,
81NIhZ31GOL,32/32aa62ba.jpg,그레이,,SOFA,변천하는,"Polyester fabric, sturdy hardwood frame and solid beech wood legs",,,
718nYVMuVgL,1e/1e477c97.jpg,브라운,,SOFA,,皮革,,,
71DlCqKrXYL,ae/ae7d2217.jpg,실버,,SOFA,,木头,,,
71xZfDzjuaL,4a/4a52535e.jpg,Caffè,,SOFA,,Tela,,Tinta unita,
719ZbxgXAFL,1c/1c4d713d.jpg,브라운,,SOFA,乡村风,木头,100% cuero,,
71q605qRA6L,b1/b1c29754.jpg,Beige,,SOFA,Industrial,Wood,,,
71acBo9W4lL,6e/6e6df526.jpg,Grey,,SOFA,,,,,
91DBbYWWh4L,10/106399e0.jpg,Café dorado,,SOFA,,,,,
711IP2RQlRL,5b/5b85d46c.jpg,blauw,,SOFA,CHAISELONGUE (93 x  145),Stoff,,jednobarevný,
91Vm8gbsGvL,48/485c928f.jpg,Heather,,SOFA,,,,,
81ga4e3gs6L,f0/f0ec5209.jpg,Sombra,,SOFA,Transitional,木头,,,
71VJVNVVrxL,a4/a40e80d2.jpg,Eclipse Blue,,SOFA,صناعي,بوليستر,Curious Eclipse,,
911WP94hwHL,11/11c71bba.jpg,തവിട്ട്,,SOFA,സമകാലികം,ഫാബ്രിക്,,,
818X2pZ0X3L,eb/ebc44da5.jpg,灰亚麻,,SOFA,,亚麻,Trixie Linen,,
A10SUtjx9tL,d4/d4c19b04.jpg,그레이,,SOFA,변천하는,Hartholzrahmen und Beine aus massivem Buchenholz,,,
61mzNO9XHLL,20/203b0004.jpg,Gris,,SOFA,Sofá de 3 Plazas,,,,
81T6MUAyvkL,19/19206df6.jpg,Rouge Red,,SOFA,صناعي,بوليستر,,,
91qecDT2VoL,0b/0b6beca2.jpg,奶油色,,SOFA,过渡,Polyester-Polster,,,
71vcwixzQwL,2e/2edb4405.jpg,Beige,,SOFA,,Poliéster,,,
81fKl23S3tL,57/574f0daa.jpg,灰色,AIDEN,SOFA,Mid-Century Modern,天鹅绒,100 % poliéster,,
619wXv2eeUL,a3/a39e2a70.jpg,Colore Beige,,SOFA,POGGIAPIEDI (70 x 93),Tela,,Tinta unita,
91B0KRO5zKL,27/27aea89b.jpg,하얀색,,SOFA,Moderno de meados do século,木头,,,U-Shape
81Vt67LNX3L,1e/1e03d1ec.jpg,Grey,,SOFA,Modern,Leather,,,
61mJRRibXJL,b4/b4f1d833.jpg,blauw,,SOFA,HOCKER (40 x 93),Stoff,,,
71qfMkil-HL,59/590126ed.jpg,Grey,,SOFA,Modern,Leather,,Single,
61scVrnBOEL,9b/9b3a895a.jpg,블랙,,SOFA,산업,皮革,,,
91Vts5efjwL,aa/aa86ead9.jpg,Platino,,SOFA,银,木头,,,
91MFtxyC-oL,5f/5fc937e7.jpg,베이지,,SOFA,,灰石色,,,
61gC1P215jL,da/dadba3d6.jpg,실버,,SOFA,변천하는,나일론,"95% poliéster, 5% nailon",,
81y-FvYsm9L,a4/a4abff6b.jpg,حبر أزرق,,SOFA,صناعي,Polyester,Belsire Ink,,
81VlVo6HtZL,ef/ef21e99d.jpg,Black,,SOFA,,,,,
A1zfNwmQ4iL,82/82905dcd.jpg,Indigo,,SOFA,Tina,,,,
71DGgpT-jJL,88/88e26713.jpg,그레이,,SOFA,변천하는,天鹅绒,,,
81LNutAMKlL,2e/2eae92a7.jpg,Grön,,SOFA,2-sits soffa,,,monokrom,
81OkgzwPxxL,80/80dcbf90.jpg,아이보리,,SOFA,,亚麻,Tibby Linen,,
81ZckNcsvaL,8f/8f320995.jpg,Gris Claro,,SOFA,Sofá de tres plazas,Tela,,,Rectangular
81bFEdAkb0L,c4/c4cbc749.jpg,Gris Claro,,SOFA,Sofá cama,Tela,,solido,Rectangular
918jFohBdIS,90/905fa4dc.jpg,Olive,,SOFA,,,,,
81U2VuTyDTL,c7/c793155e.jpg,كونياك (Cognac),,SOFA,Mid-Century modern,天鹅绒,,,
91csvspDRhS,72/728d0822.jpg,,,SOFA,,,,,
817QdCQ1QTL,4b/4be69670.jpg,干邑色,AIDEN,SOFA,Mid-Century Modern,皮革,*,,
7168HPhsezL,bb/bb9662a5.jpg,옐로우,,SOFA,Mid-Century Modern,木头,직물.,,Rectangular
817EXX-ks1L,58/58f02003.jpg,Eerie Black,,SOFA,,,,,
81C+lKuEGYL,79/79d6fe78.jpg,Azul,,SOFA,Industrial,Metal,,,
813KccJFQyL,7a/7ac14d15.jpg,LIGHT GREY,,SOFA,Contemporary,Wood,,,
714ItTf77qL,c3/c35ef79c.jpg,灰亚麻,,SOFA,산업,亚麻,Trixie Linen,,
A1BwJ2-kMpL,e5/e500c555.jpg,Red,,SOFA,Jupiter,,,,
71aGhJtSlcL,7b/7bf0c4f1.jpg,Rouge Red,,SOFA,صناعي,بوليستر,,,
61Nyr+SlLUL,4b/4bab2a70.jpg,실버,,SOFA,변천하는,나일론,"95% poliéster, 5% nailon",,
81RDbO-2UvL,56/56d1736c.jpg,浅灰色,,SOFA,过渡,木头,聚酯纤维,,
61ROkqHetQL,88/88683142.jpg,Blue Eclipse,,SOFA,,,,,
812ucQy0v9L,29/29a4b031.jpg,深褐色（Dark Tan）,,SOFA,,灰石色,,,
51tbS-E6GlL,96/96617882.jpg,Hunter Green,,SOFA,,,,,
71LlAStnrzL,e7/e761e813.jpg,브라운,,SOFA,乡村风,木头,100% cuero,,
91aTESICnOL,94/94c93a7a.jpg,그레이,,SOFA,,"Madera, espuma",,,
81fULzpRu-L,45/45c3b724.jpg,烟灰色,,SOFA,,涤纶,,,
71QMzWYrWYL,f2/f2ff12f5.jpg,灰色,,SOFA,3-Seater 沙发,钢铁,,,
914c2eS95uL,cd/cda16e77.jpg,Slate Brown,,SOFA,Industrial,Metal,,,
41JANT3Q02L,b3/b3fc67b6.jpg,Saddle,,SOFA,,皮革,,,
812ZbhzUPgL,a6/a63d300a.jpg,네이비,,SOFA,변천하는,"Velvet, Hardwood frame, Metal legs",Lavish Navy,,
91nVBCLJkgL,48/483bc74a.jpg,חום בהיר,,SOFA,ترانزيشينال,بوليستر,,,
91Gr-tCG2KL,05/055a1f5f.jpg,深褐色（Dark Tan）,,SOFA,,木头,,,
91qKCRXBivL,b0/b0921304.jpg,Almond Brown,Harrison,SOFA,,,,,
61dWgWLajwL,c1/c1c53294.jpg,Linen,,SOFA,过渡,"Polyester fabric, sturdy hardwood frame and solid beech wood legs",,,
61jxga3KbCL,34/34879713.jpg,Rouge Red,,SOFA,صناعي,Metal,,,
A1rjvZMbrzL,f7/f7440cdf.jpg,Emerald,,SOFA,,Stone,,,
81+EpgxKsNL,7e/7ef15467.jpg,حبر أزرق,,SOFA,صناعي,,,,
81p6TbLj09L,9e/9e1b2fbe.jpg,DARK GREY,,SOFA,Contemporary,Wood,,,
61g8nzZudNL,22/22bdd052.jpg,Blue,,SOFA,1 Seater,Polyurethane Foam,,,
81uYWv-Zj7L,58/5879c84d.jpg,블루,,SOFA,,灰石色,,,
51BYNpuagwL,e4/e4f2293f.jpg,Charcoal,,SOFA,,,,,
81UaXx-lZUL,ac/ac4275dc.jpg,베이지,,SOFA,,灰石色,,,
814dQi0NwaL,ec/ec1ac2ee.jpg,浅灰色,,SOFA,변천하는,木头,폴리에스터,,
7177AeD4qVL,e2/e2198a9f.jpg, بني سيليت,,SOFA,صناعي,Metal,,,
814pm8pDgjL,0b/0b9583f6.jpg,Gris Clair,,SOFA,Canapé 2 places,Tissu,,Uni,Rectangulaire
81+lGBh-LBL,84/84ebe001.jpg,Linen,,SOFA,,Poliéster,,,
B13A3wKE+kS,2d/2d9d91c5.jpg,Sand,,SOFA,,,,,
517A9BCmPLL,e6/e66fcc69.jpg,Blu Luna,,SOFA,,Tela,,A quadri,
91FTMqIjgRL,0b/0b50be26.jpg,Azul,,SOFA,صناعي,Polyester,Anthem Blue,,
91m7ygzDAxL,ce/ce0c1c64.jpg,رمادي فاتح,,SOFA,ترانزيشينال,بوليستر,,,
81p4WwqH3QL,40/40e57a4b.jpg,브라운,,SOFA,乡村风,皮革,가죽.,,
91KUApGtCUL,e8/e8ac5f2b.jpg,Grigio Scuro,,SOFA,Divano a 2 posti,Tela,,Tinta unita,Rettangolare
81MuzoQyfHL,f9/f9a30ca5.jpg,그레이,,SOFA,변천하는,Madera Noble,,Sitz,
81ijMNOYgQL,38/3827e33c.jpg,Black,,SPORTING_GOODS,1-Pack,,,,
91qXhQBPqxL,f5/f50b1997.jpg,,,SPORTING_GOODS,,,,,
71+WDvKtuXL,f9/f97d41f9.jpg,Grey/ Black,,SPORTING_GOODS,"Grey Body, Flip Handle lid with Storage Compartment Shaker",ಪ್ಲಾಸ್ಟಿಕ್,,,
41+BZFrD2gL,b0/b07b3868.jpg,,,SPORTING_GOODS,Dumbbell Set and Resistance Loop Bands,,,,
61EGyZf0JvL,e6/e68e1ea3.jpg,(2 Pack),Waterproof Pouch,SPORTING_GOODS,,Plástico,,,
81b0-QrgeLL,cf/cf9d5571.jpg,,,SPORTING_GOODS,12lb,,,,
81SChxH2YPL,b8/b8ec758f.jpg,,,SPORTING_GOODS,Supporto per manubri a 3 livelli.,,,,
71qjrl7EPLL,3d/3dd73377.jpg,,,SPORTING_GOODS,,,,,
61ubTSnXL7L,e5/e5825071.jpg,,,SPORTING_GOODS,,,,,
812f1WcWc7L,f9/f9c8dac0.jpg,Blu,,SPORTING_GOODS,,,,,
81A5nZ6J5IL,7c/7cafca26.jpg,,,SPORTING_GOODS,Aluminio,,,,
71NgprzteJL,63/63e9edec.jpg,,,SPORTING_GOODS,,,,,
A1weX7Lpk7L,bf/bffa3661.jpg,Desert Camo,,SPORTING_GOODS,,,,,
81rZAdoLNrL,c1/c1b459bc.jpg,Gris-2 x 5KG,,SPORTING_GOODS,,,,,
81gxKCjpUgL,3f/3fea89a7.jpg,,,SPORTING_GOODS,Cycle Lock,,,,
91zt23NSfcL,1e/1ea1dd3f.jpg,,,SPORTING_GOODS,,,,,
813HDucIzpL,b7/b7e27a39.jpg,,,SPORTING_GOODS,Without Hand Pump,,,,
61+3icjFswL,28/28607955.jpg,Green,,SPORTING_GOODS,Adjustable Hand Grip Strengthener,,,,
91L8YWM1S-L,7e/7e754f05.jpg,,B07kcsvz1w,SPORTING_GOODS,Lacrosse Rebounder,Combinación,,,
711QBafw51L,9a/9a520652.jpg,,,SPORTING_GOODS,,,,,
7168H-a0doL,02/02f69b93.jpg,,,SPORTING_GOODS,,,,,
51lfTnmGsqL,2b/2b31d6bd.jpg,,,SPORTING_GOODS,,,,,
710kan0qYkL,48/48b7d636.jpg,ಪಾರದರ್ಶಕ,,SPORTING_GOODS,Shaker Bottle,ಪ್ಲಾಸ್ಟಿಕ್,,,
71FR9LRaL1L,4e/4ed84888.jpg,,,SPORTING_GOODS,,,,,
61BGt0A2SQL,eb/eb39a69e.jpg,,,SPORTING_GOODS,4.5 KGS,,,,
71WwcgSdVSL,05/056e8739.jpg,Tiger Orange,,SPORTING_GOODS,,,,,
819ACZ1UcrL,2f/2fe71f5d.jpg,,,SPORTING_GOODS,,,,,
81SCQsWe+HL,91/918bc955.jpg,,,SPORTING_GOODS,With Hand Pump,,,,
81chh+tevnL,6c/6c563c77.jpg,,,SPORTING_GOODS,Chrome Handle,,,,
81MgriuLXuL,a3/a3e6081d.jpg,Black,,SPORTING_GOODS,,,,,
91wVKukA-YL,fe/fe32f5eb.jpg,,,SPORTING_GOODS,Without Hand Pump,,,,
816SPn6gJVL,3f/3f48ce59.jpg,Violet,,SPORTING_GOODS,,,,,
81pHZG5wCnL,dd/dd7299c6.jpg,海军蓝,,SPORTING_GOODS,2 件套,氯丁橡胶,,,
A1CqAHWbtCL,06/062242fa.jpg,,,SPORTING_GOODS,,,,,
6145en1iqgL,70/707983c0.jpg,,,SPORTING_GOODS,90mm,,,,
71ZncWBVgjL,59/5967fa56.jpg,Gris,,SPORTING_GOODS,,,,,
61VkwgC3skL,ee/ee86eead.jpg,Green,,SPORTING_GOODS,,,,,
71sPKKfCOGL,4a/4a8fa3c8.jpg,,,SPORTING_GOODS,40 Lb,,,,
810THZqEeBL,0a/0a8eb57d.jpg,,,SPORTING_GOODS,,polyester,,,
81Pf+xqSyFL,1b/1b093445.jpg,Red,,SPORTING_GOODS,,,,,
61GYLvycN9L,91/917610a6.jpg,0.5 lbs each (1 lbs pair) - Red,,SPORTING_GOODS,,,,,
61ofFZvLMzL,ee/eedf0ab3.jpg,,,SPORTING_GOODS,,Iron,,,
91GC1ZKL+-L,e9/e9780e79.jpg,,,SPORTING_GOODS,Gym Gloves,,,,
A1AzgzhjsbL,43/43623478.jpg,blauw,,SPORTING_GOODS,,Polyester,,,
619tVnvwY8L,2e/2eadf036.jpg,ಕ್ಲಿಯರ್ (clear),,SPORTING_GOODS,Shaker Bottle,ಪ್ಲಾಸ್ಟಿಕ್,,,
71+I5uScpfL,db/db9f8f88.jpg,Bombo Giallo,,SPORTING_GOODS,,,,,
81NIHvsj8iL,ae/ae45830b.jpg,Red,,SPORTING_GOODS,,,,,
71zcSyMAU4L,22/224e28de.jpg,,,SPORTING_GOODS,,,,,
71pUyvOcuCL,48/4816626c.jpg,red,,SPORTING_GOODS,Body Equalizer Bars,,,,
81zI49722-L,94/940ca813.jpg,,,SPORTING_GOODS,,Cotton,100% Cotton Jersey,,
81LrABRl09L,18/180c0232.jpg,海军蓝,,SPORTING_GOODS,,布料,聚酯纤维,,
81YHoefONQL,19/1929400c.jpg,Brown,,SPORTING_GOODS,,,,,
614lvXf0pAL,4b/4bf61534.jpg,Gris,,SPORTING_GOODS,,,,,
51dcNAyLrYL,16/163dfe54.jpg,Blue/Yellow,Gym Leggings,SPORTING_GOODS,,8.3% Spandex+ 78.8% Polyamide +12.9% Polyester,8.3% Spandex+ 78.8% Polyamide +12.9% Polyester,,
91Lzcm-hlPL,77/77cf125d.jpg,,,SPORTING_GOODS,2 kg,,,Unique,
81u-ONIOu2L,a2/a251d862.jpg,Arancione,,SPORTING_GOODS,,,,,
61BLdBJghXL,cd/cda9734a.jpg,,,SPORTING_GOODS,13.6 KGS,,,,
71QnwXKZ65L,19/1922b1fa.jpg,Rouge Pomme,,SPORTING_GOODS,,,,,
81vbGywU6fL,6e/6eb4ea2d.jpg,2Grey,,SPORTING_GOODS,,Cotton,,,
71OZGcNccWL,70/703fecc2.jpg,Blue,,SPORTING_GOODS,TPE,,,,
71mSexD52cL,78/78f09f95.jpg,violett,,SPORTING_GOODS,"3,1 cm (18,1 - 36,2 kg)",,,,
81Lgu8CAY-L,ce/ce835cbc.jpg,,,SPORTING_GOODS,,,,,
71xHBXglkAL,22/2241056c.jpg,gris oscuro,,SPORTING_GOODS,Standard,,,,
61HYKsmh5ZL,c8/c8656cf1.jpg,,,SPORTING_GOODS,,,,,
61r1sk1cRrL,fa/fa68b1d5.jpg,,,SPORTING_GOODS,,,,,
813ixIieMtL,97/971a798a.jpg,Black,,SPORTING_GOODS,,cast iron,,,
51fNQPxpteL,63/637f2561.jpg,,,SPORTING_GOODS,,,,,
71mXj7J5dfL,40/40fd03fd.jpg,,,SPORTING_GOODS,,,,,
71uTyPQoCNL,1a/1a9e668b.jpg,,,SPORTING_GOODS,,,,,
519sOuNLYpL,f2/f2a828e0.jpg,पीला,,SPORTING_GOODS,3.7 KGS,निओप्रीन,,,
41kHuCXVx7L,f7/f7b8d91e.jpg,Black+Grey,,SPORTING_GOODS,,,,,
51C67pTmHML,55/550da024.jpg,Negro,,SPORTING_GOODS,,,,,
81WKV7SO2iL,1c/1c3bf1ec.jpg,,,SPORTING_GOODS,PVC,,,,
91ZJA7VyjQL,11/113c2887.jpg,,,SPORTING_GOODS,Without Hand Pump,,,,
91Vek5yT31L,3f/3fdc53bb.jpg,Black,,SPORTING_GOODS,,,,,
91OF6AY3MEL,80/80629c21.jpg,Multicam,,SPORTING_GOODS,,,,,
81D4+-DsMsL,79/79869f10.jpg,,,SPORTING_GOODS,6' x 4',,,,
61qXwHVZiEL,a4/a42c157f.jpg,yeşil,,SPORTING_GOODS,,,,,
91QzAuujT+L,18/18d6fc43.jpg,,,SPORTING_GOODS,,,,,
51pj0g9UNBL,c8/c80dc4f1.jpg,Green,,SPORTING_GOODS,,,,,
A15YNJalUOL,42/42a2b3de.jpg,,,SPORTING_GOODS,1 kg.,,,,
31BrcTZaZ2L,38/385a9ef2.jpg,,,SPORTING_GOODS,,,,,
81Vyn48SoSL,8d/8ded80de.jpg,Pink,,SPORTING_GOODS,,,,,
917y2jvjjZL,c6/c697645b.jpg,多种颜色,Amz-1,SPORTING_GOODS,带支架,其他,,,
A125FmIh3yL,40/40072950.jpg,UCP,,SPORTING_GOODS,,,,,
81FyhZn0qkL,ac/ac719a76.jpg,Wine Red,,SPORTING_GOODS,,,,,
81N0XH8ntHL,46/46f2690a.jpg,bleu,,SPORTING_GOODS,,,,,
61pT-L7xDbL,b3/b38c1344.jpg,Light Green,,SPORTING_GOODS,9.1 KGS Each,Neoprene,,Dumbbells,
71PvyNTUDhL,d5/d5433e7b.jpg,,,SPORTING_GOODS,,,,,
61Yso9d9c+L,48/48b38537.jpg,,,SPORTING_GOODS,,,,,
71NUXigFZKL,2c/2c4dd6b9.jpg,Color2,,SPORTING_GOODS,,,,,
81k9w-WU3GL,36/365e8333.jpg,నలుపు,,SPORTING_GOODS,Hand Grip,నురుగు,,,
61-nOGoudfL,16/161a33cc.jpg,4.Blue,,SPORTING_GOODS,,,,,
61Tj37Ta+TL,a8/a8beb5fc.jpg,,,SPORTING_GOODS,4 Pound (1.81 KGS),,,,
41YVjE-7NEL,a6/a6f3c3e8.jpg,Sunshine,,SPORTING_GOODS,,,,,
81BSI0Z2W+L,ad/adb1d72c.jpg,,Jp012-spb-01,SPORTING_GOODS,Multisport réglable.,Filet.,,,
71jzwMlmtyL,cb/cb9f6b68.jpg,,,SPORTING_GOODS,"Rastrelliera per pesi, 2,5 cm",,,,
31C-5-cSMmL,7a/7af4b713.jpg,Pink,,SPORTING_GOODS,Yoga Mat and Blocks,,,,
51dYIDoMlaL,7e/7ef93086.jpg,Orange,,SPORTING_GOODS,2.7 KGS,Neoprene,,,
A1ZSfU5PCgL,dc/dc55a093.jpg,,,SPORTING_GOODS,122 cm x 183 cm,,,,
91pAzMaRuTL,c2/c294d63c.jpg,,,SPORTING_GOODS,,,,,
51N0QJ6YSoL,ab/abe4b188.jpg,Púrpura,Ab Roller Wheel,SPORTING_GOODS,,Plástico,,,
61P0r8sYOkL,29/2922550c.jpg,,,SPORTING_GOODS,,,,,
91URc5sbXwL,ca/caeb2800.jpg,,,SPORTING_GOODS,ERROR:#N/A,,,,
91tRxD56L4L,b2/b29d5dc8.jpg,,,SPORTING_GOODS,,,,,
71ysxcqxI-L,88/8854ccbb.jpg,Lyndee,,SPORTING_GOODS,"4,44 cm (22-56 kg)",,,,
810VpeI9SaL,db/db3b46c6.jpg,,,SPORTING_GOODS,,Lana,,,
91-Gqlk2GaL,81/81a86b22.jpg,Black,,SPORTING_GOODS,55cm,,,,
81CEQseO+bL,59/5951acec.jpg,Black/Yellow/Blue,,SPORTING_GOODS,Gewichte-Set mit Halterung,cast iron;neoprene,,,
91uHIXGsQIL,d9/d9b9a4c9.jpg,,,SPORTING_GOODS,,,,,
81b-f4tikHL,2d/2d5adc63.jpg,Schwarz,,SPORTING_GOODS,,,,,
916X3cjJn6L,99/99528f88.jpg,Black,,SPORTING_GOODS,65cm,,,,
8177ZJ2+CJL,20/20462bda.jpg,vert citron,,SPORTING_GOODS,,,,,
71n-WyA08+L,1d/1d4e6b8e.jpg,,,SPORTING_GOODS,,,,,
A1uNweQthBL,89/89896e16.jpg,,,SPORTING_GOODS,7 kg,,,singel,
61yMxTM5UAL,69/69431e97.jpg,blauw,,SPORTING_GOODS,,,,,
71wTQmb8gdL,a3/a3aa0d6d.jpg,paars,,SPORTING_GOODS,,,,,
61D65e6ElHL,f6/f68daac8.jpg,donkergrijs,,SPORTING_GOODS,Standaard,,,,
812ZgyVXFlL,5b/5b4987f9.jpg,,,SPORTING_GOODS,Wrist Support,,,,
81OdkD5cNvL,9f/9f3fd8b6.jpg,black,,SPORTING_GOODS,Barbell Gymnastics Grip,,,,
81e0yt4CO3L,6c/6ccce4c1.jpg,Black,,SPORTING_GOODS,,,,,
61PEdA+Q4gL,84/8410faa4.jpg,Rosa,,SPORTING_GOODS,,,,,
71hgcbIc2NL,d0/d036af64.jpg,Grey/ Black,,SPORTING_GOODS,Shaker Bottle,പ്ലാസ്റ്റിക്,,,
81Y1q31RM9L,27/277abe53.jpg,浅灰色,,SPORTING_GOODS,2 件套,氯丁橡胶,,,
91ZIp1MPQnL,28/280b8d3d.jpg,,,SPORTING_GOODS,,,55.1% Cotton and 44.9% Polyester,,
91zLbCpnWxL,77/77e9f41b.jpg,,Amazonbasics,SPORTING_GOODS,,Polyester,,,
918vB2erQPL,ba/bac3228f.jpg,,,SPORTING_GOODS,,,,,
81QCe386bOL,c9/c9ef0f69.jpg,,,SPORTING_GOODS,,,,,
71fh93fnPML,4b/4bfb5bad.jpg,,,SPORTING_GOODS,,,,,
71-rlHL-2WL,05/050af144.jpg,Stardust Morado,,SPORTING_GOODS,,,,,
71xvWU-VWVL,ad/ad85b872.jpg,,,SPORTING_GOODS,,塑料,,,
81uDf5e9q+L,ef/efca6b5f.jpg,,,SPORTING_GOODS,Weightlifting Belt,,,,
61YkJDTVonL,a0/a01ec481.jpg,,,SPORTING_GOODS,3 lbs Set,Steel;Vinyl,,,
61dkC0enCVL,3c/3c8d6496.jpg,Red / Black,,SPORTING_GOODS,,,,,
51sfuow4CiL,b5/b57deec7.jpg,,,SPORTING_GOODS,,,,,
61FFZxgfNBL,8d/8d6020b6.jpg,,,SPORTING_GOODS,30 lb,,,,
81ipQrxhneL,62/623b77c1.jpg,,,SPORTING_GOODS,,,,,
713h3guVkZL,a7/a7ee3ecf.jpg,Negro,,SPORTING_GOODS,,,,,
81nxHzxYdgL,9b/9bd8f59f.jpg,Vin rouge-2 x 8KG,,SPORTING_GOODS,,,,,
71x-WNXvmzL,3a/3aa1cf0e.jpg,Amarillo,,SPORTING_GOODS,Paquete de 2,,,,
A10geEENLjL,9c/9c35163c.jpg,,,SPORTING_GOODS,,,,,
71WgeQzPz-L,c4/c41e16ac.jpg,,,SPORTING_GOODS,10 Pounds (4.54 KGS),,,,
81bfZ2ljjvL,4a/4a292ac1.jpg,,,SPORTING_GOODS,D Handles and Rope,,,,
71nEF8WYgvL,d8/d82976af.jpg,,,SPORTING_GOODS,,,,,
917ffgZSNCL,de/de02b860.jpg,紫色,,SPORTING_GOODS,ペアセット(2個),,,,
8158TzMzICL,6c/6cbeaa26.jpg,海军蓝,,SPORTING_GOODS,,布料,聚酯纤维,,
81ScJ-13K2L,3a/3aa1cbcb.jpg,Bordeaux foncé,,SPORTING_GOODS,,,,,
81o5KREHIzL,9d/9d1bc60c.jpg,,,SPORTING_GOODS,,,,,
81X8e1OA43L,99/9998e2be.jpg,Schwarz-2 x 10 kg,,SPORTING_GOODS,,,,,
81olk4LomfL,91/91dd905a.jpg,,,SPORTING_GOODS,With Hand Pump,,,,
81kV9Kd8HTL,33/338e63ec.jpg,,,SPORTING_GOODS,Without Hand Pump,,,,
A1FVzcKKIUL,22/228504fb.jpg,,,SPORTING_GOODS,4 kg,,,,
71OmbJwiSZL,a8/a82a6221.jpg,Grigio chiaro 18Pezzi,,SPORTING_GOODS,,,,,
91OLf83ndqL,99/996af1cb.jpg,Black,,SPORTING_GOODS,,,,,
814H5F5lNzL,b4/b41f2092.jpg,,,SPORTING_GOODS,,,,,
817-p3+jKZL,39/390f4c1e.jpg,Blue,,SPORTING_GOODS,1-Pack,,,,
81wm7FAKLoL,36/361c566a.jpg,Sky Blue,,SPORTING_GOODS,,,,,
911qDE6dI0L,f7/f71a442b.jpg,,,SPORTING_GOODS,20 lb,,,,
81hf9zNTAdL,0b/0b34efa0.jpg,,,SPORTING_GOODS,Double Row Rotating Chrome Handle,,,,
61l7e-VAzTL,cc/cc2302a7.jpg,Clear/ Black,,SPORTING_GOODS,"Clear Body, Flip lid Shaker",പ്ലാസ്റ്റിക്,,,
91uXwNKdoqL,3f/3f3af83d.jpg,,,SPORTING_GOODS,Without Hand Pump,,,,
61adXDb6WdL,aa/aa32cab9.jpg,橙色,,SPORTING_GOODS,Juego de 2.72 kg,"Stahl, Vinyl.",,,
81U4HAhUrUL,7c/7c9a07ba.jpg,,,SPORTING_GOODS,,,,,
315UuK+JddL,28/286f956b.jpg,,,SPORTING_GOODS,,,,,
71VOtn+e2ZL,31/3100cfe3.jpg,Orange Tigre,,SPORTING_GOODS,,,,,
61st++aPaaL,b2/b21ef3f5.jpg,,SX,SPORTING_GOODS,,Steel,,,
61Rq1V1FV1L,45/4573234d.jpg,Grey,,SPORTING_GOODS,,,,,
81KSSGU3SHL,5d/5d211da5.jpg,Dark-gray,,SPORTING_GOODS,Standard,,,,
61BE5tfosfL,b4/b40b1005.jpg,,,SPORTING_GOODS,,,,,
91Q2YxRa8oL,1c/1cb4fb42.jpg,,,SPORTING_GOODS,,,,,
81UXWNSZzRL,79/79bd332d.jpg,,,SPORTING_GOODS,,,,,
91+DVOTcJhL,06/06792c31.jpg,,,SPORTING_GOODS,Without Hand Pump,,,,
81M1oig8uYL,b1/b1ecf6cf.jpg,Nero,,SPORTING_GOODS,,,,,
71UE3CoJJrL,b7/b7bd98c3.jpg,Black,,SPORTING_GOODS,,,,,
81wFPZehiML,28/284f72d5.jpg,,,SPORTING_GOODS,,,,,
615tiRo-7AL,6d/6d9a9654.jpg,Negro,Adjustable Dumbbells,SPORTING_GOODS,,Plástico,,,
91ZsnEhPpjL,1f/1fe1efb4.jpg,:: ఎరుపు,,SPORTING_GOODS,Knee Support,నియోప్రేన్,,,
71ij7wcv1EL,df/dff33171.jpg,ブルー,,SPORTING_GOODS,,,,,
A15tAelG2qL,d3/d390abf4.jpg,,,SPORTING_GOODS,5 kg.,,,single,
81-14rv-onL,e8/e84f3700.jpg,White,,SPORTING_GOODS,Weight set with stand,,,,
818SgwtHxmL,06/06a75ef5.jpg,Blue Mandala,,SPORTING_GOODS,,,,,
818gLVyoODL,63/63e2c116.jpg,,,SPORTING_GOODS,,100-percent-cotton-jersey,100% cotton,,
71GeKWuGGRL,b9/b900de3b.jpg,Negro,,SPORTING_GOODS,,,,,
71I6nSbIc9L,2c/2c801061.jpg,黄色,,SPORTING_GOODS,2 件套,氯丁橡胶,,,
91EwCZZM6uL,93/935eea99.jpg,,,SPORTING_GOODS,,,,,
91fvDFF6VdL,f9/f92f4e53.jpg,Schwarz,,SPORTING_GOODS,5 kg,,,,
51NDHbBYP4L,f7/f73dc527.jpg,Blu skydiver,8189747,SPORTING_GOODS,2XL,,"Facing: 96% Polyester, 4% Elasthan, 8000mm Waterproof, 500mm/m2/24h Breathable;backside Fleece: 100% Polyester",,
91SK4-Q3DEL,19/19084fb0.jpg,,,SPORTING_GOODS,,,,,
8159THkj0bL,bc/bce94e10.jpg,Crema,,SPORTING_GOODS,,,,,
71XapN19JDL,1d/1d83974a.jpg,,,SPORTING_GOODS,,,,,
A1gyVjXKvFL,45/45ca99ea.jpg,noir,,SPORTING_GOODS,,,,,
81mQT2vvk3L,87/8739d464.jpg,,,SPORTING_GOODS,Without Hand Pump,,,,
61mH+eDLs-L,21/218e3ae3.jpg,,,SPORTING_GOODS,,,,,
71dbxumKdWL,f1/f1ee9092.jpg,,,SPORTING_GOODS,10 lbs Set,,,,
81O+1zgy--L,d8/d870f7de.jpg,AmazonBasics,,SPORTING_GOODS,6 kg,,,,
71mIq7cdm8L,c2/c209582b.jpg,Orange,,SPORTING_GOODS,,,,,
71vHD655JQL,cb/cb28f060.jpg,,,SPORTING_GOODS,20lb,,,,
51N-mdDc49L,48/48c1395c.jpg,Rosado,Neoprene Dumbbells,SPORTING_GOODS,"6 libras, par",Neofreno,,,
A1PLVHKB0UL,b7/b77f46fe.jpg,,,SPORTING_GOODS,8 kg.,,,,
61UMgyO5GZL,ee/ee811f3a.jpg,,,SPORTING_GOODS,20 lb,,,,
71nLVa1g19L,32/32f0637e.jpg,,,SPORTING_GOODS,25 lb,,,,
81M5-o3SHvL,b9/b9d0c908.jpg,,,SPORTING_GOODS,,,,,
61IWmnFV5XL,86/8680e158.jpg,Normal,Badminton Shuttlecocks,SPORTING_GOODS,,No,,,
41KNM9nckIL,f4/f45fe14d.jpg,nero 50 litri,,SPORTING_GOODS,,,,,
51PLzv8hE7L,1b/1bfc5214.jpg,Blue,,SPORTING_GOODS,1.8 KGS Each,Neoprene,,Dumbbells,
31ZJYELZ4QL,2f/2fb5f097.jpg,Noir,,SPORTING_GOODS,XL,,,,
51u1HNzKa+L,2b/2bfb8967.jpg,Pink,,SPORTING_GOODS,0.5 KGS,Neoprene,,,
91NB9ybqFfL,14/14e98183.jpg,,,SPORTING_GOODS,With Hand Pump,,,,
71vwYkQmBTL,f0/f08c0319.jpg,,,SPORTING_GOODS,,,,,
91DthhQP6xL,59/598922da.jpg,Azul,,SPORTING_GOODS,,,,,
81i0ClBAyrL,cf/cf027d01.jpg,paars,,SPORTING_GOODS,,,,,
811NKI2fgaL,73/73fec427.jpg,Navy,,SPORTING_GOODS,,布料,聚酯纤维,,
810L1CHPgQL,91/9101235d.jpg,蓝色,,SPORTING_GOODS,2 件套,氯丁橡胶,,,
61zn4TNS3IL,3a/3ae82373.jpg,Saft Lila,,SPORTING_GOODS,,,,,
81oDilamYIL,cc/cc930c7c.jpg,Grey,,SPORTING_GOODS,,,,,
A1ecuoZzu9L,7d/7df52bb7.jpg,,,SPORTING_GOODS,,,,,
81R8knBnjEL,81/81b8de02.jpg,紫色,,SPORTING_GOODS,مجموعة من قطعتين,氯丁橡胶,,,
91+2wsXEz7L,76/7646e93b.jpg,黑色,,SPORTING_GOODS,18 años versión,,,,
71XIUApxBHL,c9/c9e212b4.jpg,,,SPORTING_GOODS,Treadmill,,,,
71CQiyRGSqL,4c/4c6dfd96.jpg,ബഹുവർണ്ണം (grey::grey::black::black::black::black),,SPORTING_GOODS,Rain Coat,,,,
515XnJ-dk4L,2c/2ca96ed5.jpg,Navy Blue,,SPORTING_GOODS,4.5 KGS Each,Neoprene,,Dumbbells,
71vIIIXuY0L,76/76557e8b.jpg,,,SPORTING_GOODS,6 feet,,,,
81OrLtbybPL,6b/6bde649d.jpg,,,SPORTING_GOODS,,Plastic,,,
816OvnX7AZL,3e/3e5cda76.jpg,,,SPORTING_GOODS,,,,,
612wds7kENL,a9/a9e68389.jpg,Brown/ Green,,SPORTING_GOODS,Shaker Bottle,ಪ್ಲಾಸ್ಟಿಕ್,,,
81AQnS1-K2L,2d/2df0d18c.jpg,Black,,SPORTING_GOODS,,,,,
91eN3qtPyaL,87/87a0f3e1.jpg,,,SPORTING_GOODS,Weightlifting Belt,,,,
91DBdE+XBNL,15/15cb21e7.jpg,നീല,,SPORTING_GOODS,Knee Support,നിയോപ്രീൻ,,,
51qiyvikcWL,f8/f8b93f08.jpg,Black & Orange,,SPORTING_GOODS,,,,,
6147K5ut8pL,13/13353b91.jpg,Negro + Azul,"Pump, Large Balance Stability",SPORTING_GOODS,,Plástico,,,
61KQJKF9kaL,38/38dd1868.jpg,,,SPORTING_GOODS,,,,,
A1XiuZY+3kL,aa/aa02b776.jpg,,,SPORTING_GOODS,10' x 7',Steel,100% Polyester,,
41HCRW31bqL,83/83fac4a2.jpg,,,SPORTING_GOODS,Yoga Mat and Foam Roller,,,,
61pgJEva5uL,a0/a0063c8d.jpg,,,SPORTING_GOODS,,,,,
51RDnqrVstL,7c/7c7b201f.jpg,vert,,SPORTING_GOODS,,,,,
41215NND90L,f6/f62d29c2.jpg,Tan,,SPORTING_GOODS,,布料,聚酯纤维,,
61rlpN8sorL,d4/d443fd4b.jpg,Noir/Rouge,,SPORTING_GOODS,,,,,
81ZJSxelIIL,9f/9f27ccc0.jpg,Cereza,,SPORTING_GOODS,,,,,
91U8X+YbymL,22/229686c2.jpg,,,SPORTING_GOODS,,,,,
81Hd+JNqvKL,14/14c09731.jpg,Rojo,,SPORTING_GOODS,,,,,
71oSoLPpYDL,e6/e6f0e7f3.jpg,Yellow,,SPORTING_GOODS,1-Pack,,,,
51QuHizZObL,e9/e9b2623f.jpg,navy,,SPORTING_GOODS,Standaard,,,,
512ZTIJ-D0L,ee/ee5b6ce5.jpg,Navy#1,,SPORTING_GOODS,,,,,
81FIXfxpqAL,ff/ff89d331.jpg,Pink,,SPORTING_GOODS,1-Pack,,,,
71yrIspW52L,c2/c2831c7b.jpg,,,SPORTING_GOODS,,,,,
71McS0brwlL,0b/0b11c8ec.jpg,,,SPORTING_GOODS,,,,,
71N6osECbfL,a4/a4193aa4.jpg,Negro,,SPORTING_GOODS,2 cm (13.6 kg - 27.2 kg),,,,
81mCqy82VuL,87/872b48d2.jpg,,,SPORTING_GOODS,Bois,,,,
81b5YbQqwpL,13/13e75d6c.jpg,Navy,,SPORTING_GOODS,,,,,
7114Ax28KjL,c5/c5fb4aed.jpg,,,SPORTING_GOODS,60lb,,,,
71o5amSsg9L,c8/c84ec2d1.jpg,Rosa,,SPORTING_GOODS,TPE,,,,
61TVU56PatL,a6/a668fe2d.jpg,Grigio + bianco,,SPORTING_GOODS,,,,,
81E7NEb-MPL,f0/f0da4c86.jpg,,,SPORTING_GOODS,,,,,
81vvoYfzEeL,f4/f4d1d015.jpg,,,SPORTING_GOODS,,,,,
51kui+JX-fL,52/52993e38.jpg,,,SPORTING_GOODS,,,,,
81O6ruPuNrL,4b/4b06f26b.jpg,Blu,,SPORTING_GOODS,,,,,
61rVwc6nZ+L,5c/5c3c52ab.jpg,,,SPORTING_GOODS,,,,,
61IrL2BLZDL,9b/9b589dc3.jpg,Green,,SPORTING_GOODS,,,,,
91fNseroRML,9e/9ee1d7d9.jpg,rood,,SPORTING_GOODS,,,,,
71v-Y0lab2L,6a/6a627c35.jpg,Negro,Lady Draven,SPORTING_GOODS,Draven para mujer,,Shell:100% Polyester,,
81DLNNQVG0L,c3/c31822ca.jpg,,,SPORTING_GOODS,,,,,
A1F0yRyMb9L,d3/d3c4475c.jpg,,,SPORTING_GOODS,,,,,
71iM5rsuWaL,22/2233f049.jpg,,,SPORTING_GOODS,,,,,
71vKae7IfgL,a5/a5fdea24.jpg,red,,SPORTING_GOODS,Gymnastics Parallel Bars,,,,
51d25Ke6zqL,a4/a4c03b7d.jpg,noir et orange,,SPORTING_GOODS,,,,,
81DNxprC0HL,07/0732b6e5.jpg,,"Game, Toddler Toys Height Adjustable Hoop Shooting",SPORTING_GOODS,,Nylon,,,
81K4WoxDDXL,1a/1a542a2d.jpg,Navy,,SPORTING_GOODS,,布料,聚酯纤维,,
71bSrVu6PKL,e8/e8bfdd69.jpg,,,SPORTING_GOODS,25lb,,,,
812KSWE-iOL,f4/f45e5a17.jpg,4kgx 2,,SPORTING_GOODS,,,,,
41eZ66LrM3L,c3/c318809f.jpg,,,SPORTING_GOODS,,,,,
91ixIGyx5-L,f1/f1e4d980.jpg,blanco (Walnut/White),,TABLE,Consola multimedia,,,,
711HTVF1eJL,1c/1c4fbdd8.jpg,Black Oak,AmazonBasics Classic Wood Nightstand End Table with Cabinet - Black Oak,TABLE,经典,MDF,,,Rectangle
51OntAlUXSL,49/49c48a11.jpg,白色,,TABLE,Mesa de consola,松木,,,Rectangle
71sdAJUhiaL,9d/9dcf1581.jpg,,,TABLE,,,,,
81IfJJCt0HL,44/44de976e.jpg,Roble rústico,,TABLE,Mesa lateral,Pino,,,
91I7EfLhH7L,c4/c4718439.jpg,브라운,,TABLE,KITCHEN CART,灰石色,,,
81r--mZbWBL,81/8164e74d.jpg,White,,TABLE,,木头,,,
818UVErG7ML,ac/ac085a36.jpg,Light Oak,TB07-0202-012-SG-A04,TABLE,,木头,,,
81O2ppTqySL,72/72760d6a.jpg,베이지,,TABLE,,木头,,,Round
81M2-OGhmrL,07/071265e6.jpg,Metal natural/negro.,,TABLE,,Metal,,,
71zk0y1UtCL,02/023d3daf.jpg,,,TABLE,咖啡桌,,,,
81L5KaK5jyL,3b/3b26881a.jpg,,,TABLE,侧桌,木头,,,
91xy6+YnpoL,92/9297edbd.jpg,Brown,,TABLE,,Wood,,,Square
718-dqxZQFL,2e/2ebdc303.jpg,Oak,,TABLE,Beside Table,Wood,,,Rectangular
516OHgI0KpL,0d/0d8462eb.jpg,Roble Salvaje,,TABLE,Moderno,Madera,,,Cuadrado
61dzbzxxxnL,9e/9e4e29cc.jpg,שחור,,TABLE,Traditional,Pine,,,
611ql34CN9L,09/09a87bfb.jpg,Dark Espresso 咖啡色,,TABLE,咖啡桌,木头,,,Round
415V12G2C7L,10/10c291fe.jpg,Brown,,TABLE,,teak,,,
816CKcG6K0L,07/07661644.jpg,Negro,,TABLE,,Metal,,,
514cT3AiVeL,90/906c149b.jpg,Natuurlijk,,TABLE,modern,Eiche,,,Rechteckig
81jCZbCpUdL,91/918aaa6c.jpg,Marrón,,TABLE,Coffee Table,Metal,,,Square
81rx9EO5vUL,7e/7e7d1fb7.jpg,Oak,,TABLE,Contemporary,Holz,,,Rechteckig
51AhoRcSF6L,c9/c9998f12.jpg,,,TABLE,,,,,
61HwRZSWiFL,b9/b90279e8.jpg,White,,TABLE,,Engineered Wood,,,Rectangle
810Qp2imSCL,42/42fc49aa.jpg,भूरा,,TABLE,कंटेंपरेरी,Engineered Wood,,,Rectanglular
81fQ+TfKRKL,a5/a5d30228.jpg,Marrón,,TABLE,,Piedra,,,Rectangle
710kc30J8nL,32/3275e1e9.jpg,Natural/Metal,,TABLE,Coffee Table,,,,
91JC5v6duBL,9c/9cea1663.jpg,베이지,,TABLE,,金属,,,
71BSB+EXc+L,53/537b56f1.jpg,,,TABLE,,,,,
615QXuUx53L,dc/dc039c64.jpg,Olio Bianco,,TABLE,Moderno,Quercia Selvatica e metallo,,,
61bJRYvp-XL,b4/b420a881.jpg,Negro Y Efecto Hormigón,,TABLE,Mesa de centro,Madera,,,
71cKl3AXAKL,65/6511c5ed.jpg,Walnut,,TABLE,,Metal,,,
51Sm09-UOUL,50/509e7491.jpg,Core Beech,,TABLE,Modern,Beech,,,Square
81Ui8ADmFuL,7b/7b9acaa2.jpg,브라운,,TABLE,산업,木头,,,
71MyuSlZ6jL,4c/4ca00e84.jpg,Light Oak,WAV-LAM590,TABLE,Contemporary,Oak,,,Rectangle
51P5THDFRGL,95/9559aaa9.jpg,,,TABLE,,Stainless Steel,,,
61X9kECM7RL,fc/fc4b0af6.jpg,白色,,TABLE,传统,松木,,,Square
616REEFUY8L,5f/5ff33f16.jpg,Wellington eiken,,TABLE,Salontafel,Holz,,,
71aSB217vhL,8b/8b0fb2b8.jpg,Negro,,TABLE,Mesa lateral pequeña,ורוד אחיד,,,
91RuARNJmpL,b6/b60306cb.jpg,بني,,TABLE,,Metal; Wood,,,Round
71cdMQWJEvL,32/327b105a.jpg,,,TABLE,0,金属,,,Round
51jsJrbx+KL,40/4004fab9.jpg,Sonoma eiken/alpinewit,,TABLE,Salontafel,,,,Rechteckig
61VHsT-k-QL,c0/c07cd0f8.jpg,Vidrio Templado,,TABLE,Mesa de Centro,Vidrio,,,
71SghOmlHxL,5e/5e1658c4.jpg,Core Beech,,TABLE,Modern,Beech,,,Rectangular
71W+++pCwJL,f2/f2a5936a.jpg,Granito blanco,,TABLE,Mesa plegable ajustable.,Plástico,Plástico,,
71kQgMdfAGL,46/466ca89b.jpg,Grey Top/Black Edge,,TABLE,Common Board,,,,
71IfMPg-ZuL,18/187bc7ab.jpg,Natur/Messing,,TABLE,Konsole,Stein,,,
91vzLr7nHNL,a2/a282f781.jpg,브라운,,TABLE,,Madera de olmo,,,Hexagon
71sXsJ999IL,06/06b150a1.jpg,Wild Oak,,TABLE,Modern,Oak,,,
71n9ubVLy9L,76/7601ab2b.jpg,Dark Espresso,,TABLE,Mesa redonda de café,ורוד אחיד,,,Round
812Uj0ypleL,a0/a07edd80.jpg,브라운,,TABLE,,木头,,,Round
71y-1HhNmtL,1d/1d6d859e.jpg,Marrón,D-0068BR,TABLE,Mesa para café,MDF,,,Rectangle
51AI81a7mBL,cd/cd58bd6c.jpg,Vit hög glans,,TABLE,Skärmskåp med två dörrar,,,,
719yrMyqs0L,d0/d07bc35f.jpg,,,TABLE,,,,,
613nDGLaHQL,0a/0a9f8459.jpg,Negro Con Superficie Efecto Hormigón,,TABLE,Mesa de Comedor,,,,
81o-wNojdWL,26/266ea3ef.jpg,బ్రౌన్,,TABLE,మోడెర్న్,Engineered Wood,,,Rectanglular
61kI4VJDXbL,85/85925465.jpg,bruin,,TABLE,Salontafel,Glas,,,Rund
71mc-Q7so-L,10/10ab9781.jpg,,,TABLE,,,,,
61RDahQ7ngL,36/3619f997.jpg,Dark Espresso 咖啡色,,TABLE,Mesa lateral pequeña,松木,,,
A1feWz0ECxL,ab/ab4287a8.jpg,Coffee,,TABLE,Tina,,,,
710t-Lu4GuL,72/72c21465.jpg,Cinder Gray,Armant,TABLE,Modern farm_House,Metal,不適用,,Round
61AWInpt5LL,8e/8e91fae7.jpg,Naturligt,,TABLE,,Rotting,,,
81zP0fnB91L,30/30ff08c0.jpg,Natural,,TABLE,,Stone,,,
91GbxQU8yiL,35/35a9d798.jpg,തവിട്ട്,,TABLE,സമകാലികം,Engineered Wood,,,Rectanglular
91v0n0dyV9L,d6/d6954826.jpg,브라운,,TABLE,veladora,Metall; Holz,,,Square
81RsK1XgfZL,64/64e18712.jpg,Oak Sonoma/Alpine White,,TABLE,Shelf,,,,
71oN-84Ms2L,61/61d7a2ac.jpg,Negro,,TABLE,Mesa redonda de café,木头,,,Round
51glj7U0BOL,5e/5e09e123.jpg,White,,TABLE,Oval Coffee Table,Wood,,,Oval
91CXV+Yej7L,56/561dbf9b.jpg,limestone gray,Kensington,TABLE,,,,,
5122qm3vArL,3e/3e9eb178.jpg,White,,TABLE,Modern,"Poplar, MDF",,,Round
611QHSK46hL,64/64a21541.jpg,Marrón,,TABLE,Mesa de Centro,Vidrio,,,Redonda
71bLf-pRNRL,2d/2d8ddc95.jpg,Light Cream,,TABLE,,,,,
91HkKIAcG8L,6a/6a16a7f8.jpg,Natural,,TABLE,,Madera,,,
61nV5+BC6lL,2c/2c21f873.jpg,,,TABLE,,,,,
41KZ-xU4roL,6e/6ea86942.jpg,Dark Wenge,,TABLE,,,,,
81Zlwu41c6L,8c/8c91fb33.jpg,Negro,,TABLE,عصري,Metal,,,
71ARtDOE2UL,6a/6adc8883.jpg,Natural,,TABLE,,Metal,,,
7163LPKZWWL,3a/3a56cce9.jpg,Hnědá,,TABLE,Side table,"MDF, Metall",,,Rechteckig
31W9crSxAML,17/1763728a.jpg,,,TABLE,,Engineered Wood,,,
61P1ByA8LvL,68/680feaba.jpg,블랙,,TABLE,传统,松木,,,
71btre9TsiL,21/21b90013.jpg,Antique Gray,,TABLE,Coffee Table,Wood,,,
91O0kHaosnL,74/74514ad9.jpg,Brown,2L Lifestyle Newport Square Pub Table,TABLE,Contemporáneo,Madera,Na,,Cuadrado
61LFixTTRcL,ed/ed2eb691.jpg,Wild Oak,,TABLE,Modern,Oak,,,
71UKZAnPKaL,97/97d2366d.jpg,Gris,,TABLE,Mesa de Centro,Vidrio,,,Redonda
514JT4a0eOL,02/0248bd90.jpg,Alpine White,,TABLE,Bedside Table (Set of 2),silver,,,
81fE8L0uhjL,84/8497b5b3.jpg,Wenge,,TABLE,Contemporary,Engineered Wood,,,Rectanglular
71t40cw8+TL,12/127dae7d.jpg,白色,,TABLE,Mesa de consola,木头,,,
71gyAeZy8+L,26/26127436.jpg,,,TABLE,,,,,
619YTiZSHnL,ad/adc86892.jpg,Madera de Haya,,TABLE,Moderno,Madera de ingeniería,,,Triangular
81qCOOPGAxL,dd/dd715f60.jpg,베이지,,TABLE,0,木头,,,Round
51ApMEvaiOL,bc/bc81f5a9.jpg,Wild Oak,,TABLE,Modern,Oak,,,
71n1NHUCUXL,8c/8cad5fe3.jpg,,,TABLE,,,,,
61FTXN3u+DL,9f/9f178775.jpg,Core Beech,,TABLE,Modern,Beech,,,
31wBeaL487L,17/17b54316.jpg,Brown,,TABLE,,硬木,,,
61FRv0pWwqL,1b/1b99e8aa.jpg,White,,TABLE,,,,,
91s-JrWQSBL,a7/a774f64b.jpg,బ్రౌన్,,TABLE,సమకాలీన,Engineered Wood,,,Rectanglular
81gWJDUckJL,82/82c64660.jpg,నలుపు,,TABLE,సమకాలీన,Engineered Wood,,,Rectanglular
81OHzctN-uL,8f/8f213524.jpg,,,TABLE,,,,,
7168d1dHtIL,ce/ce7cbe4e.jpg,Others,,TABLE,,,,,
61o-kxt7gxL,2a/2a5bde8a.jpg,Dark Brown,,TABLE,,Resin,,,
71ESOTSKEiL,f6/f668bf3d.jpg,Gris-verde,,TABLE,Estante de Televisión,,,,
81NURB9RM+L,e0/e0fdcc88.jpg,Walnut Brown,TV Stand,TABLE,"42"" Highboy TV Stand",wood,,,Rectangle
51MgXcKz8NL,f9/f963d345.jpg,하얀색,,TABLE,Mesa de comedor pequeña,松木,,,Square
71a07FoLRvL,b8/b8939e0b.jpg,Marble Top,,TABLE,,Faux Marble Top,,,Round
71FgwDSKYbL,6a/6af687d0.jpg,Blue,,TABLE,Rubberwood Furniture,,,,
71W2oeGAnWL,9f/9ff924d1.jpg,,,TABLE,Hedendaagse,,,,Vierkant
61v8jRKCOhL,f8/f89ff3ff.jpg,Dark Espresso 咖啡色,,TABLE,咖啡桌,木头,,,
61uwc0jnAeL,36/3628d323.jpg,Finitura Olio Naturale,,TABLE,Gambe ad A,Quercia,,,
71frStW-WxL,8c/8cbd302c.jpg,,,TABLE,,铸铝,,,Rectangle
71GH71kUcgL,06/06688d8f.jpg,Khaki/Brown,,TABLE,,Polyester,,,
61LgxujFuOL,e0/e0f6cb9c.jpg,그레이,,TABLE,咖啡桌,木头,,,
71Phx53xMcL,7e/7ea0fa62.jpg,أحمر (Dark Cherry),,TABLE,Mesa de consola,Madera,,,Rectangle
71+3GO7fFCL,f5/f5296eb0.jpg,棕色,,TABLE,,硬木,,,Rectangle
31bX+IZG+gL,ea/ea30c659.jpg,Kona,,TABLE,,Madera,,,
711LlPpfdJL,2c/2cc94fcf.jpg,,,TABLE,,Wood,,,
61TKiTEwoIL,d6/d6ad3e83.jpg,Walnut Veneer,,TABLE,Modern,"MDF with walnut veneer, brown tempered glass, powder coated metal",,,
41VHV5S327L,6b/6b0abcb0.jpg,,,TABLE,,铝,,,
61SHHSQF4gL,b7/b7cf0904.jpg,Black,Franklin,TABLE,Coffee Table,Engineered Wood,,,
91Y2++SuPzL,1d/1d5ed1c4.jpg,బ్రౌన్,,TABLE,సమకాలీన,Engineered Wood,,,Rectanglular
81kGdCge1mL,84/84bbe4b8.jpg,Brown,,TABLE,,Wood,,,
81FWoF-lhBL,1a/1afb9162.jpg,ನೈಸರ್ಗಿಕ,,TABLE,ಕಂಟ್ರಿ ರಸ್ಟಿಕ್,ಕಟ್ಟಿಗೆ,,Modern,Square
416OnkU3QgL,14/14f32b3d.jpg,Grey,,TABLE,Coffee Table,Particle board and MDF,,,Rectangular
71PelY0rV-L,ca/cad77c2c.jpg,,,TABLE,,Piedra,,,
41WVSQTMNDL,6f/6ff838e7.jpg,,,TABLE,,Teak,,,Rectangle
51kEdx-nbYL,9a/9aa68124.jpg,Walnut Veneer,,TABLE,Modern,"MDF with walnut veneer, powder coated metal",,,
91inh1mXkNL,f9/f9919759.jpg,브라운,,TABLE,Mesa redonda de café,木头,,,Round
71IZpFp8UUL,ab/ab41c373.jpg,"Nature Wood Color, Black Metal",,TABLE,Side Table,Wood,,,Round
71ohRuZwsJL,87/87ea26f1.jpg,Azul,,TABLE,Mesa de consola,Bambú,,,Rectangle
61LsQNbrPOL,aa/aaba0e4d.jpg,,,TABLE,,,,,
71Vm3z-SQhL,32/32cd9937.jpg,Walnut,,TABLE,Modern,"MDF with walnut veneer,beech solid wood",,,Round
71wIIX0tLaL,41/4128dac1.jpg,blanco (Walnut/White),,TABLE,Mesa para café,Engineered Wood,,,
61nghWpD0iL,81/81a41080.jpg,Merlot,,TABLE,,,,,
81jlz8-yX7L,1d/1dbbe9cc.jpg,antique zinc- finished,,TABLE,,Aluminium,,,Round
81Y2Mfa1ZrL,31/314ba0c5.jpg,,,TABLE,工业用,灰石色,,,Round
91gN8GiP-RL,ca/caf56517.jpg,브라운,,TABLE,Mesa consola de almacenamiento,金属,,,Rectangle
71ORnyR-T0L,fe/fe012aca.jpg,Brown Oak,Concord Turntable Stand,TABLE,Turntable Stand,laminated particleboard::laminated MDF and particleboard,不適用,,Rectangular
81isy+Z6wwL,df/df9a475c.jpg,브라운,,TABLE,"Mesa extensible de 1,98 a 2,48 m (78 a 98 pulgadas)",木头,,,
81jhu5o4KiL,8f/8f8ceee9.jpg,Acabado Con Efecto de Roble,,TABLE,Mesa de Centro,Madera,,,
61zqhPQiugL,64/645c9efd.jpg,Blanco Con Acabado Brillante,,TABLE,Moderno,Madera,,,
81vTPMI+hUL,92/9225065b.jpg,Acacia Dark,,TABLE,Contemporary,Engineered Wood,,,Rectanglular
71SCUIro63L,08/08ba5f08.jpg,,,TABLE,,,,,
81y6qHYBwpL,dd/dd529a67.jpg,,,TABLE,,,,,
81FqGw27sdL,bd/bdd1f5e1.jpg,തവിട്ട്,,TABLE,സമകാലികം,Engineered Wood,,,Rectanglular
71yhuC1RurL,e9/e9749e85.jpg,松木色,,TABLE,乡村风,松木,,,Rectangle
81FD7F9kDpL,86/86905ec9.jpg,White High Gloss and Mat With Elemnts of Oak Wotan and Timber,,TABLE,2 door,Wood,,,
811UmkIn6SL,91/91d88b57.jpg,Brown,,TABLE,0,木头,,,
71mtwtGs3aL,79/79bf3ee0.jpg,Zwart,,TABLE,,,,,
61RdxhEELNL,99/9993cb98.jpg,Olio Naturale,,TABLE,Moderno,Quercia Selvatica e metallo,,,
81McQ0G1E0L,98/98b06635.jpg,Espresso,,TABLE,Traditional,Wood,,,
61WeFBD0ECL,1a/1a955863.jpg,,,TABLE,,,,,
81LG01ZQaBL,18/18e9d84d.jpg,Espresso 咖啡色,,TABLE,,,,,
71NRDJw+UdL,d3/d328eff2.jpg,Revestimiento En Color Nogal,,TABLE,Moderno,,,,
41OgBzrDIdL,c3/c3601ec4.jpg,,,TABLE,,Mahagoni,,,Rectangle
81S0Ros8C-L,fe/fed72588.jpg,Black & Natural,,TABLE,Coffee Table,Madera,,,
51dqedi3xjL,af/af8a4df6.jpg,Walnut Veneer,,TABLE,Modern,"MDF with walnut veneer, powder coated metal",,,
51w5ikJMWvL,96/96e9570c.jpg,Dark Espresso 咖啡色,,TABLE,Mesa de consola,松木,,,
71SY+uYq5CL,ab/ab7bd5bb.jpg,大理石,,TABLE,,Sperrholz; gehärtetes Glas; Metallrahmen,,,Round
51YDYx+lWaL,f0/f082f960.jpg,Roble Wotan/Blanco Alpino,,TABLE,Mesa de Comedor 160cm,Metal,,,
81c8phsMSsL,45/45e3630e.jpg,modern gray,Laurel,TABLE,,,,,
31VdXoDJZXL,a1/a15c59c2.jpg,Kona,,TABLE,,,,,
81Pzw26WchL,5b/5bde5e5c.jpg,,,TABLE,Coffee Table,,,,
71J6YubMboL,ae/ae722aeb.jpg,Cnbsb-32,,TABLE,Contemporary,Aluminium,,,quadratisch
81VcRw9i8JL,c1/c1e78aa8.jpg,골드,,TABLE,Mesa de consola,灰石色,,,
81D9J5xr4yL,09/0992c574.jpg,브라운,,TABLE,咖啡桌,木头,,,
413kmyQFt8L,fe/fe6ac660.jpg,White High Gloss,,TABLE,Coffee Table,silver,,,Rectangular
812jH5FmXkL,e2/e2a0b4cd.jpg,브라운,,TABLE,0,灰石色,,,Rectangle
81Z9Xn8xiqL,47/47ab876f.jpg,Charcoal,,TABLE,,,,,
91vjwcAPgwL,46/46b9917f.jpg,브라운,,TABLE,veladora,木头,,,Square
81t8bLEIjJL,ff/ff519006.jpg,브라운,,TABLE,,灰石色,,,Rectangle
71dit3czsyL,11/11cba55d.jpg,Brown,,TABLE,Coffee Table,Wood,,,
611NU-2SHfL,34/34ba0ec6.jpg,Blanc,,TABLE,Table basse,Bois,,,
61+2Q5CDxBL,84/84ba1a1b.jpg,חום,,TABLE,0,木头,,,
61xcFIcydLL,8b/8bac509a.jpg,Roble Canyon,,TABLE,Mesa de Centro,,,,
81R2R61WNzL,e9/e978e4d3.jpg,שחור,,TABLE,,金属,,,
716x3Zj2A-L,04/04350320.jpg,,,TABLE,,,,,
71k-AbRLv3L,0b/0b62ba13.jpg,Acacia Dark,,TABLE,Contemporary,Engineered Wood,,,Rectanglular
71mGQeYRRSL,40/4043d638.jpg,Quercia Selvatica,,TABLE,Moderno,Quercia,,,
71EMU+cVSvL,41/410dc340.jpg,Black/Grey,,TABLE,Lift-Top Coffee Table With Lower Shelf,Wood,,,Rectangular
71muh63tMbL,df/df8735c3.jpg,Brown,,TABLE,,Aluminum/ Steel,,,
81Xh+yZvD1L,d9/d93b23d1.jpg,브라운,,TABLE,Orgánico moderno.,金属,,,sector
713k4BwPlXL,81/8199833a.jpg,Beige,,TABLE,Traditional,Wood,,,Rectanglular
9107basbEyL,40/4046fb70.jpg,חום,,TABLE,,木头,,,Square
81m-qwaKN0L,ba/ba2e7dae.jpg,Nuez/ carbón,,TABLE,Orgánico moderno.,Metal,,,
71omfN+tJ9L,76/7653d24c.jpg,Blanco,,TABLE,Mesa de Centro,Vidrio,,,Cuadrado
81zeREM9WSL,03/0363d682.jpg,Grey,,TABLE,Contemporary,Wood,,,Rectangular
71TzYo+1koL,be/be4f71bf.jpg,שחור,,TABLE,Mesa de consola,خشب,,,Rectangle
81TMR7a1JqL,fb/fb84e360.jpg,브라운,Larson,TABLE,Moderna casa de campo.,木头,,,Rectangle
71YPExkoZoL,d9/d98ac804.jpg,Grey/Raw Metal,,TABLE,Console,Metal,,,
81vj3XjSH0S,50/50743806.jpg,Brown,,TABLE,,eucalyptus,,,Rectangular
61Q6LzXWyxL,49/499621bc.jpg,White,,TABLE,Beside Table,Wood,,,Rectangular
71zg7RoCWVL,f7/f7944475.jpg,Rustic Brown,ULET23X,TABLE,"moderne Farm, Haus","Spanplatte, Eisen",,,Viereck
71mQFutbMVL,bd/bdf4d0d1.jpg,,,TABLE,,,,,
71AOVm4pBbL,43/4393f64f.jpg,Wild Oak & Stainless Steel,,TABLE,Modern,Wild Oak & Stainless Steel,,,
61fLSXrMsQL,f2/f20024e0.jpg,,,TABLE,,,,,
61KNzt2PjZL,6e/6e6a51c0.jpg,Core Beech,,TABLE,Modern,Beech,,,
71of+XlZ6KL,88/88e4399f.jpg,Turquesa,,TABLE,Armario con 2-puertas,,,,
61UVtYztO7L,fa/fa94b5b6.jpg,Blanc Brillant,,TABLE,Table de chevet,Bois d'ingénierie,,,
81bQFvAjX-L,6a/6a280928.jpg,블루,,TABLE,三叶草图案,陶瓷,,,
71Syy4v1P8L,4b/4b1819fe.jpg,Marble,,TABLE,,Metal,,,Rectangle
61lcFpUFuLL,59/59baf729.jpg,wit,,TABLE,Salontafel,Glas,,,Rund
419umXUzaaL,74/747b8bac.jpg,Dark Brown Merbau,,TABLE,,Madera,,,
71P1MPnwsSL,98/9816a1a1.jpg,Brown,,TABLE,Beside Table,Wood,,,
81U71USFniL,e8/e8c6eecc.jpg,네이비,,TABLE,Diseño marroquí,陶瓷,,,
61YSQVyIXUL,3f/3fce6735.jpg,Blanc,,TABLE,Table basse,Verre,,,Ronde
812IuVJN3zL,9e/9e6c695c.jpg,天然,,TABLE,过渡,木头,,,Rectangle
5159VLeHrvL,6f/6f089bcf.jpg,Honey Pine,,TABLE,Mesa de consola,松木,,,Semicircle
71QsaoK4Y4L,15/156270c1.jpg,Roble rústico,,TABLE,Mesa de consola,Pino,,,
A1WVPY+WkdL,62/625af822.jpg,,,TABLE,咖啡桌,,,,
81xrZgsR2qL,7c/7c189cb7.jpg,Wit.,,TABLE,Bed,,,,
810vThOGV3L,ea/ea19a9f5.jpg,Pine,,TABLE,2 Drawer Console Table,Pine,,,Rectangle
61v8uQNw2eL,f5/f515c8b9.jpg,,,TABLE,,,,,
81Ms-1MFv0L,f5/f5a6348a.jpg,Green,,TABLE,,,,,
71dC4k21CnL,66/66e43bc6.jpg,오프 화이트,,TABLE,Diseño de Damasco,陶瓷,,,
61DyQzfXmoL,d0/d05a7a58.jpg,Marrón,D-0218,TABLE,Mesa de comedor grande,Pino,,,Rectangle
618o-2Htb1L,dd/dd2648c7.jpg,Black,,TABLE,Moderno,,,,
71xgqOmnjnL,e3/e3043f87.jpg,브라운,,TABLE,现代,金属,,,
51WnzWJJUFL,c0/c0e0095b.jpg,Natuurlijk,,TABLE,modern,Eiche,,,
71mouL4ji0L,a2/a2785ca5.jpg,白橡木,,TABLE,,오크,,,Square
71QV013++8L,d9/d93a695c.jpg,Black,,TABLE,Modern,"Birch, MDF",,,Rectangular
71fUz1TUjEL,46/46f5e7b9.jpg,Blanco Y Efecto Hormigón,,TABLE,Mesa alta,Madera,,,
81bep1-wvuL,11/11533c44.jpg,Walnut/Black,,TABLE,Side Table,,,,round
91JFDiTc2aL,e0/e0c3558b.jpg,Natural/Golden,,TABLE,Transitional,Madera,,,
61L8cLxPBjS,e1/e1eeaf84.jpg,Cosmo,,TABLE,,Vidrio,,,Square
51W4Z29525L,75/7526aaa5.jpg,,,TABLE,,柚木,,,
71pdRgOcS5L,f3/f3d505ce.jpg,Natur/Messing,,TABLE,Kaffeetisch,Stein,,,
81Tj4JaNvvL,31/31c513f5.jpg,ಮಹಾಗನಿ (mahogany),,TABLE,ಕಂಟೆಂಪೋರರಿ,Engineered Wood^Particle Board,,,Rectanglular
91lnkmjU2BL,e5/e5fa4b17.jpg,棕色,,TABLE,Mesa lateral,Madera,,,
71NoxbV4QLL,f8/f87e8715.jpg,zwart,,TABLE,Salontafel,Glas,,,Quadratisch
71zv4RyVQUL,a2/a285832d.jpg,Gris/Metal crudo.,,TABLE,咖啡桌,金属,,,
711TDZPKlcL,3b/3b8712f5.jpg,Black,,TABLE,Table de chevet,"marbre noir, verre et métal",,,Ronde
718D75wPl4L,f7/f706efc1.jpg,,,TABLE,,,,,
91bncvlc4JL,10/1099bf2d.jpg,gris,,TABLE,,,,,
815XDQg7G2L,9e/9ef0d076.jpg,深棕色,,TABLE,侧桌,木头,,,Rectangle
71PW+YYPe7L,1f/1f13acaf.jpg,Sanremo Eiche,,TABLE,Nachttisch,,,,
81-9pnZhW4L,6f/6f1d2c03.jpg,Brown,,TABLE,4 Seater Dining Set,Pine,,,Rectangle
61a9tZlHbLL,ef/ef6375c5.jpg,Blanco,,TABLE,Mesa de Centro,Vidrio,,,Redonda
812uwtIdeVL,37/379f95e3.jpg,브라운,,TABLE,,硬木,,,Rectangle
810yItrfl1L,f1/f101a238.jpg,Dark brown stain,,TABLE,,木头,,,
61nDVmabmqL,1a/1a5036fb.jpg,Wildeiche,,TABLE,,Wildeiche und Metall,,,
91xr0W3QMIL,80/803f6782.jpg,Brown,,TABLE,,,,,
71fyi6LxrlL,a1/a12549bb.jpg,Wild Oak,,TABLE,Modern,Oak,,,
81ijhxJVZ8L,8f/8fa91926.jpg,Fall,,TABLE,Tradizionale,Acrilico,,,
91mCFaWA3YL,a5/a541cc11.jpg,بني,Shelburne Accent Console Table,TABLE,意大利语,木头,,,
714D9BDsuLL,3b/3ba556b6.jpg,Black,,TABLE,,Glass,,,Round
71DjN3roWxL,16/16460a44.jpg,Cœur de Hêtre,,TABLE,Moderne,Hêtre,,,Carré
91WEdmzCWCL,5c/5c237c07.jpg,棕色,,TABLE,veladora,Wood; Metal drawer pull and base,,,
71IGUzMVZyL,5e/5ef5f61d.jpg,,,TABLE,Modern,,,,
51V7BF13YRL,25/2554d698.jpg,,,TABLE,,,,,Round
81ZxHSYhUrL,cc/ccda011e.jpg,,,TABLE,咖啡桌,木头,,,
81p+5KFAkIL,bf/bf0c9fd1.jpg,Mahogany Finish,,TABLE,Contemporary,Sheesham Wood,,,Rectanglular
71BBree9KZL,16/16d97c02.jpg,Blanco rústico,,TABLE,咖啡桌,松木,,,
51u85ch9hVL,7d/7dbb8218.jpg,Přírodní,,TABLE,modern,Eiche,,,
71-SOkXuw5L,51/514db752.jpg,,,TABLE,,,,,
81krtzn3XtL,83/83b9fecc.jpg,أسود/طبيعى,,TABLE,Mesa lateral,خشب,,,
61z3XFLGDDL,8b/8b095d74.jpg,Roble Y Blanco,,TABLE,Juego de mesa de comedor con dos bancos,,,,
41M02CFR7GL,47/478b415c.jpg,,,TABLE,,铝,,,Round
61zY3d7imeL,2a/2a656a21.jpg,,,TABLE,,,,,
61FJlhNhV4L,fd/fd5be58b.jpg,블랙,,TABLE,桌子,松木,,,
71inQwWCe4L,4c/4c66ea1a.jpg,Core Beech,,TABLE,Modern,Beech,,,
91p+fHWsG2L,e3/e3cd2c6b.jpg,Oak,Table,TABLE,Lift top table,Wood,,,Rectangle
71grF1D6cUL,20/200aef3e.jpg,,,TABLE,,Aluminum/ Steel,,,Rectangle
5197IortC1L,42/42809fb9.jpg,Granito blanco,,TABLE,mesa plegable,Plástico,Plástico,,
81FWDw1wC2L,cd/cded8c3e.jpg,Marron,,TABLE,Buffet,Bois,,,
71uWCrbHsGL,35/35b8196b.jpg,Black,,TABLE,,,,,
71-37dwEbiL,9a/9a6d23b1.jpg,Marron,,TABLE,Table de chevet,Legno,,,
813HwJ8mCNL,7f/7f64ab15.jpg,Oak,WT062902,TABLE,,Hardwood,Leather,,Square
71gNaLH6ujL,72/7290ed9e.jpg,Natural/ dorado,,TABLE,,Metal,,,
914xyzm4AJS,c5/c5997e21.jpg,,,TABLE,,Wicker,,,
91bYJZzB4yL,11/11fb64a5.jpg,砂岩色,,TABLE,侧桌,松木,,,Square
81sqHzQHX9L,01/01043c28.jpg,Wenge,,TABLE,Contemporary,Engineered Wood,,,Rectanglular
81zdBMbzKDL,bc/bc2613dd.jpg,Distressed Finish,,TABLE,,Wood,,,
91Jqfqe0LbL,0d/0df08b2a.jpg,Marrón,,TABLE,,Bronce,,,Round
815Mr-pGYoL,3f/3f8bc565.jpg,골드,,TABLE,咖啡桌,玻璃,,,Round
71rYJhm4VeL,ec/ec5fdb3f.jpg,Quercia Selvatica,,TABLE,Moderno,Quercia,,,
61P-dUT9dgL,ec/ec94ba78.jpg,White,,TABLE,Coffee table,Wood,,,Square
61ylo3WYo0L,5c/5cf670ae.jpg,,,TABLE,,,,,
91Aa-v3PCyL,92/923e896e.jpg,Ash,,TABLE,Side Table,Elm,,,
71Kc9bOmN0L,49/496e3ffc.jpg,深棕色,,TABLE,咖啡桌,木头,,,Rectangle
61h7uzQNRZL,4d/4d457079.jpg,브라운,,TABLE,Low Console Table,金属,,,Rectangle
81BMhK-W0zL,9e/9e535d9b.jpg,White+brass,,TABLE,,黄铜,,,Round
71raQKKCY6L,84/84aa002d.jpg,Natural/ Black Metal,,TABLE,,Metal,,,
81uSEIfTjuL,01/01163a26.jpg,חום,,TABLE,,Wood & Metal,,,
814gQY784GL,c1/c1ac4da1.jpg,그레이,,TABLE,侧桌,,,,
91Dpk+fiq3L,85/8530d731.jpg,Grey,,TABLE,Side Table,Madera,,,Hexagon
71YKYSYUzGL,5d/5d6bf1f8.jpg,브라운,,TABLE,산업,金属,,,Square
71fNHSGCiZL,bf/bf259fbf.jpg,Rojo/Azul/Verde,,TABLE,,Plástico,,,
51E05X8GheL,50/50668f0a.jpg,White,,TABLE,Lift-Top Coffee Table Without Lower Shelf,Wood,,,Rectangular
71snlyZaWML,db/db34bfb8.jpg,Grey,,TABLE,Beside Table,Wood,,,Rectangular
81OhLYweuAL,46/46ff8b4f.jpg,Naturel/Laiton.,,TABLE,Table d'appoint,,,,
618bG7LHrNL,cf/cfe8019c.jpg,,,TABLE,,,,,
81yomkoHubL,36/3617bd56.jpg,Antique Natural/Black,,TABLE,,Stone,,,
71VZ1kkMIvL,f5/f5aa8afa.jpg,,,TABLE,,,,,
71vH8Ecax0L,52/522cba61.jpg,Gray,,TABLE,Contemporary,Rattan,,,
71v4IL7cyVL,fe/fe30784b.jpg,Blanc,,TABLE,Table de chevet droite,Furniture board,,,
71gKjlAt6iL,44/441f83f4.jpg,Natural,,TABLE,,,,,
81XJvwmWjUL,3f/3fb4816b.jpg,白色,,TABLE,0,Hardwood Comprised Of 60% Reclaimed Fir Wood,,,Rectangle
711Zt8l8jWL,24/24630ef9.jpg,Grey top/Black edge,,TABLE,Rectangular,,,,Rectangular
71WDTeUW41L,f2/f26754b9.jpg,,,TABLE,,,,,
818LFcL0XBL,82/820d0cef.jpg,브라운,,TABLE,,木头,,,Round
51N1fSN9anL,91/919ec316.jpg,Dark Espresso 咖啡色,,TABLE,桌子,松木,,,Round
81+k64y+rPL,d0/d0aaa3e3.jpg,그레이,,TABLE,,不锈钢,,,Round
71ix86VVo8L,29/29c8d158.jpg,Grigio/Metallo Grezzo.,,TABLE,Tavolo d'appoggio,,,,
81JTDQkqqGL,29/29db874d.jpg,నలుపు,,TABLE,మోడెర్న్,Engineered Wood,,,Square
61bHM4SxktL,f9/f99157e1.jpg,Core Beech,,TABLE,Modern,Core beech and glass,,,
91TU7J9ZqUL,03/03f48018.jpg,베이지,,TABLE,,灰石色,,,
71+7aAJzx-L,9b/9b3aa342.jpg,Chêne Sauvage,,TABLE,Moderne,Chêne,,,Carré
61hye0zd5zL,0e/0ef8a8ca.jpg,diğer,Gurli,TABLE,Living Room Furniture,Glass,,,
51gx0nIqOFL,a3/a388ecf6.jpg,Wild Oak,,TABLE,Modern,Oak,,,
81EId7Pb0tL,81/81135652.jpg,Brown,,TABLE,table d'appoint,partie supérieure en orme massif et base en métal à revêtement par poudre noir,,,Ronde
812GlDb4GEL,d0/d01a0991.jpg,,,TABLE,,,,,
71trJgJtt9L,06/06252e31.jpg,Roble Canyon,,TABLE,Mesa de Comedor 180cm,,,,
513Ga0aerkL,7b/7bbeadbf.jpg,Honey Pine,,TABLE,桌子,松木,,,
51zuFJEKYmL,45/45bf685e.jpg,Walnut,,TABLE,Modern,"MDF with walnut veneer,beech solid wood",,,Triangle
81l-HBEC0ML,50/5020f827.jpg,베이지,,TABLE,,金属,,,Rectangle
81FysTZNWNL,62/62e0ac65.jpg,Natural,,TABLE,Small Coffee Table,,,,
81Zr9QvZzOL,db/dbcee7fc.jpg,브라운,,TABLE,Mesa auxiliar rectangular.,木头,,,
611f-0Sp8KL,fa/fa83ed4a.jpg,Blanco,,TABLE,Mesa para café,Madera,,,
91F65Wx0JVL,2f/2ff8da53.jpg,브라운,,TABLE,咖啡桌,木头,,,
81pVNth1v9L,53/53a28fe3.jpg,ಕಂದು,,TABLE,ಕಂಟೆಂಪೋರರಿ,Engineered Wood^Particle Board,,,Rectanglular
81hjEUW06rL,fb/fb96656c.jpg,Light Oak,TB07-0203-001-SG-A04,TABLE,,Wood,,,Square
71kbiEb75GL,c9/c976c487.jpg,Wild Oak,,TABLE,Modern,Oak,,,
