index,prediction,ground_truth
2,phone case,cellular phone case
3,,happy girls are the prettiest
4,elephant,elephant
5,take it easy,take it easy
10,,cellular phone case
11,y,y
12,giraffe,giraffe
14,black and white chevron pattern,chevron
17,,hello kitty
18,,motorola moto c plus
21,,cellular phone case
24,queen,queen
25,pink,pink
27,red,red
28,,multicolor
31,phone case,cellular phone case
39,phone case,cellular phone case
43,,cellular phone case
46,black girl magic,black girl magic
50,i love you,i love you
51,,gionee f9 plus
53,cancer,cancer
54,,phone case
58,the sun,sun
60,phone case,cellular phone case
65,stars,stars
68,never stop dreaming,dreaming
70,hello kitty,hello kitty
76,coffee cup,coffee cup
77,10,10
78,lion,lion
80,,heart
81,phone case,cellular phone case
83,,silicone
84,,silhouette of couple
88,,cellular phone case
89,,galaxy a5
95,pink,pink
96,,confetti
99,iphone 7 plus,iphone 7
100,,silicon
102,the phone case is in black,black
104,the moon,moon
106,,harley
107,,mug
110,a dog,dog
111,the lion,lion
112,,clear
113,i hate everyone,i hate everyone
116,,micromax canvas xpress 2 e313
119,,apna time ayega
120,,text
130,heart,hearts
144,phone case,cellular phone case
148,i am me and i want to change,i am me
152,pink,pink
153,super,super girl
154,watermelon,watermelon
162,,lavender
164,,plastic
166,,sweet sexy
170,x,x
171,,cellular phone case
174,heart,heart
176,,dads
180,panda,panda
181,,floral
185,a phone case,phone case
197,,happy girls are prettiest
198,pineapple,pineapple
199,,happy girls are the prettiest
202,j,j
203,,unicorns
206,red wood,wood
207,panda,panda
208,phone case,cellular phone case
212,wood,wood
214,,silicone
215,r,r
216,a house with balloons,house
217,,girl boss
219,panda,panda
220,,girl boss
221,phone case,cellular phone case
223,it is made of wood,wood
227,eiffel tower,eiffel tower
229,a squirrel,squirrel
230,plastic,plastic
232,red,red
235,,prince
238,queen,queen
239,phone case,cellular phone case
243,,queen
247,,rectangular
248,tribal,tribal
251,abstract,abstract
252,,girl boss
253,super girl,super girl
255,,lenovo vibe x3
257,cat,cat
259,,gionee a1
260,phone case,cellular phone case
262,w,w
263,,cellular phone case
264,peacock,peacock
265,,camouflage
266,russia,russia
272,,stone
273,no,no
276,black,black
277,a phone case,phone
278,,cellular phone case
280,,silicone
281,birds,birds
283,,heart
288,plastic,plastic
290,mobile phone case,phone case
292,pink,pink
294,,butterfly
296,a camera,camera
298,,lady dancing
300,space,space
305,girl boss,girl boss
306,,4
310,guitar,guitar
311,phone case,cellular phone case
312,,cellular
316,paris,paris
320,kiss,kiss
325,,prince
332,smiley face,smiley face
337,super girl,super girl
341,,vivo u20
346,panda,panda
348,,heart
351,,comic
352,peacock,peacock
354,it is made of silicone,silicone
355,,cellular phone case
356,,brown
357,,square
371,,silicon
372,panda,panda
375,the image is of a lake and mountains,lake
379,,y
381,,cellular phone case
386,,3
387,,flower
388,girl boss,girl boss
390,,flowers
395,it is a cactus plant,cactus
398,,iphone 4 4s
404,,flowers
405,the moon and the lake,moon
408,,plastic
409,blue,blue
414,love,love
417,wood,wood
425,red and white stripes,red
427,,siliconplastic
428,,full
429,phone case,cellular phone case
433,,pink
434,,plastic
436,black girl magic,black girl magic
437,plastic,plastic
439,love,love
444,the stars,stars
445,,van
452,love pink,love pink
457,a teddy bear,teddy bear
459,,polka dots
460,girl boss,girl boss
462,,silicone
464,lion,lion
467,black,black
469,phone case,cellular phone case
474,l,l
482,,heart
484,,silicon
485,the number 6,6
487,,cellular phone case
488,,happy girls are the prettiest
489,super,super girl
490,w,w
492,,silicone
493,4,4
496,phone case,cellular phone case
500,samsung,samsung
501,peacock,peacock
502,,dads girl and mommys world
504,a,rectangle
507,,silicon
511,,samsung galaxy j5 prime
512,hello kitty,hello kitty
514,a white dog,dog
518,yellow,yellow
519,,3
524,,couple in boat
530,,apnatime aaye aayaega
531,tribal,tribal
536,wood,wood
537,samsung galaxy a9,samsung
540,,heart
541,,peach
543,,plastic
546,daddys girl,daddys girl
551,samsung galaxy a51,samsung galaxy a51
554,no bad vibes,no bad vibes
555,,silicon
566,,band
568,,harley davidson
572,red,red
575,queen,queen and a crown
579,phone case,cellular phone case
581,,polycarbonate
586,,brown
590,,safari
592,the phone cases main visible object or feature is,phone
595,the phone case is a heart with stars,heart
597,the lion,lion
603,,silicon
613,,silicon
617,,cat
620,,silicone
622,s,s
623,,graphics
625,,samsung galaxy grand 2
626,it is a cellular phone case,cellular phone case
627,phone case,cellular phone case
629,,cellular phone case
634,,cherry blossom
635,red,red
639,black,black
643,paisley,paisley
648,,plastic
653,,dunya
655,,text
659,,apnate time aayega
662,,apna time aayega
664,pink glitter stripes,stripes
666,blue,blue
671,girl boss,boss
672,pomegranate,pomegranate
673,,red
678,flowers,flowers
680,a phone case,phone case
684,phone case,cellular phone case
686,,silicon
687,red,red
689,pink,pink
690,,love
691,it is a chevron pattern,chevron
692,,hearts and pandas
693,,4
694,hello kitty,hello kitty
695,,cellular phone case
696,black,black
698,tiger,tiger
701,phone case,cellular phone case
703,,flower
706,,heart
710,red,red
714,plastic,plastic
715,t,t
716,enjoy your own life,enjoy your own life without comparing it with another
717,red and white striped wood,wood
723,,wood
731,,plastic
739,1,1
741,super,super girl
744,floral pattern,floral
748,,square
750,,plastic
754,plastic,plastic
756,,cellular phone case
760,,barbie
761,,cellular phone case
762,yes,yes
763,motorcycle,motorcycle
767,,cellular phone case
770,o,o
771,panda,panda
774,plastic,plastic
775,yes,yes
777,,cellular phone case
781,i hate everyone,i hate everyone
782,cat,cat
785,panda phone case,panda
786,,plaid
792,panda,panda
795,,samsung galaxy s8 plus
797,nail polish,nail polish
799,girl boss,girl boss
801,,cute little boy
802,pink,pink
805,pink,pink
808,,silicon
812,take it easy,take it easy
814,phone case,cellular phone case
815,,cellular phone case
816,g,g
817,it is a number 8,8
818,,lion
819,,floral
821,pink,pink
824,plastic,plastic
826,super,supergirl
831,samsung,samsung
837,silicone,silicone
840,,plastic
844,wood,wood
846,punisher skull,skull
849,,floral
853,,smiley face
854,hello kitty,hello kitty
857,6,6
858,,3
859,lion,lion
861,abstract,abstract
864,,prince
867,a cat,cat
868,i love you,i love you
869,happy girls are the prettiest,happy girls
876,,black and white
877,v,v
878,,microsoft lumia 650
879,black,black
880,blue,blue
882,peacock,peacock
883,,oppo a71
889,,xiaomi redmi note 5
890,red,red
892,,girl boss
896,phone case,cellular phone case
897,yes,yes
898,aquarius,aquarius
902,the image of the tree is the tree in the,tree
904,phone case,cellular phone case
905,,gionee f10
908,purple,purple
910,,cellular phone case
911,r,r
915,a squirrel,squirrel
917,the image is of a tree with a full moon,tree
921,,zenfone max m1
925,this is a phone case for samsung galaxy j,phone case
926,it is made of plastic,plastic
927,1,1
930,it is made of soft silicone,silicon
931,yes,yes
938,2,2
942,red,red
944,,car
946,,cellular phone case
949,,floral
950,giraffe,giraffe
952,the design of the phone case is a cute cat,cat
953,,cat
954,abstract,abstract art
955,,rainbow
956,super,supergirl
958,the design is called a floral pattern,floral
960,red,red
962,tiger,tiger
963,phone case,cellular phone case
973,,t
974,,daddys girl and mommys world
979,,white
981,plastic,plastic
982,blue,blue
984,,oppo a91
987,queen,queen
988,girl boss,girl boss
989,yes,yes
996,,lemonade
997,o,o
998,love,love
999,,flowers
1000,plastic,plastic
1010,brick,brick
1011,plastic,plastic
1012,queen,queen
1015,it is facing left,left
1020,blue,blue
1022,a girl sitting on a ball,girl
1024,,space
1025,peacock,peacock
1030,london,london
1032,,realme
1033,silicone,silicone
1036,phone case,cellular phone case
1037,,daddys girl
1039,yes,yes
1040,,plastic
1044,,butterflies
1048,a phone case,phone case
1050,bear,teddy bears
1051,love,love
1053,q,q
1054,yes,yes
1055,,nokia 62
1056,,hearts
1058,phone case,cellular phone case
1063,love,love
1067,abstract,abstract
1068,,i
1070,,multicolor
1072,,m
1073,,tree
1074,girl boss,girl boss
1075,,canvas
1076,red,red
1079,,girl
1083,purple,purple
1085,phone case,cellular phone case
1086,,gold and black floral pattern
1088,,r
1089,,flip
1095,blue,blue
1098,,mountain
1100,phone case,cellular phone case
1104,a cat,cat
1105,,prince
1109,yellow,yellow
1115,,black
1118,a pineapple,pineapple
1120,a phone case,phone case
1122,wood,wood
1123,,pattern
1125,gold,gold
1127,this is a phone case for samsung galaxy a,phone case
1129,,phone case
1130,the initial letter s,s
1134,brick wall,brick wall
1136,,2
1137,1,10
1138,never stop dreaming,never stop dreaming
1141,,pineapple
1145,red,red
1147,red,red
1151,a panda bear,bear
1152,plastic,plastic
1154,lion,lion
1157,,butterfly
1158,,silicone
1159,,dads girl and mommy wolfgang
1161,,symbol
1162,,dads girl and mommy world
1164,,siliconplastic
1168,,flower
1171,,plastic
1172,wood,wood
1174,red,red
1180,silicone,silicon
1184,silicone,silicone
1185,yes,yes
1192,,colorful
1193,,silicone
1197,it is made of plastic,plastic
1198,abstract,abstract
1200,,birds
1202,plastic,plastic
1205,,cellular phone case
1207,,silicone
1208,y,y
1210,purple,purple
1215,it is made of silicone,silicone
1216,a black and white chevron pattern,chevron
1219,purple flowers,purple
1225,,butterfly
1226,,cat
1227,the moon,moon
1228,phone case,cellular phone case
1230,plastic,plastic
1233,pink,pink
1234,s,s
1236,red and white stripes,stripes
1238,f,f
1239,plastic,plastic
1248,,silicon
1254,girl boss,girl boss
1255,,multicolor
1256,yellow,yellow
1259,,silicone
1260,tiger,tiger
1261,pink and gold stripes,gold
1263,,you are somewhere you are not
1264,plastic,plastic
1266,cat,cat
1267,hello kitty,hello kitty
1269,a dog,dog
1274,,butterfly
1276,paris,paris
1285,plastic,plastic
1286,,cellular phone
1287,,red white and blue
1288,,diamonds
1289,abstract,abstract
1292,,heart
1298,a phone case,phone case
1301,a cat,cat
1306,plastic,plastic
1309,it is a brown bear,brown
1310,,boss
1311,a peace sign,peace sign
1313,enjoy your own life,enjoy your own life
1314,samsung galaxy s6,samsung
1315,pink,pink
1320,panda,panda
1321,wood,wood
1322,,plastic
1326,red and black,red
1329,,transparent
1335,phone case,cellular phone case
1336,red,red
1337,,3gen17
1343,yes,yes
1345,,queen
1346,,dragon
1347,hearts,hearts
1348,red,red
1349,rainbow glitter,rainbow
1351,black,black
1352,,girl boss
1355,,hexagon
1358,the background is blue,blue
1359,girl boss,boss
1363,steam engine,steam
1365,,heart
1367,,silicone
1368,plastic,plastic
1369,,tropical
1372,,flowers
1374,it is a flower,flower
1377,,space
1379,,apple
1380,,still there you are not alone
1381,black,black
1386,abstract,abstract art
1387,pink,pink
1388,,renewed
1390,plastic,plastic
1394,pizza,pizza
1397,i am me and i,i am me
1401,,tree
1403,,hearts
1407,the design is a colorful pattern of circles,circles
1412,brick wall,brick
1413,,some people just need a highfive
1415,uk,uk
1416,it is a mobile phone case,phone case
1420,tiger,tiger
1421,silicone,silicon
1424,,cellular phone
1426,,silicon
1440,,cellular phone case
1445,yellow,yellow
1447,the birds are blue,blue
1451,,multicolor
1454,yes,yes
1455,phone case,cellular phone case
1464,,nokia 71
1466,stone,stone
1468,,logs
1471,happy girls are the prettiest,happy girls are the prettiest
1475,,silicone
1476,a teddy bear,teddy bear
1481,happy girls are the prettiest,happy girls are the prettiest
1483,a,a
1484,orange,orange
1485,,abstract art
1487,the candle is lit on the table,candle
1489,plastic,plastic
1493,love,love
1494,,hearts
1501,window curtain,curtain
1503,nonstick,nonstick
1508,a mesh storage bag,bag
1510,black,black
1516,farmhouse sign,farmhouse
1520,blue,blue
1522,wood,wood
1526,100 cotton,cotton
1535,blue,blue
1537,white bedding,bed
1538,pillow case,pillow
1542,a crib mattress,mattress
1546,orange,orange
1549,a towel,towel
1552,they are beige,beige
1557,pillow,pillow
1558,100 cotton,cotton
1559,blue,blue
1568,light blue,blue
1573,chevron,chevron
1575,100 cotton,cotton
1582,curtain,curtains
1586,a wooden coat hanger,hanger
1595,blue,blue
1603,100 cotton,cotton
1605,this is a broom and dustpan set,broom
1606,a mirror,mirror
1607,100 cotton,cotton
1609,curtain,curtain
1610,they are round,round
1614,100 cotton,cotton
1620,love,love
1621,vacuum bags,bags
1623,the main material of the drying rack is bamboo,bamboo
1627,eon essentials,essentials
1628,no,no
1629,bath towel,towel
1634,patio chair,chair
1636,its a square,square
1637,a storage organizer,storage
1639,white,white
1641,curtain,curtain
1645,yes,yes
1646,100 cotton,cotton
1648,storage cube,storage
1649,ironing board,ironing
1650,red,red
1653,white,white
1660,black and white stripes,stripes
1661,laundry basket,laundry
1665,yes,yes
1668,a window curtain,curtain
1673,100 cotton,cotton
1676,a cat scratching post,cat
1677,rectangular tablecloth,table
1687,wood,wood
1689,brown,brown
1690,pillow,pillow
1693,be a little wild,be
1694,bed,bed
1695,green,green
1697,rectangle,rectangle
1706,plastic,plastic
1707,stainless steel,stainless
1709,wood,wood
1713,100 cotton,cotton
1715,the pillow is tan,tan
1721,laundry basket,laundry
1722,this is a poster of the letter y,poster
1723,bedding,bed
1728,a 3 tier drying rack,rack
1729,blue,blue
1733,wood,wood
1736,portable air conditioner,portable
1739,window curtain,curtain
1740,window curtain,curtain
1743,picture frame,frame
1750,,lamp
1751,red green and yellow,red
1752,this is a certificate frame,certificate
1754,pillow case,pillow
1757,100 cotton,cotton
1758,pillow,pillow
1761,metal,metal
1763,picture frame,frame
1766,photo frame,frame
1767,bedding,bedding
1770,100 cotton,cotton
1775,the pillow is a rectangular shape,rectangular
1776,water bottle,water
1778,pet stroller,stroller
1782,black,black
1785,,home
1790,a vacuum cleaner,vacuum
1791,100 cotton,cotton
1796,gray,gray
1800,this is a storage box,storage
1802,,flowers
1806,100 cotton,cotton
1811,black,black
1812,100 cotton,cotton
1813,pillow,pillow
1817,mirror,mirror
1818,pillow,pillow
1819,the product is a tent,tent
1823,4,4
1827,white,white
1829,light blue,blue
1843,100 cotton,cotton
1844,3,3
1847,100 cotton,cotton
1851,light gray,gray
1853,bedding,bedding
1860,100 cotton,cotton
1861,steel,steel
1863,they are stainless steel water bottles,water
1870,a bed,bed
1874,this is a clear plastic storage box,plastic
1878,amazon basics black frame,amazon
1881,bedding,bedding
1883,this is a basket,basket
1887,it is a certificate,certificate
1888,curtains,curtains
1890,plastic,plastic
1891,metal,metal
1893,100 cotton,cotton
1896,cat house,cat
1897,red,red
1898,yellow,yellow
1899,tablecloth,table
1904,alligators,alligator
1905,it is a storage container for storing various items,storage
1907,red,red
1909,100 cotton,cotton
1911,they are curtains with a dark brown color,brown
1913,its made of plastic,plastic
1914,blue,blue
1915,metal,metal
1921,100 cotton,cotton
1924,curtain,curtain
1925,pillowcase,pillow
1927,portable electric space heater,heater
1928,a4,a4
1929,curtain,curtain
1930,rectangular,rectangular
1932,this is a black metal rack with a shelf,metal
1939,it is made of metal,metal
1941,stainless steel,stainless
1942,this is a tent,tent
1944,sage green,green
1945,bath towel,towel
1949,bedding,bed
1950,picture frame,picture
1951,laundry bag,laundry
1955,the frame is made of wood,wood
1957,black,black
1958,plastic storage container,container
1959,brown,brown
1960,the pillow is in the shape of a square,square
1961,curtain,curtains
1962,100 cotton,cotton
1964,blue,blue
1968,yes,yes
1971,its purple,purple
1972,monitor arm,monitor
1974,a stainless steel trash can,trash
1975,the main visible object in the image is a pillow,pillow
1976,pillow case,pillow
1977,metal,metal
1981,the beatles,beatles
1983,,vacuum
1984,bedding,bedding
1986,portable electric heater,heater
1990,silver,silver
1991,pillowcase,pillow
1993,bed,bed
1994,a pillow,pillow
1997,,9
1998,a cube storage box,storage
2002,100 cotton,cotton
2003,100 cotton,cotton
2005,metal,metal
2007,they are square,square
2014,faux fur,faux
2016,its a framed image,image
2018,picture frame,picture
2022,yes,yes
2028,100 cotton,cotton
2030,the paddle is made of wood,wood
2032,yes,yes
2033,white,white
2034,curtain,curtain
2042,red,red
2043,this is a comforter,comforter
2044,yes,yes
2047,picture frame,frame
2048,gaming chair,chair
2051,bath towel,towel
2055,portable electric space heater,heater
2058,chair,chair
2059,wood,wood
2060,yes,yes
2061,black,black
2064,they are clear plastic storage boxes,plastic
2066,a rolling storage cart,cart
2068,photo frame,frame
2070,,uk
2075,beige,beige
2076,bedding,bed
2077,white,white
2078,bathroom rug,rug
2083,pillow case,pillow
2086,100 cotton,cotton
2087,bathroom towels,towels
2089,this is a vase with blue flowers,flowers
2091,bedding,bed
2093,polyester,polyester
2096,curtain,curtains
2097,100 cotton,cotton
2101,yes,yes
2104,white and navy,white
2106,metal,metal
2107,umi,umi
2110,a pug,pug
2111,it is a gray and white striped sofa cover,gray
2113,acrylic,acrylic
2117,a wooden ladder shelf,shelf
2120,pillowcase,pillow
2123,round,round
2124,a white curtain,curtain
2127,stripe bedding,bed
2137,curtains,curtain
2139,plastic,plastic
2140,plastic,plastic
2141,water pitcher,water
2142,wood,wood
2143,,non
2147,100 cotton,cotton
2154,amazonbasics 4pack of aluminum picture frames,amazon
2155,100 cotton,cotton
2157,the main pattern is a floral pattern,floral
2158,100 cotton,cotton
2161,pink,pink
2162,portable electric heater,heater
2163,bedding,bedding
2168,pillow,pillow
2169,100 cotton,cotton
2171,curtain,curtain
2172,north america,north
2173,water bottle,water
2176,a framed photograph of big ben,big
2178,2 panels,2
2180,,wood
2182,yes,yes
2187,bed,bed
2188,blackout curtains,black
2192,certificate frame,certificate
2194,bed,bed
2197,this is a vase with flowers in it,flowers
2198,a blue plaid comforter,plaid
2200,metal,metal
2201,pillow,pillow
2203,picture frame,frame
2204,metal,metal
2205,curtain,curtain
2206,wood,wood
2208,computer desk,computer
2209,3,3
2211,curtain,curtain
2213,brown,brown
2214,100 cotton,cotton
2215,orange,orange
2218,4,4
2219,cookware,cookware
2226,black,black
2230,plastic storage containers,container
2233,,brand
2234,pillows,pillow
2238,100 cotton,cotton
2243,this is a mattress cover,mattress
2245,home garden,home
2246,,wood
2251,this is a laundry bag,bag
2257,a gray comforter,comforter
2258,pillow case,pillow
2265,the bed,bed
2268,elsa,elsa
2270,pillow,pillow
2272,twin,twin
2273,cotton,cotton
2274,bath towels,towel
2277,velvet,velvet
2281,100 cotton,cotton
2286,100 cotton,cotton
2299,100 cotton,cotton
2300,curtain,curtain
2302,100 cotton,cotton
2303,it is a pillow with a square shape,square
2304,cotton,cotton
2306,100 cotton,cotton
2312,it is a foam mattress,foam
2315,100 cotton,cotton
2316,bed sheet set,sheet
2325,bedding,bed
2336,the bear and the mummy,bear
2338,wood,wood
2339,window curtain,curtain
2340,bedding,bed
2341,100 cotton,cotton
2343,a bed sheet set,sheet
2344,red and white stripes,red
2348,plaid,plaid
2349,bedding,bed
2351,100 cotton,cotton
2354,100 cotton,cotton
2356,100 cotton,cotton
2357,,wood
2365,shower curtain,shower
2368,100 wool,wool
2372,bed sheet set,sheet
2373,blue,blue
2374,plastic,plastic
2377,blue,blue
2379,bedding,bed
2380,a bed with a pink comforter and a,comforter
2384,its a rectangle,rectangle
2385,a bed,bed
2386,100 cotton,cotton
2388,3,3
2390,bedding,bed
2394,100 cotton,cotton
2399,100 cotton,cotton
2408,they are beige,beige
2409,bedding,bed
2413,bed,bed
2418,bed,bed
2419,bath towels,towels
2426,they are red,red
2430,bed,home bed and bath
2431,pillowcase,pillow
2432,bed sheet,bed
2433,100 cotton,cotton
2434,100 cotton,cotton
2438,a bed with a striped comforter,striped
2440,100 cotton,cotton
2441,100 cotton,cotton
2445,shower curtain,shower
2447,mattress,mattress
2460,100 cotton,cotton
2461,a pillow,pillow
2463,a sheer curtain,curtain
2466,100 cotton,cotton
2467,white,white
2468,100 cotton,cotton
2469,100 cotton,cotton
2472,white,white
2473,purple,purple
2476,100 cotton,cotton
2481,a white comforter,comforter
2488,100 cotton,cotton
2498,white,white
2500,yellow and white striped towels,yellow
2502,bath towels,towels
2504,bedding,bed
2510,a queen size mattress,queen
2511,bedding,bed
2512,bedding,bedding
2521,bath towels,towel
2522,cotton,cotton
2525,,polyester
2527,beige,beige
2532,pillow,pillow
2535,white,white
2536,bed sheet,bed
2542,pink,pink
2543,bath towels,towels
2545,100 cotton,cotton
2547,pink,pink
2550,100 cotton,cotton
2551,it is a square pillow,square
2555,a bedding set,bed
2560,purple,purple
2563,refrigerator water filter,filter
2567,white,white
2569,100 cotton,cotton
2573,white,white
2576,a memory foam mattress,foam
2577,a cotton bedspread,cotton
2583,100 cotton,cotton
2584,cotton,cotton
2590,,memory
2591,black,black
2592,100 cotton,cotton
2593,100 cotton,cotton
2594,red,red
2595,curtain,curtain
2597,100 cotton,cotton
2598,green,green
2606,yes,yes
2608,100 cotton,cotton
2609,black,black
2610,white,white
2612,velvet,velvet
2613,shower curtain,shower
2619,yellow,yellow
2623,100 cotton,cotton
2626,a grey elephant,elephant
2627,black,black
2630,100 cotton,cotton
2632,100 cotton,cotton
2633,100 cotton,cotton
2635,bedding,bed
2637,curtains,curtain
2638,i love you to the moon and back,i
2647,bedding,bed
2654,the rack is made of metal,metal
2656,100 cotton,cotton
2665,100 cotton,cotton
2670,,leather
2672,bedding,bed
2673,white,white
2674,velvet,velvet
2677,bed,home bed and bath
2680,100 cotton,cotton
2681,a curtain,curtain
2685,bed,bed
2697,black,black
2700,100 cotton,100
2703,100 cotton,cotton
2704,brown,brown
2715,red,red
2717,100 cotton,cotton
2719,100 cotton,100
2721,100 cotton,cotton
2722,blue,blue
2729,white,white
2731,100 cotton,cotton
2734,bed sheet,bed
2735,yes,yes
2737,100 cotton,cotton
2738,a queen size bed with a mattress protector,mattress
2741,pillow,pillow
2742,100 cotton,cotton
2743,100 cotton,cotton
2749,the product is in the shape of a square,square
2752,bed,bed
2754,100 cotton,cotton
2761,a wooden headboard,wooden
2762,bed,bedding
2763,100 cotton,cotton
2764,blue,blue
2772,yes,yes
2773,100 cotton,cotton
2775,100 cotton,cotton
2778,100 cotton,cotton
2779,the blanket is a plaid design,plaid
2780,100 cotton,cotton
2783,the curtains,curtain
2790,4,4
2795,glass,glass
2801,home garden,home
2802,this is a wall clock,clock
2805,yes,yes
2815,dark wood,dark
2820,desk,desk
2822,black,black
2824,,futon
2825,dark brown,brown
2829,a kitchen cabinet,cabinet
2832,a bed frame,bed
2835,a white cabinet,cabinet
2837,leather,leather
2845,gray,gray
2853,it is a round clock,round
2859,furniture,home furniture and decor
2863,area rug,rug
2874,area rug,rug
2875,100 wool,wool
2876,it is a round clock,round
2885,dining chair,chair
2887,yes,yes
2891,fabric,fabric
2894,yes,yes
2912,mdf,mdf
2913,glass,glass
2918,,wood
2919,white,white
2924,area rug,rug
2928,100 wool,wool
2929,there are 12 numbers around the clock face in this,12
2934,ottoman,ottoman
2936,glass,glass
2938,ottoman,ottoman
2940,2,2
2941,ottoman,ottoman
2942,butterfly,butterfly
2946,ottoman,ottoman
2948,elephant,elephant
2949,100 wool,wool
2957,ottoman,ottoman
2964,5,5
2966,fabric,fabric
2970,wood,wood
2978,the wall paneling is made of wood,wood
2980,wood,wood
2998,yes,yes
3000,,wood
3001,solid wood,wood
3007,leather,leather
3011,wood,wood
3014,on a stand,stand
3018,plastic,plastic
3019,solid wood,wood
3020,soundo wall clock,clock
3023,black,black
3026,,brown
3029,wood,wood
3034,solid wood,wood
3042,metal,metal
3045,3,3
3047,corner desk,desk
3049,furniture,home furniture and decor
3055,office chair,chair
3062,wood,wood
3063,amazon basics,amazon
3070,plastic,plastic
3073,wood,wood
3074,furniture,home furniture and decor
3076,sewing machine,sewing
3077,metal bed frame,metal
3081,fabric,fabric
3082,black,black
3084,a bar stool,bar
3087,wood,wood
3099,sofa,sofa
3104,blue,blue
3105,metal,metal
3108,a fairy house,house
3117,clock,clock
3118,furniture,home furniture and decor
3122,a chair a rug and a table,chair
3123,white,white
3127,a corner desk,desk
3129,a wooden bench,bench
3132,furniture,furniture
3133,leather,leather
3135,it is a square shape,square
3145,fabric,fabric
3148,desk,desk
3149,yes,yes
3150,it is a round clock,round
3158,wood,wood
3161,fabric,fabric
3168,it is a wall clock,wall
3169,metal,metal
3170,solid wood,wood
3171,grey,grey
3176,wood,wood
3177,beige,beige
3179,wall sticker,wall
3182,,white
3189,,memory
3190,together,together
3191,mirror is made of glass,glass
3194,wood,wood
3198,the chair,chair
3201,a wing chair,chair
3206,2 doors,2
3207,grey,grey
3210,the clock,clock
3212,multi,multicolored
3213,fabric,fabric
3215,ottoman,ottoman
3219,glass,glass
3220,red,red
3222,leather,leather
3224,brown,brown
3225,mattress,mattress
3228,table and chairs,table
3237,leather,leather
3242,leather,leather
3252,1200,1200
3253,yes,yes
3258,stainless steel,stainless
3264,knife set,knife
3265,stainless steel,stainless
3268,it is a round shape,round
3272,plastic,plastic
3273,,renewed
3276,,2
3279,cooler bag,cooler
3280,its a printer,printer
3282,electronic digital kitchen scale,kitchen
3301,dinnerware,dinner
3302,stainless steel saucepan,saucepan
3303,dinnerware,dinnerware
3308,silver,silver
3309,it is a food storage container,container
3315,a frying pan,pan
3316,microwave,microwavegrill
3320,they are made of ceramic,ceramic
3322,white ceramic,ceramic
3326,dinnerware,dinner
3336,kitchen utensils,kitchen
3337,,kitchen
3341,stainless steel,stainless
3350,water filter pitcher,water
3358,red,red
3360,stainless steel,stainless steel
3361,dinnerware,dinner
3364,the design is called geometric and is,geometric
3365,it is made of ceramic,ceramic
3366,plastic,plastic
3371,stainless steel,stainless
3372,stainless steel,steel
3376,glass,glass
3378,upright,upright
3379,vacuum cleaner,vacuum
3381,this is a bowl,bowl
3385,microwave oven,microwave
3387,red,red
3390,clear,clear
3395,orange,orange
3397,apples,apples
3401,vacuum cleaner,vacuum
3407,dinnerware,dinnerware
3409,knife set,knife
3412,vacuum cleaner bag,bag
3414,plastic,plastic
3418,stainless steel,stainless
3421,its a round pan,round
3426,stainless steel,stainless
3431,stainless steel,stainless
3437,6 forks,6
3438,plastic,plastic
3439,white,white
3445,lamp,lamp
3448,lamp,lamp
3450,metal,metal
3452,white,white
3454,it is made of wood,wood
3457,floor lamp,lamp
3458,it is a round shade,round
3459,this is a table lamp with a white shade,table
3460,lamp,lamp
3461,floor lamp,lamp
3464,white,white
3466,black,black
3469,lamp,lamp
3470,they are round,round
3475,lamp,lamp
3476,lamp,lamp
3477,white,white
3479,this is a table lamp,lamp
3480,lamp,lamp
3481,it is made from a woven fabric,fabric
3482,brass,brass
3484,glass,glass
3486,lamp,lamp
3487,floor lamp,lamp
3488,metal,metal
3490,brass,brass
3491,it is a table lamp,table
3494,lamp,lamp
3498,glass,glass
3499,floor lamp,lamp
3501,metal,metal
3502,lamp,lamp
3503,lamp,lamp
3506,lamp,lamp
3507,floor lamp,lamp
3509,metal,metal
3510,metal,metal
3512,lamp,lamp
3514,this is a pineapple lamp,lamp
3515,metal,metal
3516,metal,metal
3520,it is a round base,round
3528,brass,brass
3529,glass,glass
3531,floor lamp,lamp
3532,metal,metal
3534,lamp,lamp
3535,metal,metal
3538,lamp,lamp
3540,modern,moderno
3544,led bulb,led
3547,white,white
3550,gu10 led bulb,led
3552,led light bulb,light
3554,yes,yes
3555,they are round,round
3559,they are all round,round
3561,,glass
3565,a b22 led bulb,led
3567,6,6
3571,they are all round,round
3574,they are round,round
3577,they are made of a combination of glass and plastic,glass
3580,the bulb is a round shape,round
3582,a light bulb,light
3583,downlight,light
3585,they are all white,white
3586,a light bulb,light
3588,white,white
3589,,40
3592,led par30,led
3593,the bulb is white,white
3597,light bulbs,light
3598,its a round bulb,round
3601,white,white
3603,they are round,round
3605,warm white,white
3606,a led bulb,led
3607,downlight,light
3608,led light bulb,light
3611,led light bulb,light
3614,they are white,white
3616,a light bulb,light
3617,,br30
3628,a,ampoule
3629,they are all white,white
3630,2,2
3632,a light bulb,light
3633,a light bulb,light
3635,candle light bulb,light
3637,led light bulb,light
3638,a light bulb,light
3643,white,white
3644,yes,yes
3647,white,white
3651,a light bulb,light
3652,4,4
3653,a light bulb,light
3655,mr16,mr16
3657,light bulb,light
3661,,50
3662,2,2
3663,white,white
3667,this is a downlight,light
3669,yes,yes
3671,they are round,round
3673,gu10 led bulbs,led
3677,light bulb,light
3685,,glass
3687,light bulb,light bulb
3690,a light bulb,light
3691,light bulb,light bulb
3696,gu10 led bulb,led
3697,a led bulb,led
3698,they are round,round
3699,2,2
3712,,25
3714,white,white
3718,gu10 led bulbs,led
3721,they are all white,white
3722,its a round bulb,bulb
3723,they are a round shape,round
3728,g4 led bulb,led
3730,a light bulb,light
3738,white,white
3739,metal,metal
3741,green,green
3743,yes,yes
3745,metal,metal
3746,white,white
3748,a notebook,notebook
3756,cork,cork
3761,plastic,plastic
3763,a white envelope,envelope
3765,black,black
3772,yes,yes
3775,slime activator,slime
3781,100,100
3785,a notebook,notebook
3792,paper,paper
3796,1 roll,1
3798,product is a pencil holder,pen
3806,plastic,plastic
3808,yes,yes
3825,2021,2021
3828,plastic,plastic
3834,blue,blue
3836,black,black
3840,amazon basics rubber bands,rubber
3850,,office products
3861,office stapler,stapler
3862,,901v
3870,plastic,plastic
3873,,office products
3878,black,black
3879,green,green
3882,plastic,plastic
3885,plastic,plastic
3898,,circular
3903,,yellow
3906,white,white
3912,,office products
3919,this is a metal mesh desk organizer,desk
3924,2,2
3927,yes,yes
3928,,plastic
3934,metal,metal
3937,pink,pink
3938,a4 paper,paper
3940,yes,yes
3941,yes,yes
3942,yes,yes
3943,elephant,elephant
3944,yes,yes
3945,yes,yes
3946,green,green
3947,yes,yes
3948,,purple
3950,yes,yes
3951,,safari
3952,blue flowers,blue
3953,orange,orange
3954,black and white chevron pattern,chevron
3955,blue,blue
3956,yellow,yellow
3957,yes,yes
3958,,brown
3959,yes,yes
3960,green,green
3961,yes,yes
3962,yes,yes
3963,yes,yes
3965,w,w
3967,red glitter,red
3968,yes,yes
3969,yes,yes
3971,blue,blue
3972,yes,yes
3973,a cat,cat
3976,yes,yes
3977,yes,yes
3978,black and white,black
3979,blue,blue
3980,yes,yes
3981,,heart
3983,yes,yes
3984,orange,orange
3985,yes,yes
3986,yes,yes
3987,yellow,yellow
3988,yes,yes
3989,yes,yes
3990,yes,yes
3992,hearts,hearts
3993,love,love
3994,yes,yes
3995,yes,yes
3997,yes,yes
4001,hearts,heart
4003,black,black
4004,black,black
4005,pink,pink
4008,heart,hearts
4009,yes,yes
4010,yes,yes
4012,yes,yes
4013,yes,yes
4014,yes,yes
4015,yes,yes
4016,yes,yes
4020,black,black
4021,yes,yes
4022,yes,yes
4023,yes,yes
4024,orange,orange
4025,lion,lion
4026,yes,yes
4027,yes,yes
4028,yes,yes
4029,yes,yes
4030,red,red
4031,black,black
4032,yes,yes
4033,yes,yes
4034,yes,yes
4035,yes,yes
4036,yes,yes
4037,wood,wood
4038,yes,yes
4039,yes,yes
4040,black,black
4041,yes,yes
4042,yes,yes
4043,pink,pink
4044,gold,gold
4045,blue flowers,blue
4046,yes,yes
4047,yes,yes
4048,gold,gold
4049,yes,yes
4051,yes,yes
4052,,drawings
4053,yes,yes
4054,a teddy bear,bear
4055,red,red
4056,yes,yes
4057,yes,yes
4059,yes,yes
4060,yes,yes
4062,yes,yes
4064,yes,yes
4065,yes,yes
4066,yes,yes
4068,yes,yes
4069,pink,pink
4070,yes,yes
4071,yes,yes
4072,yes,yes
4073,yes,yes
4074,red,red
4075,pink,pink
4076,,black
4077,yes,yes
4079,yes,yes
4080,yes,yes
4081,yes,yes
4082,black,black
4083,lavender,lavender
4084,yes,yes
4085,yes,yes
4086,yes,yes
4087,yes,yes
4088,black,black
4090,yes,yes
4091,yes,yes
4094,lion,lion
4095,yes,yes
4097,blue,blue
4098,yes,yes
4099,yes,yes
4100,yes,yes
4101,it is a brown bear,brown
4102,yes,yes
4103,yes,yes
4105,yes,yes
4107,yellow,yellow
4108,yes,yes
4110,red,red
4111,yes,yes
4112,yes,yes
4113,the background color of the case is blue,blue
4114,yes,yes
4116,orange,orange
4117,black,black
4118,yes,yes
4119,blue,blue
4120,cracked,cracked
4121,yes,yes
4122,red,red
4123,black,black
4125,yes,yes
4126,yes,yes
4127,red,red
4128,yes,yes
4130,heart,heart
4132,yes,yes
4133,yes,yes
4134,red roses,red
4135,yes,yes
4137,yes,yes
4138,red,red
4139,pink,pink
4140,black,black
4141,black,black
4143,yes,yes
4144,yes,yes
4145,blue,blue
4146,yes,yes
4147,black,black
4148,orange,orange
4149,orange,orange
4150,orange,orange
4152,yes,yes
4153,yes,yes
4154,yes,yes
4155,black,black
4156,red,red
4157,heart,heart
4158,blue,blue
4159,yes,yes
4161,blue,blue
4163,yes,yes
4164,yes,yes
4165,yes,yes
4166,yes,yes
4167,yes,yes
4168,,triangular
4169,blue butterflies,blue
4170,the letter r is a heart,heart
4171,yes,yes
4172,black,black
4174,panda,panda
4176,yes,yes
4178,yellow,yellow
4179,black,black
4180,yes,yes
4181,yes,yes
4182,yes,yes
4183,yes,yes
4184,yes,yes
4185,yes,yes
4186,blue,blue
4187,yes,yes
4188,yes,yes
4189,yes,yes
4190,yes,yes
4191,yes,yes
4192,yellow,yellow
4193,yes,yes
4194,yes,yes
4195,yes,yes
4196,yes,yes
4197,yes,yes
4198,blue,blue
4199,yes,yes
4200,red and pink flowers,pink
4202,yes,yes
4203,,pink
4204,yes,yes
4205,yes,yes
4206,yes,yes
4207,yes,yes
4208,wood,wood
4209,yes,yes
4210,pink,pink
4211,the background color is blue,blue
4212,yes,yes
4213,black,black
4214,yes,yes
4215,yes,yes
4216,yes,yes
4217,yes,yes
4219,yes,yes
4220,blue,blue
4221,yes,yes
4222,the stripe is red blue and white,red
4223,yes,yes
4224,yes,yes
4226,yes,yes
4227,yes,yes
4228,yes,yes
4230,red,red
4232,,pink
4234,graffiti,graffiti
4235,yes,yes
4236,,brown
4237,yes,yes
4238,the hearts are blue and the birds are red,red
4240,red,red
4243,blue,blue
4244,yes,yes
4245,orange,orange
4246,yes,yes
4249,pink,pink
4250,black,black
4252,yes,yes
4253,blue,blue
4254,yes,yes
4255,yes,yes
4256,black,black
4257,yes,yes
4258,yes,yes
4259,yes,yes
4261,yes,yes
4262,pink,pink
4263,black,black
4264,yes,yes
4265,yes,yes
4266,yes,yes
4267,black,black
4268,red,red
4269,yes,yes
4274,orange,orange
4275,yes,yes
4276,yes,yes
4277,the background is black,black
4278,yes,yes
4280,black,black
4281,black,black
4283,orange,orange
4284,yes,yes
4285,yes,yes
4286,pink flower,pink
4287,yes,yes
4288,black,black
4289,black,black
4291,yes,yes
4292,blue butterflies,blue
4293,black,black
4294,yes,yes
4295,yes,yes
4297,the case design is a colorful abstract painting,abstract
4298,the punish skull,skull
4299,yes,yes
4300,pink,pink
4301,yes,yes
4302,yes,yes
4304,black and white panda,white
4305,green,green
4306,yes,yes
4307,red cardinal,red
4308,orange,orange
4309,black,black
4310,yes,yes
4311,heart shape,heart
4312,the sky is blue and the stars are red,blue
4313,,clear
4314,brown,brown
4316,black,black
4317,yes,yes
4318,yes,yes
4319,black,black
4321,tiger,tiger
4322,yes,yes
4323,yes,yes
4324,yes,yes
4326,yes,yes
4327,yes,yes
4328,blue,blue
4329,black and white,black
4330,red,red
4331,yes,yes
4332,blue,blue
4333,yes,yes
4334,yes,yes
4336,blue,blue
4337,black,black
4338,purple flowers,purple
4339,green,green
4342,yes,yes
4343,yes,yes
4344,brown,brown
4345,yes,yes
4348,panda,pandas
4349,black,black
4350,orange,orange
4351,yes,yes
4353,multicolor,multicolor
4354,h,h
4355,yes,yes
4356,black,black
4357,pink,pink
4358,yes,yes
4359,yes,yes
4360,black,black
4362,yes,yes
4363,red roses,red
4364,blue moon,blue
4365,yes,yes
4366,black,black
4368,blue,blue
4369,black,black
4370,black and white,white
4371,yes,yes
4372,yes,yes
4373,yes,yes
4374,yes,yes
4375,yes,yes
4376,,wood
4377,c,c
4378,orange,orange
4380,black,black
4381,red,red
4383,yes,yes
4385,yes,yes
4387,,rectangular
4388,yes,yes
4389,red yellow blue green purple,yellow
4390,pink,pink
4391,blue sky,blue
4392,yes,yes
4393,yes,yes
4394,yes,yes
4396,yes,yes
4397,red glitter,red
4398,,rectangle
4399,yes,yes
4400,hearts,hearts
4403,yes,yes
4405,black,black
4406,green,green
4408,yes,yes
4410,yes,yes
4412,yes,yes
4413,yes,yes
4414,black,black
4415,green,green
4416,,rectangle
4417,the sky is blue,blue
4418,black,black
4419,books,books
4421,bear,bear
4422,yes,yes
4423,circles,circle
4425,gold glitter,gold
4426,yes,yes
4427,yes,yes
4428,yes,yes
4429,yes,yes
4430,yes,yes
4431,lion,lion
4432,the pattern is a combination of abstract and geometric shapes,abstract
4433,black and white,black
4434,white flowers,white
4435,black,black
4437,blue,blue
4438,yellow,yellow
4439,yes,yes
4440,yes,yes
4441,yes,yes
4442,blue and yellow,yellow
4444,yes,yes
4445,yes,yes
4447,yes,yes
4448,pink,pink
4450,yes,yes
4451,it is a cup with a smiley face,cup
4452,blue,blue
4453,,brown
4456,purple flowers,purple
4457,black,black
4459,heart,heart
4461,yes,yes
4462,the number 4,number
4463,yes,yes
4464,yes,yes
4468,pink,pink
4469,orange,orange
4470,yes,yes
4471,black,black
4472,orange,orange
4473,yellow,yellow
4475,pink,pink
4476,yes,yes
4477,a cat,cat
4478,yes,yes
4479,yes,yes
4480,yes,yes
4481,yes,yes
4482,yes,yes
4483,yes,yes
4484,white,white
4485,yes,yes
4486,yes,yes
4487,pink,pink
4488,autumn,autumn
4489,white flowers,white
4491,yes,yes
4492,black,black
4493,pink,pink
4494,black,black
4496,yes,yes
4497,yellow,yellow
4498,yes,yes
4499,m,m
4500,yes,yes
4502,black and white,black
4503,purple,purple
4504,purple flowers,purple
4505,orange,orange
4506,yes,yes
4508,gold butterflies,gold
4510,yes,yes
4511,yes,yes
4513,yes,yes
4515,pink,pink
4516,yes,yes
4517,heart,heart
4518,yes,yes
4519,yes,yes
4520,yes,yes
4521,white,white
4522,yes,yes
4523,black,black
4524,yes,yes
4525,yellow,yellow
4527,,hearts
4528,yes,yes
4529,blue butterfly,blue
4530,black,black
4531,yes,yes
4532,yes,yes
4533,woven basket,woven
4534,yes,yes
4535,yes,yes
4536,red green blue,red
4537,yes,yes
4538,yes,yes
4539,pink,pink
4542,motorcycle,motorcycle
4543,yes,yes
4544,yes,yes
4545,yes,yes
4546,the shape of the design is a heart,heart
4547,white,white
4549,red glitter with a crown,red
4550,black,black
4551,m,m
4552,yes,yes
4553,yes,yes
4554,yes,yes
4555,blue,blue
4557,yes,yes
4558,blue sky with stars,blue
4559,yes,yes
4560,yes,yes
4561,yes,yes
4562,yes,yes
4563,yes,yes
4566,yes,yes
4567,pink,pink
4568,heart,heart
4570,the letter r is a heart,heart
4571,yellow,yellow
4573,yes,yes
4574,yes,yes
4575,the sky is blue,blue
4576,yes,yes
4577,yes,yes
4578,yes,yes
4579,red,red
4580,blue,blue
4582,pink,pink
4583,yes,yes
4584,a white dog,dog
4585,yes,yes
4586,black,black
4587,blue butterfly,blue
4588,,vertical
4589,red blue white black green,red
4590,yes,yes
4591,orange,orange
4592,pink flowers,pink
4593,yes,yes
4594,yes,yes
4595,yes,yes
4597,yes,yes
4598,red flower,red
4599,s,s
4600,black,black
4601,yes,yes
4602,,flowers
4603,yes,yes
4604,yes,yes
4606,black,black
4607,black,black
4608,yes,yes
4609,black and white,white
4610,black,black
4611,pink flowers,pink
4612,yes,yes
4613,pink background,pink
4615,yes,yes
4616,black,black
4618,yes,yes
4619,black,black
4620,yes,yes
4621,yes,yes
4622,yes,yes
4623,red hearts,red
4624,black,black
4625,yes,yes
4626,blue,blue
4627,yes,yes
4628,yes,yes
4629,yes,yes
4630,yes,yes
4631,purple,purple
4632,yes,yes
4633,yes,yes
4634,black,black
4635,yes,yes
4636,yes,yes
4637,yes,yes
4638,yes,yes
4639,red,red
4640,yes,yes
4641,yes,yes
4642,yes,yes
4643,yes,yes
4644,it is a pattern of squares and circles,square
4645,blue,blue
4646,yes,yes
4647,black and white,black
4648,yes,yes
4649,yes,yes
4650,yes,yes
4651,red,red
4652,yes,yes
4653,yes,yes
4654,white,white
4655,pink,pink
4656,red,red
4657,red yellow pink white green,red
4658,yes,yes
4659,yes,yes
4661,wood,wood
4662,yes,yes
4663,yes,yes
4666,red,red
4667,black,black
4671,yes,yes
4672,pink,pink
4673,yes,yes
4675,,black
4676,yes,yes
4677,black,black
4678,yes,yes
4679,yes,yes
4680,yes,yes
4682,red,red
4683,pink,pink
4684,black,black
4685,yes,yes
4686,yes,yes
4687,yes,yes
4688,yes,yes
4689,pink,pink
4690,yes,yes
4691,yes,yes
4692,black,black
4693,yellow,yellow
4694,red yellow green blue pink,green
4695,yes,yes
4697,purple,purple
4698,red and white,red
4699,yes,yes
4700,yes,yes
4701,yes,yes
4702,yes,yes
4705,yellow,yellow
4706,yes,yes
4707,red,red
4708,pink flowers,pink
4710,red,red
4712,yes,yes
4713,yes,yes
4714,black and white,black
4715,yes,yes
4716,yes,yes
4717,pink tulips,pink
4719,,hearts
4720,yes,yes
4722,yes,yes
4724,yes,yes
4725,blue,blue
4726,yes,yes
4727,yes,yes
4728,wood,wood
4729,yes,yes
4730,,stars
4731,yes,yes
4732,yes,yes
4733,goose,goose
4734,,black
4736,orange,orange
4737,yes,yes
4739,yes,yes
4740,yellow,yellow
4741,purple,purple
4742,yes,yes
4743,yes,yes
4744,gold,gold
4745,yes,yes
4746,yes,yes
4747,orange,orange
4748,motorcycle,motorcycle
4750,yes,yes
4751,yes,yes
4752,yes,yes
4753,yes,yes
4754,blue,blue
4755,black and white,black
4756,black and white,black
4757,yes,yes
4758,orange,orange
4759,yes,yes
4760,yes,yes
4761,black,black
4762,yes,yes
4763,yes,yes
4765,black,black
4766,yes,yes
4768,yes,yes
4769,pink,pink
4770,yes,yes
4771,yes,yes
4773,yes,yes
4774,black and white,white
4776,yes,yes
4777,yes,yes
4778,yes,yes
4779,yes,yes
4780,orange,orange
4781,black,black
4783,yes,yes
4784,black,black
4785,yes,yes
4786,the case predominantly is a pink flamingo pattern,pink
4788,yes,yes
4789,yes,yes
4791,yes,yes
4792,black,black
4794,yes,yes
4795,floral pattern,floral
4796,yes,yes
4797,yes,yes
4798,black,black
4799,yes,yes
4800,yes,yes
4801,,white
4802,yes,yes
4803,orange,orange
4804,yes,yes
4805,black,black
4806,yes,yes
4809,purple,purple
4810,yes,yes
4813,yes,yes
4814,pink,pink
4818,,heart
4819,black,black
4820,yes,yes
4821,black,black
4823,yes,yes
4824,yes,yes
4826,blue,blue
4828,yes,yes
4829,green leaves,green
4830,yes,yes
4832,the background is a blue sky with a full moon,blue
4833,yes,yes
4834,yes,yes
4836,the background is pink,pink
4838,black,black
4839,,wood
4842,blue,blue
4843,yes,yes
4844,orange,orange
4846,lion,lion
4847,yes,yes
4851,yes,yes
4852,blue moon,blue
4854,a cat,cat
4856,black,black
4857,yes,yes
4858,pink,pink
4860,yes,yes
4861,yes,yes
4862,pink,pink
4863,black,black
4864,the shape of the case is a heart with stars,heart
4865,the case is made of brown wood and the leaf,brown
4866,black,black
4867,blue,blue
4868,pink,pink
4869,yes,yes
4870,yes,yes
4871,black,black
4872,yes,yes
4874,wood,wood
4875,yes,yes
4876,yes,yes
4877,yes,yes
4878,black,black
4879,yes,yes
4881,it is a pink case with black swirls,pink
4883,yes,yes
4884,yes,yes
4885,aquarius,aquarius
4886,yes,yes
4887,yes,yes
4888,panda bear,panda
4889,yes,yes
4890,yes,yes
4891,yes,yes
4892,a butterfly,butterfly
4893,unicorn,unicorn
4894,bear,bears
4895,yes,yes
4896,pink,pink
4897,blue,blue
4898,yes,yes
4901,the case is yellow,yellow
4902,yes,yes
4903,squirrel,squirrel
4904,yes,yes
4905,the background is a blue sky with a full moon,blue
4906,yes,yes
4908,,floral
4909,yes,yes
4910,yes,yes
4911,yes,yes
4912,blue peacock,blue
4913,yes,yes
4914,yes,yes
4916,yes,yes
4917,orange,orange
4918,pink and blue,pink
4919,the image background is a desert scene with a pair,desert
4922,yes,yes
4923,yes,yes
4924,black,black
4925,a tree and a building,tree
4927,orange,orange
4928,yes,yes
4929,blue hydrangea,blue
4930,yes,yes
4931,yes,yes
4932,yes,yes
4933,green,green
4934,yes,yes
4937,white,white
4940,yes,yes
4941,white,white
4944,purple,purple
4945,black,black
4947,light blue,blue
4948,beige,beige
4950,white,white
4951,black and white geometric pattern,geometric
4952,they are all purple,purple
4953,blue,blue
4954,black,black
4955,white,white
4957,white,white
4958,gingham,gingham
4960,purple,purple
4961,blue,blue
4962,yes,yes
4963,white,white
4964,bath towels,towels
4966,this drain is a bronze finish,bronze
4967,yes,yes
4969,white,white
4970,white,white
4972,white,white
4973,navy,navy
4975,square,square
4976,purple,purple
4977,they are all purple,purple
4981,it is a pink color,pink
4982,white,white
4983,burgundy,burgundy
4984,yes,yes
4985,beige,beige
4986,yes,yes
4987,beige,beige
4989,blue,blue
4990,white,white
4991,grey,grey
4993,yes,yes
4995,yes,yes
4996,blue,blue
4997,grey,grey
4999,white,white
5000,white,white
5001,pink,pink
5003,white,white
5004,blue,blue
5005,black,black
5006,yes,yes
5009,they are beige,beige
5010,square,square
5013,blue,blue
5014,yes,yes
5015,yes,yes
5017,polka dot,polka
5018,black,black
5020,dinosaurs,dinosaur
5024,yes,yes
5026,white,white
5027,cars,cars
5028,yes,yes
5029,stripes,stripes
5032,yes,yes
5033,red,red
5034,blue,blue
5035,white,white
5036,its a round shape,round
5040,blue,blue
5042,navy,navy
5043,yes,yes
5044,the end is a round shape,round
5045,white,white
5047,yes,yes
5049,white,white
5050,yes,yes
5051,yes,yes
5053,yes,yes
5055,yes,yes
5056,blue,blue
5057,green,green
5058,white,white
5061,blue,blue
5062,gray and white chevron pattern,chevron
5063,purple,purple
5065,the pattern is a geometric pattern,geometric
5066,purple,purple
5067,red,red
5068,white,white
5069,yes,yes
5070,white,white
5071,white,white
5072,pillow is square,square
5073,yes,yes
5074,white,white
5078,blue,blue
5080,plaid,plaid
5081,its a pattern of a chevron pattern,chevron
5082,yes,yes
5083,the towels are in a square shape,square
5085,white,white
5086,elephants,elephants
5087,black,black
5088,white,white
5089,black,black
5091,blue,blue
5092,white,white
5094,yes,yes
5097,blue,blue
5099,yes,yes
5100,silver,silver
5101,yes,yes
5103,beige,beige
5107,yes,yes
5108,rectangle,rectangle
5109,yes,yes
5112,a lion,lion
5113,yes,yes
5116,black,black
5117,white,white
5119,blue,blue
5121,yes,yes
5122,yes,yes
5123,black,black
5124,yes,yes
5125,beige,beige
5126,red,red
5127,white,white
5128,white,white
5130,striped,striped
5131,dark blue,blue
5132,brown,brown
5133,white,white
5135,yes,yes
5136,white,white
5137,its a square,square
5138,yes,yes
5140,white,white
5145,the background color is white,white
5148,yes,yes
5151,plaid,plaid
5152,yes,yes
5154,white,white
5155,yes,yes
5156,yes,yes
5157,blue,blue
5158,white,white
5160,green,green
5162,black,black
5163,beige,beige
5164,black,black
5165,purple,purple
5166,yes,yes
5167,pink,pink
5168,white,white
5169,brown,brown
5172,blue,blue
5174,white,white
5175,black,black
5176,white,white
5177,beige,beige
5180,red,red
5181,they are round,round
5182,beige,beige
5183,white,white
5185,purple,purple
5187,blue,blue
5190,yes,yes
5191,black,black
5193,the color of the object is dark blue,blue
5194,yes,yes
5195,yes,yes
5198,white,white
5199,blue,blue
5200,yes,yes
5201,plaid,plaid
5202,blue,blue
5203,white,white
5205,white,white
5207,white,white
5208,white,white
5209,white and navy,white
5210,beige,beige
5211,blue,blue
5212,white,white
5213,black,black
5214,its a square pillow,square
5216,white,white
5217,black,black
5218,white,white
5219,white,white
5220,yes,yes
5221,gray,gray
5224,,rectangular
5227,yes,yes
5229,wood,wood
5232,blue,blue
5233,yes,yes
5235,white,white
5236,yes,yes
5237,yes,yes
5238,blue,blue
5239,green,green
5240,polar bear,bear
5241,yes,yes
5242,yes,yes
5243,white,white
5244,yes,yes
5245,yes,yes
5246,white,white
5248,black,black
5249,white,white
5251,black,black
5254,yes,yes
5255,yes,yes
5256,black and white plaid,plaid
5257,white,white
5259,black,black
5260,blue,blue
5261,yes,yes
5262,the drawers are rectangular,rectangular
5263,green,green
5265,white,white
5266,white,white
5267,red,red
5268,white,white
5270,the clock is round,round
5271,rectangular,rectangular
5272,white,white
5273,black,black
5274,white,white
5275,white,white
5276,yes,yes
5277,the shelf shape is a rectangular shape with a flat,rectangular
5278,white,white
5279,yes,yes
5280,white,white
5282,yes,yes
5283,dark brown,brown
5284,yes,yes
5285,white,white
5286,brown,brown
5287,yes,yes
5289,yes,yes
5290,yes,yes
5293,dark brown,brown
5294,blue,blue
5295,yes,yes
5296,black,black
5297,yes,yes
5298,yes,yes
5302,the legs are black,black
5303,white,white
5305,yes,yes
5307,white,white
5308,white,white
5309,yes,yes
5312,dining chair,chair
5313,gray,gray
5315,yes,yes
5316,blue,blue
5317,white,white
5321,its a round clock,round
5322,yes,yes
5323,square,square
5325,yes,yes
5326,it is a round clock,round
5327,yes,yes
5329,yes,yes
5330,yes,yes
5332,yes,yes
5337,yes,yes
5338,yes,yes
5340,yes,yes
5341,yes,yes
5343,rectangle,rectangle
5345,white,white
5346,white,white
5347,square,square
5348,square,square
5349,white,white
5350,gold,gold
5351,yes,yes
5352,the giraffe,giraffe
5354,yes,yes
5355,white,white
5356,brown,brown
5357,white,white
5359,rectangular,rectangular
5360,round,round
5361,yes,yes
5363,green,green
5364,yes,yes
5365,blue,blue
5366,round,round
5370,yes,yes
5371,yes,yes
5372,yes,yes
5373,yes,yes
5374,the cushions are in the shape of a square,square
5376,white,white
5378,white,white
5380,the lines are red,red
5381,yes,yes
5382,its a wood frame with a black frame,black
5383,black,black
5384,yes,yes
5385,yes,yes
5386,black,black
5387,yes,yes
5388,yes,yes
5390,white,white
5391,white,white
5393,blue,blue
5395,yes,yes
5397,white,white
5398,dark brown,brown
5402,black,black
5403,black,black
5404,yes,yes
5405,yes,yes
5406,square,square
5408,its a round table,round
5409,round,round
5410,white,white
5412,white,white
5413,yes,yes
5414,it is a square shape,square
5417,yes,yes
5421,an elephant,elephant
5422,yes,yes
5426,yes,yes
5428,white,white
5429,yes,yes
5430,it is a square shape,square
5431,blue,blue
5432,yes,yes
5435,round,round
5436,it is made of wood,wood
5438,it is a rectangular shape,rectangular
5441,it is a round clock,round
5443,yes,yes
5444,yes,yes
5446,yes,yes
5447,white,white
5448,yes,yes
5449,black,black
5451,beige,beige
5452,yes,yes
5453,brown,brown
5454,yes,yes
5458,yes,yes
5461,rectangular,rectangular
5462,yes,yes
5463,black,black
5464,white,white
5465,white,white
5467,yes,yes
5468,gray,gray
5470,the clock is round,round
5473,yes,yes
5474,yes,yes
5475,square,square
5477,yes,yes
5478,black,black
5479,yes,yes
5480,dark gray,gray
5483,black,black
5484,white,white
5485,yes,yes
5486,yellow,yellow
5487,yes,yes
5489,yes,yes
5490,black,black
5491,yes,yes
5496,black,black
5497,yes,yes
5498,yes,yes
5499,square,square
5500,black,black
5501,yes,yes
5502,yes,yes
5503,yes,yes
5504,blue,blue
5506,yes,yes
5510,beige,beige
5511,yes,yes
5512,it is beige,beige
5513,dark blue,blue
5514,cream,cream
5515,brown,brown
5516,yes,yes
5519,rectangular,rectangular
5520,black,black
5521,yes,yes
5522,round,round
5523,red,red
5524,yes,yes
5525,yes,yes
5526,yes,yes
5527,white,white
5528,yes,yes
5530,black,black
5531,,hearts
5533,white,white
5534,white,white
5535,white,white
5536,white,white
5537,yes,yes
5538,white,white
5540,black,black
5541,gold,gold
5543,black,black
5544,black,black
5547,it is a rectangular desk with a single drawer,rectangular
5549,blue and white plaid,plaid
5550,white,white
5551,black,black
5552,white,white
5554,the sofa is a red sofa with two pillows,pillows
5556,yes,yes
5557,yes,yes
5558,white,white
5560,grey,grey
5561,yes,yes
5562,white,white
5564,round,round
5565,yes,yes
5567,yes,yes
5569,blue and red,blue
5570,yes,yes
5571,white,white
5573,the seat is beige,beige
5575,brown,brown
5576,,brown
5579,leather,leather
5580,blue,blue
5581,yes,yes
5584,purple,purple
5585,yes,yes
5586,yes,yes
5588,blue,blue
5589,yes,yes
5591,yes,yes
5594,its a square,square
5596,black,black
5597,it is round,round
5599,white,white
5601,a heart shape,heart
5603,white,white
5605,gray,gray
5606,yes,yes
5608,white,white
5609,yes,yes
5610,white,white
5613,yellow,yellow
5614,white,white
5615,yes,yes
5616,beige,beige
5617,yes,yes
5618,white,white
5620,wood,wood
5622,yes,yes
5623,yes,yes
5624,white,white
5625,white,white
5627,yellow floral pattern,floral
5628,black,black
5629,white,white
5632,yes,yes
5633,white,white
5634,yes,yes
5635,the pattern is a geometric design,geometric
5636,yes,yes
5640,clear,clear
5641,yes,yes
5642,yes,yes
5643,dark brown,brown
5644,yes,yes
5645,yes,yes
5647,yes,yes
5649,metal,metal
5650,white,white
5651,yes,yes
5652,yes,yes
5653,yes,yes
5654,yes,yes
5655,white,white
5658,white,white
5659,yes,yes
5661,yes,yes
5662,yes,yes
5663,white,white
5664,white,white
5665,it is a round clock,round
5666,white,white
5668,yes,yes
5670,blue,blue
5671,black,black
5672,rectangle,rectangle
5674,yes,yes
5677,yes,yes
5678,black,black
5681,yes,yes
5682,green,green
5683,the decals are blue and white,blue
5685,grey,grey
5686,yes,yes
5687,gray,gray
5688,yes,yes
5689,yes,yes
5690,yes,yes
5691,yes,yes
5693,rectangle,rectangle
5696,white,white
5697,yes,yes
5698,yes,yes
5700,brown,brown
5702,brown,brown
5703,white,white
5704,yes,yes
5705,silver,silver
5706,yes,yes
5707,white,white
5708,yes,yes
5709,yes,yes
5710,yes,yes
5712,white,white
5713,yes,yes
5714,black,black
5715,black,black
5716,yes,yes
5717,yes,yes
5718,white,white
5721,its a square ottoman,square
5722,yes,yes
5724,white,white
5726,it is a rectangular shape,rectangular
5727,yes,yes
5728,white,white
5729,black,black
5734,white,white
5736,yes,yes
5737,they are silver,silver
5738,black,black
5740,yes,yes
5741,they are all gray,gray
5742,yes,yes
5743,black,black
5744,yes,yes
5746,blue,blue
5747,silver,silver
5748,yes,yes
5749,yes,yes
5752,yes,yes
5753,yes,yes
5754,black,black
5755,red,red
5757,glass,glass
5758,yes,yes
5759,it is a rectangular bag with a blue stripe pattern,rectangular
5760,black,black
5764,yes,yes
5766,yes,yes
5767,black,black
5768,white,white
5770,yes,yes
5772,yes,yes
5773,yes,yes
5775,red,red
5776,yes,yes
5778,the spoons are silver,silver
5779,black,black
5780,black,black
5781,blue,blue
5782,yes,yes
5783,black and white,white
5785,yes,yes
5786,they are round,round
5787,rectangular,rectangular
5789,blue,blue
5790,blue,blue
5793,silver,silver
5794,red,red
5795,silver,silver
5797,white,white
5798,yes,yes
5800,yes,yes
5801,white,white
5802,white,white
5803,yes,yes
5804,they are round,round
5805,yes,yes
5806,blue,blue
5807,its a dark brown,brown
5809,white,white
5810,yes,yes
5811,black,black
5812,yes,yes
5813,yes,yes
5814,yes,yes
5817,black,black
5818,green,green
5819,black,black
5820,yes,yes
5821,copper,copper
5822,yes,yes
5823,black,black
5825,yes,yes
5827,yes,yes
5828,green,green
5829,white,white
5830,white,white
5831,white,white
5832,silver,silver
5834,white,white
5836,,rectangular
5838,yes,yes
5839,the spoons are silver,silver
5841,the plates are round,round
5842,white,white
5844,they are round,round
5845,yes,yes
5846,yes,yes
5848,brown,brown
5849,yes,yes
5851,silver,silver
5852,yes,yes
5853,yes,yes
5854,white,white
5855,black,black
5857,yes,yes
5859,yes,yes
5860,black,black
5862,yes,yes
5863,green,green
5864,yes,yes
5866,white,white
5868,yes,yes
5869,silver,silver
5870,the bench cover is a great way to protect your,cover
5871,yes,yes
5872,yes,yes
5873,blue,blue
5874,yes,yes
5875,black,black
5876,orange,orange
5877,yes,yes
5878,red,red
5879,black,black
5881,they are white,white
5882,metal,metal
5883,yes,yes
5884,black,black
5885,yes,yes
5886,white,white
5887,black,black
5888,yes,yes
5889,its purple and blue,purple
5890,black,black
5891,the utensils are silver,silver
5893,yes,yes
5896,yes,yes
5897,yes,yes
5899,yes,yes
5900,silver,silver
5901,yes,yes
5902,white,white
5903,black,black
5904,black,black
5905,white,white
5906,yes,yes
5907,black,black
5909,its purple,purple
5910,the circles are round,round
5911,yes,yes
5912,yes,yes
5913,yes,yes
5914,yes,yes
5915,white,white
5916,red,red
5917,black,black
5918,white,white
5921,yes,yes
5922,white,white
5923,yes,yes
5924,black,black
5925,yes,yes
5927,yes,yes
5928,white,white
5931,yes,yes
5932,black,black
5934,round,round
5935,brown,brown
5936,black,black
5939,they are square,square
5941,black,black
5944,blue,blue
5945,yes,yes
5946,yes,yes
5948,white,white
5949,it is a square pillow,square
5950,the text is green,green
5951,yes,yes
5953,yellow,yellow
5954,green,green
5956,gold,gold
5957,black,black
5958,black,black
5959,amazons surface is blue,blue
5961,yes,yes
5962,yes,yes
5964,black,black
5965,blue,blue
5967,black,black
5968,black,black
5969,black,black
5970,orange,orange
5973,its a star,star
5974,black,black
5975,yes,yes
5976,blue,blue
5977,yes,yes
5978,black,black
5981,metal,metal
5982,yes,yes
5984,green,green
5985,it is square,square
5987,,white
5988,black,black
5989,blue,blue
5990,yes,yes
5992,white,white
5993,dried mango,mango
5994,lavender,lavender
5996,white,white
5998,brown,brown
6002,white,white
6003,its yellow gold,gold
6005,black,black
6006,mint chocolate chip,mint
6007,square,square
6009,green,green
6010,red,red
6012,black,black
6013,black,black
6015,black,black
6016,leather,leather
6017,green,green
6019,black,black
6020,white,white
6021,yes,yes
6022,blue marble,blue
6023,yes,yes
6024,black,black
6025,black,black
6027,yes,yes
6028,yes,yes
6029,black,black
6030,striped,striped
6031,black,black
6034,yes,yes
6035,white,white
6036,orange,orange
6038,yes,yes
6039,black,black
6042,yes,yes
6043,yes,yes
6044,red,red
6045,blue,blue
6046,black,black
6047,white,white
6050,yes,yes
6051,its a chevron pattern,chevron
6054,its a brown bag with a white label,brown
6055,purple,purple
6058,silver,silver
6060,they are white,white
6061,black,black
6062,white,white
6063,green,green
6064,yes,yes
6066,white,white
6067,blue white yellow green purple,blue
6068,black,black
6070,black,black
6073,yes,yes
6074,white,white
6076,yes,yes
6077,brown,brown
6078,black,black
6079,yes,yes
6081,yes,yes
6083,black,black
6086,the gems are round,round
6087,square,square
6091,black,black
6092,red,red
6094,orange,orange
6095,white,white
6096,green,green
6097,black,black
6099,yes,yes
6100,white,white
6101,yes,yes
6102,the button details are square,square
6103,black,black
6104,the hooks are black,black
6105,,rectangular
6106,,white
6107,dark green,green
6111,blue,blue
6114,yes,yes
6115,black,black
6116,yes,yes
6117,black,black
6118,yes,yes
6119,velvet,velvet
6120,yes,yes
6123,black,black
6128,green,green
6129,yes,yes
6131,yes,yes
6135,green,green
6136,it’s pink,pink
6137,black,black
6139,white,white
6140,white,white
6144,yes,yes
6146,black,black
6148,yes,yes
6154,orange,orange
6157,black,black
6159,red,red
6160,black,black
6164,pink,pink
6165,black,black
6167,black,black
6169,black,black
6171,green,green
6172,its clear,clear
6175,white,white
6176,round,round
6177,black,black
6178,yes,yes
6180,the furniture is black,black
6182,black,black
6184,yes,yes
6185,black,black
6186,black,black
6187,green,green
6188,black,black
6190,black yellow and grey,black
6191,yes,yes
6193,brown,brown
6194,yes,yes
6195,yes,yes
6197,the base is a round shape,round
6199,green brown and red,brown
6200,black,black
6201,black,black
6202,black,black
6203,its a square shape,square
6205,yes,yes
6206,yes,yes
6207,black,black
6208,black,black
6209,yes,yes
6212,green,green
6213,black,black
6214,green,green
6215,white,white
6217,yellow,yellow
6220,yes,yes
6221,yes,yes
6222,gold,gold
6225,heart,heart
6226,black,black
6228,black,black
6229,yes,yes
6232,yes,yes
6233,black,black
6235,black,black
6236,,white
6237,black,black
6238,brown,brown
6239,yes,yes
6240,black,black
6243,brown,brown
6244,yes,yes
6245,green,green
6247,black,black
6248,yes,yes
6249,burgundy,burgundy
6250,white,white
6251,yes,yes
6252,yes,yes
6253,square,square
6254,yellow gold,gold
6257,blue,blue
6258,brown,brown
6259,black,black
6260,black,black
6262,yes,yes
6263,white,white
6264,leather,leather
6265,green,green
6266,black,black
6268,white,white
6269,yes,yes
6271,brown,brown
6272,yes,yes
6273,green,green
6275,red,red
6276,white,white
6278,black,black
6281,cross,cross
6282,red,red
6283,yes,yes
6284,white,white
6285,black,black
6287,purple,purple
6289,red,red
6290,yes,yes
6291,it is a round pendant with a white pearl,round
6293,white,white
6294,brown,brown
6295,yes,yes
6296,red,red
6297,black,black
6298,white,white
6299,black,black
6300,black,black
6301,white,white
6303,round,round
6304,black,black
6305,yes,yes
6307,yes,yes
6308,yes,yes
6310,black,black
6311,they are round,round
6312,black,black
6313,it is a square pillow,square
6314,yes,yes
6315,white,white
6316,black,black
6317,the pans are square,square
6318,black,black
6319,yes,yes
6320,the container is pink,pink
6321,pink,pink
6322,blue,blue
6323,blue,blue
6324,yes,yes
6325,black,black
6327,purple,purple
6329,its a square,square
6332,yes,yes
6333,yes,yes
6334,black,black
6335,black,black
6336,the cup is made of glass,glass
6339,brown,brown
6340,blue,blue
6341,yes,yes
6343,orange,orange
6344,yes,yes
6346,black,black
6347,yes,yes
6348,its a round cake,round
6349,blue,blue
6351,no,no
6352,yes,yes
6353,blue,blue
6354,yes,yes
6357,black,black
6358,blue,blue
6359,black,black
6360,the shades are white,white
6362,orange,orange
6363,yes,yes
6365,yes,yes
6366,black,black
6367,black,black
6370,black,black
6371,yes,yes
6373,black,black
6374,metal,metal
6375,the bag has a zipper closure,zipper
6378,green,green
6379,they are pink,pink
6381,blue,blue
6382,black,black
6384,brown,brown
6385,black,black
6386,black,black
6388,yes,yes
6390,yes,yes
6391,blue,blue
6393,silver,silver
6398,blue,blue
6399,yes,yes
6401,yellow,yellow
6402,pearls,pearls
6404,orange,orange
6405,yes,yes
6406,black,black
6407,black,black
6409,pink,pink
6410,blue,blue
6411,grey,grey
6413,black,black
6415,black,black
6416,yes,yes
6417,yes,yes
6419,yes,yes
6420,brown,brown
6421,yes,yes
6422,white,white
6423,black,black
6424,black,black
6426,black,black
6429,yes,yes
6430,yes,yes
6433,yes,yes
6434,yes,yes
6435,black,black
6436,yes,yes
6437,yes,yes
6438,yes,yes
6439,it is pink,pink
6440,v,v
6442,yes,yes
6443,a dog,dog
6444,yes,yes
6445,yes,yes
6447,red blue yellow green orange,red
6448,yes,yes
6449,tiger,tiger
6451,yes,yes
6454,yes,yes
6455,gold,gold
6456,yellow,yellow
6460,black,black
6461,yes,yes
6462,yes,yes
6463,yes,yes
6464,yes,yes
6465,yes,yes
6466,black,black
6467,green,green
6469,yes,yes
6470,,black
6471,yes,yes
6472,yes,yes
6473,red blue yellow green orange,blue
6474,yes,yes
6476,yes,yes
6478,yes,yes
6479,black,black
6480,yes,yes
6481,yes,yes
6482,yellow,yellow
6483,black,black
6484,yes,yes
6485,yes,yes
6486,yes,yes
6487,yes,yes
6489,a teddy bear,bear
6490,yes,yes
6491,heart,heart
6492,yes,yes
6495,yes,yes
6496,yellow,yellow
6497,yes,yes
6498,yes,yes
6499,green,green
6500,red,red
6501,yes,yes
6502,yes,yes
6503,yes,yes
6504,red,red
6505,yes,yes
6507,yes,yes
6508,black,black
6509,blue,blue
6511,yes,yes
6512,yes,yes
6514,blue,blue
6515,yes,yes
6517,yes,yes
6518,blue,blue
6519,yes,yes
6520,black,black
6521,blue butterflies,blue
6522,wood,wood
6523,pink,pink
6524,black,black
6525,yes,yes
6527,red,red
6528,red,red
6529,,wood
6530,yes,yes
6532,yes,yes
6533,black,black
6535,purple,purple
6536,yes,yes
6537,white,white
6538,orange,orange
6539,yes,yes
6542,yes,yes
6543,yes,yes
6544,blue,blue
6547,blue,blue
6548,pink,pink
6551,black,black
6553,black,black
6554,yes,yes
6555,yes,yes
6557,black,black
6559,,black
6560,yes,yes
6562,yes,yes
6563,yes,yes
6564,yes,yes
6565,yes,yes
6566,black,black
6568,,oval
6569,panda,pandas
6570,yes,yes
6571,yes,yes
6572,yes,yes
6573,yes,yes
6574,gold,gold
6576,yes,yes
6577,blue,blue
6578,yes,yes
6579,yes,yes
6580,yes,yes
6581,yes,yes
6582,motorcycle,motorcycle
6583,the pattern is a wood grain pattern,wood
6584,blue,blue
6585,yes,yes
6586,yes,yes
6587,heart,heart
6588,yes,yes
6589,yes,yes
6591,,trees
6592,yes,yes
6594,gaming controller,controller
6595,yes,yes
6596,yes,yes
6597,yes,yes
6598,yes,yes
6599,yes,yes
6600,blue,blue
6601,yes,yes
6604,yes,yes
6605,yes,yes
6606,gold,gold
6607,yes,yes
6609,yes,yes
6611,green,green
6612,yes,yes
6615,yes,yes
6616,yes,yes
6617,yes,yes
6618,it is a heart shape,heart
6620,yes,yes
6621,orange,orange
6622,yes,yes
6623,yes,yes
6624,pink,pink
6625,red glitter,red
6626,yes,yes
6627,brown,brown
6628,yes,yes
6629,yes,yes
6630,blue butterfly,blue
6631,brown,brown
6632,yes,yes
6633,yes,yes
6634,yes,yes
6635,yes,yes
6636,yes,yes
6637,yes,yes
6638,yes,yes
6639,yes,yes
6640,yes,yes
6641,orange,orange
6647,yes,yes
6648,yes,yes
6649,red,red
6650,black,black
6651,yes,yes
6652,black,black
6653,blue,blue
6654,blue,blue
6655,black,black
6656,yes,yes
6657,yes,yes
6658,yes,yes
6662,red,red
6663,heart,heart
6664,blue,blue
6665,yes,yes
6666,red,red
6668,yes,yes
6669,yes,yes
6670,black,black
6671,yes,yes
6672,lion,lion
6674,blue,blue
6675,yes,yes
6676,black,black
6677,yes,yes
6678,yes,yes
6679,yes,yes
6681,yes,yes
6685,flowers,flowers
6686,,hearts
6687,yes,yes
6688,yes,yes
6689,yes,yes
6690,the top portion is a blue sky with a red,blue
6691,yes,yes
6692,yes,yes
6693,yes,yes
6694,yes,yes
6696,yes,yes
6699,orange,orange
6700,yes,yes
6701,black,black
6702,red,red
6704,yes,yes
6705,yes,yes
6706,the background color is black,black
6707,yes,yes
6709,yes,yes
6710,yes,yes
6712,,blue
6713,butterfly,butterfly
6714,yes,yes
6715,yes,yes
6716,black,black
6718,a cat,cat
6720,yes,yes
6721,yes,yes
6722,purple,purple
6723,yes,yes
6724,black and white chevron pattern,chevron
6725,w,w
6726,yes,yes
6727,yes,yes
6728,smiley face,smile
6729,red,red
6730,yes,yes
6731,heart,heart
6732,yellow,yellow
6733,yes,yes
6735,squirrel,squirrel
6736,yes,yes
6737,yes,yes
6738,yes,yes
6739,its a heart,heart
6740,black,black
6741,yes,yes
6742,the phone case is made of wood,wood
6743,blue,blue
6744,yes,yes
6745,black,black
6746,black,black
6747,yes,yes
6748,a teddy bear,bear
6749,yes,yes
6750,blue,blue
6751,yes,yes
6753,black,black
6754,yes,yes
6755,yes,yes
6756,yes,yes
6758,yes,yes
6760,blue moon,blue
6761,black and white,black
6763,blue,blue
6764,yes,yes
6765,black,black
6766,black,black
6767,yes,yes
6768,,pink
6770,yes,yes
6771,purple,purple
6772,,blue
6774,green,green
6775,yes,yes
6777,yes,yes
6778,yes,yes
6779,blue,blue
6780,the corners are rounded,rounded
6781,yes,yes
6782,yes,yes
6784,yes,yes
6786,orange,orange
6787,yes,yes
6788,yes,yes
6789,red blue and white,blue
6790,yes,yes
6791,flowers,flowers
6792,yellow,yellow
6793,yellow,yellow
6794,elephant,elephant
6795,yes,yes
6796,yes,yes
6797,yes,yes
6798,yes,yes
6799,black and white,black
6800,yes,yes
6801,lion,lion
6802,yes,yes
6803,black,black
6804,yes,yes
6805,pink,pink
6806,white,white
6807,panda,panda
6808,c,c
6809,yes,yes
6810,red,red
6811,pink,pink
6812,heart,heart
6813,yes,yes
6814,yes,yes
6815,yes,yes
6816,red and white,red
6817,yes,yes
6818,red blue and white,red
6819,yes,yes
6820,yes,yes
6821,red,red
6822,gold,gold
6824,yes,yes
6825,yes,yes
6827,yes,yes
6829,yes,yes
6830,yes,yes
6831,tiger,tiger
6832,pink,pink
6833,brown,brown
6834,red glitter,red
6835,black,black
6837,the background is a bright yellow,yellow
6838,blue,blue
6839,yes,yes
6840,yes,yes
6842,blue,blue
6843,yes,yes
6844,red yellow blue green orange,yellow
6845,black,black
6846,yes,yes
6848,yes,yes
6849,yes,yes
6850,its yellow,yellow
6851,peacock,peacock
6852,yes,yes
6853,yes,yes
6855,graffiti,graffiti
6856,yellow,yellow
6857,blue,blue
6858,green,green
6860,yes,yes
6861,yes,yes
6862,yes,yes
6864,yes,yes
6865,,rectangular
6866,black,black
6867,yes,yes
6868,the plant is a wheat field,wheat
6869,yes,yes
6870,black,black
6871,yes,yes
6873,blue,blue
6874,blue,blue
6876,yes,yes
6877,black,black
6878,yes,yes
6879,red green blue yellow orange,red
6880,yes,yes
6882,yes,yes
6883,a boat on the water at sunset,boat
6884,black,black
6885,heart,hearts
6886,multicolor,multicolor
6888,pink,pink
6889,tiger,tiger
6890,blue,blue
6891,,wood
6893,black,black
6894,yes,yes
6896,yes,yes
6897,blue yellow red,yellow
6899,black,black
6900,yes,yes
6902,blue,blue
6904,orange,orange
6905,yes,yes
6906,yes,yes
6907,yes,yes
6908,yes,yes
6909,yes,yes
6910,yes,yes
6911,yes,yes
6912,yes,yes
6913,orange,orange
6914,yes,yes
6915,yes,yes
6917,yes,yes
6918,a cat,cat
6919,red blue orange yellow green,blue
6921,black,black
6922,blue,blue
6923,yes,yes
6924,yes,yes
6925,black,black
6926,yes,yes
6927,purple,purple
6928,,wood
6929,yes,yes
6930,black,black
6931,hearts,heart
6933,black and white,black
6934,yes,yes
6935,yes,yes
6936,yes,yes
6937,yes,yes
6938,pink,pink
6939,a teddy bear,bear
6940,the decoration is a heart shape,heart
6941,yes,yes
6943,black,black
6945,gold,gold
6946,orange,orange
6947,black,black
6948,,yellow
6949,yes,yes
6950,black and white,black
6952,black,black
6953,yes,yes
6955,yes,yes
6956,yes,yes
6957,yes,yes
6958,yes,yes
6960,yes,yes
6961,yes,yes
6962,black,black
6964,yes,yes
6965,yes,yes
6966,yes,yes
6967,yes,yes
6968,blue green orange red yellow,blue
6969,red,red
6971,black,black
6972,yes,yes
6974,,multicolor
6975,yes,yes
6977,gold,gold
6978,yes,yes
6979,yes,yes
6980,yes,yes
6981,yes,yes
6983,yes,yes
6984,purple,purple
6985,black,black
6986,red,red
6987,yes,yes
6989,yes,yes
6990,yes,yes
6991,yes,yes
6995,,wood
6996,yes,yes
6997,red blue yellow orange green,blue
6998,yes,yes
6999,blue,blue
7000,yes,yes
7002,yes,yes
7003,yes,yes
7004,wood,wood
7005,yes,yes
7006,blue,blue
7008,wood,wood
7009,green leaves,green
7010,pink,pink
7011,yes,yes
7012,yes,yes
7013,yes,yes
7014,macarons,macarons
7017,heart,heart
7018,pink,pink
7019,heart,heart
7020,red glitter,red
7021,yes,yes
7023,red and white,red
7024,pink,pink
7025,yes,yes
7026,yes,yes
7027,gold,gold
7028,yes,yes
7029,yes,yes
7030,yes,yes
7031,yes,yes
7032,black,black
7033,yes,yes
7034,lion,lion
7035,yes,yes
7036,lion,lion
7037,yes,yes
7038,pink,pink
7039,yes,yes
7041,yes,yes
7042,orange,orange
7043,yes,yes
7044,yes,yes
7045,yes,yes
7047,red,red
7048,black and white stripes,white
7049,wood,wood
7050,yes,yes
7051,yes,yes
7053,yes,yes
7054,black,black
7055,pink,pink
7056,pink,pink
7057,yes,yes
7058,yes,yes
7059,yes,yes
7060,yes,yes
7061,,circle
7062,pink,pink
7063,z,z
7064,,triangle
7066,red,red
7067,yes,yes
7069,pink,pink
7070,pink,pink
7071,gold,gold
7072,the background is blue,blue
7073,pink,pink
7074,red glitter with a crown,red
7075,black,black
7076,the flower is pink,pink
7077,the sun is a yellowish color,yellow
7078,black,black
7079,the background color is white,white
7080,gold,gold
7081,,yellow
7082,yes,yes
7083,yes,yes
7084,red,red
7086,black,black
7087,yes,yes
7088,elephant,elephant
7089,black,black
7090,yes,yes
7092,it is a heart,heart
7094,yes,yes
7095,yes,yes
7096,it is a white background with colorful flowers,white
7097,yes,yes
7098,yes,yes
7099,yes,yes
7100,yes,yes
7101,wheel of the temple,wheel
7102,pink,pink
7103,black,black
7104,,heart
7105,yes,yes
7106,red,red
7107,red,red
7109,yes,yes
7110,purple flowers,purple
7112,blue,blue
7113,black,black
7114,yes,yes
7118,purple,purple
7120,unicorn,unicorn
7121,yes,yes
7122,yes,yes
7124,pink,pink
7126,yes,yes
7127,yes,yes
7128,yes,yes
7131,yes,yes
7134,yes,yes
7135,yes,yes
7136,pink flowers,pink
7137,the background color of the girl is pink and the,pink
7138,yes,yes
7139,red yellow blue green,yellow
7140,the sky is blue and the stars are red,blue
7141,yes,yes
7142,blue sky,blue
7144,yes,yes
7145,yes,yes
7146,blue,blue
7149,yes,yes
7151,heart,heart
7152,yes,yes
7153,black,black
7154,blue,blue
7155,black,black
7156,yes,yes
7157,yes,yes
7158,yes,yes
7159,yes,yes
7160,black and white,black
7161,yes,yes
7162,yes,yes
7163,yes,yes
7164,yes,yes
7165,black,black
7166,f,f
7167,yes,yes
7168,yes,yes
7169,yes,yes
7170,yes,yes
7171,yes,yes
7172,yes,yes
7175,yes,yes
7176,yes,yes
7177,yes,yes
7178,blue,blue
7179,yes,yes
7180,yes,yes
7182,,rounded
7183,black,black
7184,yes,yes
7185,giraffe,giraffe
7186,yes,yes
7187,red,red
7188,yes,yes
7189,yes,yes
7190,yes,yes
7191,yes,yes
7192,,black
7193,black and white,black
7194,y,y
7195,yes,yes
7196,yes,yes
7197,yes,yes
7199,black,black
7200,yes,yes
7201,panda,panda
7202,pink,pink
7203,yes,yes
7204,yes,yes
7205,purple,purple
7206,yes,yes
7207,,round
7208,yes,yes
7209,yes,yes
7210,yes,yes
7212,yes,yes
7213,black,black
7216,black,black
7217,yes,yes
7218,black,black
7219,yes,yes
7220,gold,gold
7221,the pattern is blue and green,blue
7224,yes,yes
7226,yes,yes
7230,orange,orange
7231,blue,blue
7232,yes,yes
7233,yes,yes
7234,pink,pink
7235,yes,yes
7236,yes,yes
7238,yes,yes
7239,yes,yes
7240,blue,blue
7241,a dog,dog
7242,yes,yes
7243,yes,yes
7244,yes,yes
7245,yes,yes
7246,black,black
7247,yes,yes
7248,yes,yes
7249,yes,yes
7251,yes,yes
7252,orange,orange
7253,yes,yes
7254,yes,yes
7255,yes,yes
7256,yes,yes
7257,yes,yes
7258,yes,yes
7259,red,red
7260,blue flowers,blue
7261,yes,yes
7262,black and white,white
7263,yes,yes
7264,yes,yes
7265,black,black
7266,yes,yes
7267,yes,yes
7268,yes,yes
7270,black,black
7271,gold,gold
7272,the background is black,black
7273,yes,yes
7274,yes,yes
7275,orange,orange
7276,yes,yes
7277,yes,yes
7279,yes,yes
7280,blue,blue
7281,yellow,yellow
7282,yes,yes
7284,yes,yes
7285,pink flowers,pink
7286,black,black
7287,,pink
7288,yes,yes
7289,yes,yes
7291,yes,yes
7292,pink,pink
7293,yes,yes
7295,yes,yes
7296,yes,yes
7297,red glitter,red
7298,yes,yes
7299,black and white,black
7300,blue,blue
7301,yes,yes
7302,yes,yes
7303,yes,yes
7305,yes,yes
7306,pink,pink
7307,,star
7308,,wood
7310,blue green yellow black white,blue
7313,black,black
7315,blue flowers,blue
7316,yes,yes
7319,pink,pink
7321,yes,yes
7322,a cat,cat
7324,blue,blue
7325,yes,yes
7326,pink glitter,pink
7327,pink,pink
7328,yes,yes
7329,black,black
7330,,stripes
7332,yes,yes
7334,blue,blue
7335,red,red
7336,pink,pink
7337,yes,yes
7338,the letter v is a heart,heart
7339,yes,yes
7340,yes,yes
7341,yes,yes
7342,,pink
7343,yes,yes
7344,yes,yes
7345,yellow,yellow
7346,blue,blue
7347,black,black
7348,yellow,yellow
7349,green,green
7351,red blue and white,blue
7352,love,love
7353,yes,yes
7354,white,white
7355,yes,yes
7357,yes,yes
7358,yes,yes
7359,it is a heart shape,heart
7360,pink,pink
7361,red,red
7362,yes,yes
7363,red blue orange yellow green,orange
7364,red,red
7365,red and white,red
7366,red,red
7369,yes,yes
7371,yes,yes
7372,a teddy bear,bear
7373,yes,yes
7374,yes,yes
7375,yes,yes
7376,yes,yes
7377,yes,yes
7378,black,black
7379,yes,yes
7380,black,black
7381,yes,yes
7382,blue,blue
7383,yes,yes
7384,orange,orange
7385,donuts,donuts
7386,yes,yes
7388,purple,purple
7389,yes,yes
7390,yes,yes
7391,no,no
7393,yes,yes
7394,green,green
7395,black,black
7396,yes,yes
7397,yes,yes
7398,orange,orange
7400,blue,blue
7401,yes,yes
7402,black,black
7404,pink,pink
7405,yes,yes
7407,yes,yes
7409,yes,yes
7410,black,black
7411,,wood
7413,yes,yes
7414,black,black
7415,yes,yes
7416,yes,yes
7418,blue butterflies,blue
7419,toucan,toucan
7420,yes,yes
7421,yes,yes
7422,yes,yes
7423,red orange yellow green blue,orange
7424,yellow,yellow
7425,black,black
7426,a yorkie dog,dog
7427,yes,yes
7429,wood,wood
7430,blue butterfly,blue
7431,the decorations are hearts,hearts
7432,owl,owl
7433,yes,yes
7434,red,red
7435,tiger,tiger
7436,yes,yes
7437,red,red
7438,yes,yes
7439,blue,blue
7440,yes,yes
7441,yes,yes
7442,yes,yes
7445,heart,heart
7446,yes,yes
7447,pink,pink
7448,blue flowers,blue
7449,brown,brown
7450,yes,yes
7451,yes,yes
7452,yes,yes
7453,tiger,tiger
7455,gold,gold
7456,yes,yes
7457,red,red
7458,a heart,heart
7462,,brown
7463,blue,blue
7466,blue flowers,blue
7467,brick pattern,brick
7468,red yellow blue green orange,yellow
7469,yes,yes
7471,r,r
7472,red,red
7473,,heart
7474,pink,pink
7475,brown,brown
7476,yes,yes
7477,black,black
7478,it is a pink case with a crown,pink
7479,purple flowers,purple
7480,yes,yes
7481,orange,orange
7482,yes,yes
7483,yes,yes
7484,red brick pattern,brick
7486,yes,yes
7487,yes,yes
7489,yes,yes
7490,yes,yes
7492,yes,yes
7493,blue sky,blue
7494,gold,gold
7496,,beige
7497,corn,corn
7498,yes,yes
7500,yes,yes
7501,black and white,black
7502,red samsung galaxy s10e case,red
7503,pink,pink
7504,red,red
7506,black,black
7507,yellow,yellow
7508,heart,hearts
7510,black,black
7511,yes,yes
7512,black,black
7513,yes,yes
7514,black,black
7515,black,black
7516,yes,yes
7518,black,black
7519,black,black
7520,yes,yes
7523,black,black
7524,black and white,white
7525,yes,yes
7526,blue butterfly,blue
7527,yes,yes
7528,yes,yes
7529,yes,yes
7530,black,black
7531,yes,yes
7532,red,red
7533,yes,yes
7534,r,r
7535,yes,yes
7536,butterfly,butterfly
7537,blue,blue
7538,pink,pink
7539,yes,yes
7540,,teal
7542,yes,yes
7543,yes,yes
7544,yes,yes
7545,yes,yes
7546,blue,blue
7547,black,black
7548,yes,yes
7549,black,black
7550,yes,yes
7551,yes,yes
7552,yes,yes
7553,brown,brown
7554,yes,yes
7555,yes,yes
7556,yes,yes
7557,yes,yes
7558,yes,yes
7559,yes,yes
7560,yes,yes
7561,yes,yes
7563,black,black
7564,blue,blue
7565,yellow,yellow
7566,black and gold,gold
7568,yes,yes
7569,yes,yes
7570,yes,yes
7571,yes,yes
7572,yes,yes
7573,black,black
7574,black,black
7575,blue,blue
7576,yellow,yellow
7580,purple,purple
7581,yes,yes
7582,wood,wood
7583,yes,yes
7584,heart,heart
7586,yes,yes
7587,yes,yes
7588,yes,yes
7589,blue,blue
7590,yes,yes
7591,blue,blue
7592,yes,yes
7593,the background color is green,green
7594,yes,yes
7595,yes,yes
7596,yes,yes
7597,black,black
7599,heart,hearts
7600,yes,yes
7601,yes,yes
7603,black,black
7604,yes,yes
7605,orange slices,orange
7606,pink,pink
7607,yes,yes
7608,yes,yes
7609,brown,brown
7610,yes,yes
7611,black,black
7612,black,black
7613,black,black
7614,yellow fish scales,scales
7615,red blue yellow green orange,blue
7617,blue,blue
7618,yes,yes
7620,black,black
7621,butterfly,butterfly
7622,yes,yes
7623,black,black
7625,yes,yes
7627,yes,yes
7629,pink,pink
7630,yes,yes
7632,black,black
7633,yes,yes
7635,pink,pink
7637,the background is blue,blue
7638,yes,yes
7640,yes,yes
7641,yes,yes
7642,yes,yes
7643,yes,yes
7645,yes,yes
7646,yes,yes
7647,yes,yes
7648,,black
7649,yes,yes
7650,yes,yes
7651,yes,yes
7652,yes,yes
7653,black,black
7654,pink,pink
7655,panda,panda
7656,black,black
7657,yes,yes
7658,yes,yes
7659,red orange yellow black white,black
7660,black,black
7661,,blue
7662,orange,orange
7663,yes,yes
7664,yes,yes
7665,black,black
7666,yes,yes
7667,yes,yes
7669,black,black
7670,yes,yes
7671,yes,yes
7672,corn,corn
7673,yes,yes
7674,yellow,yellow
7675,yes,yes
7676,,black
7678,yes,yes
7680,nuts and bolts,nuts
7682,hearts,hearts
7683,heart,hearts
7684,camera,camera
7685,yes,yes
7686,yes,yes
7687,orange,orange
7688,yes,yes
7689,brown,brown
7690,the background pattern is a wood texture,wood
7692,pink,pink
7694,yes,yes
7695,black,black
7696,blue,blue
7697,red,red
7698,yellow,yellow
7699,yes,yes
7700,yes,yes
7703,yes,yes
7705,yes,yes
7708,yes,yes
7710,yes,yes
7711,red,red
7712,heart,heart
7713,yes,yes
7714,a game controller,controller
7715,gold,gold
7716,yes,yes
7717,black,black
7718,the case is blue and green,blue
7719,,circle
7720,yes,yes
7721,blue,blue
7722,yes,yes
7723,black,black
7724,orange,orange
7725,yes,yes
7726,yes,yes
7728,yes,yes
7729,black,black
7730,yes,yes
7731,abstract,abstract
7732,peacock,peacock
7733,,hearts
7734,yes,yes
7737,white,white
7738,pink flowers,pink
7739,yes,yes
7741,yes,yes
7742,green,green
7744,yes,yes
7746,lion,lion
7747,yellow,yellow
7748,pink,pink
7749,pink and blue,blue
7750,black,black
7751,the background color of this phone case is orange,orange
7752,yes,yes
7753,yes,yes
7754,yes,yes
7755,blue,blue
7757,yes,yes
7759,dark brown,brown
7760,yes,yes
7761,yes,yes
7763,yes,yes
7764,,purple
7765,,blue
7766,yes,yes
7767,white,white
7768,yes,yes
7769,yes,yes
7770,black,black
7772,a parrot,parrot
7773,,green
7774,yes,yes
7775,yes,yes
7776,black and white,black
7777,red,red
7778,yes,yes
7780,yes,yes
7782,black,black
7784,yes,yes
7785,blue,blue
7786,yes,yes
7787,yes,yes
7788,yes,yes
7789,yes,yes
7790,the background color is blue,blue
7791,,heart
7792,yes,yes
7793,white,white
7794,red roses,red
7795,yes,yes
7796,yes,yes
7797,yes,yes
7798,red,red
7800,black,black
7801,red,red
7803,yellow,yellow
7804,black,black
7805,a cat,cat
7806,duck,duck
7807,yes,yes
7808,yes,yes
7809,yes,yes
7813,pink,pink
7814,yes,yes
7815,blue,blue
7817,white,white
7818,yes,yes
7819,yes,yes
7820,a cat,cat
7821,yes,yes
7823,orange,orange
7826,yes,yes
7828,yes,yes
7829,yes,yes
7830,,space
7831,lion,lion
7832,yes,yes
7833,yes,yes
7834,yes,yes
7835,yes,yes
7836,yes,yes
7837,yes,yes
7839,black,black
7840,black,black
7841,yes,yes
7842,pink tulips,pink
7844,yes,yes
7845,lion,lion
7846,yes,yes
7847,pink,pink
7848,the decoration is a heart,heart
7849,blue,blue
7850,pink,pink
7854,yes,yes
7855,yes,yes
7856,yes,yes
7857,black,black
7858,black,black
7859,yes,yes
7860,blue,blue
7861,red,red
7862,yes,yes
7863,bear,bear
7864,yes,yes
7865,yes,yes
7867,pink,pink
7868,black,black
7869,orange,orange
7870,black,black
7871,black,black
7872,,green
7873,yes,yes
7874,black,black
7878,yes,yes
7879,yes,yes
7880,yes,yes
7881,red blue and white,red
7882,yes,yes
7884,mountains and water,mountain
7886,yes,yes
7887,,black
7888,yes,yes
7889,yes,yes
7890,red blue yellow orange green,red
7891,the pattern is a chevron pattern,chevron
7892,its pink and blue,blue
7893,yes,yes
7895,blue,blue
7896,blue yellow red,yellow
7897,yes,yes
7898,yes,yes
7899,yes,yes
7901,yes,yes
7902,yes,yes
7903,yes,yes
7904,yes,yes
7905,blue sky with stars,blue
7909,blue,blue
7911,yes,yes
7912,yes,yes
7913,yes,yes
7914,red glitter with a crown,red
7915,black,black
7916,yes,yes
7917,brown,brown
7918,yes,yes
7919,yes,yes
7922,yes,yes
7923,black,black
7924,yes,yes
7925,triangle,triangle
7926,a squirrel,squirrel
7928,red black grey white and red,red
7930,pink water lily,pink
7931,heart,heart
7932,yes,yes
7935,yes,yes
7936,yes,yes
7937,black and white,black
7939,yes,yes
7940,yes,yes
7941,yes,yes
7942,yes,yes
7943,yes,yes
7944,yes,yes
7945,yes,yes
7947,a butterfly,butterfly
7949,yes,yes
7950,blue,blue
7951,black,black
7952,yes,yes
7953,the top part is blue and the bottom part is,blue
7954,it is a wheat field,wheat
7956,yes,yes
7957,yes,yes
7958,yes,yes
7960,yes,yes
7961,yes,yes
7963,heart,heart
7964,black,black
7965,yes,yes
7967,yes,yes
7969,gold,gold
7970,yes,yes
7971,black,black
7972,yes,yes
7973,yes,yes
7974,red,red
7975,yes,yes
7977,black,black
7978,yes,yes
7979,white,white
7980,blue,blue
7981,a circle,circle
7982,yes,yes
7983,yes,yes
7985,yes,yes
7986,yes,yes
7987,pink,pink
7988,black,black
7989,yes,yes
7991,red,red
7992,yellow,yellow
7993,yes,yes
7994,yes,yes
7995,lion,lion
7996,yes,yes
7997,yellow,yellow
7998,yes,yes
7999,lion,lion
8000,,white
8002,heart,heart
8003,the pattern is the lion,lion
8004,yes,yes
8005,yes,yes
8006,yes,yes
8007,blue,blue
8008,yes,yes
8009,yes,yes
8011,,white
8012,pink,pink
8013,yes,yes
8014,blue,blue
8015,yes,yes
8016,yes,yes
8017,pink,pink
8018,yes,yes
8019,,black
8026,yes,yes
8027,pink,pink
8028,blue,blue
8030,pink,pink
8031,red,red
8032,yes,yes
8033,yes,yes
8034,red glitter,red
8035,yes,yes
8037,red,red
8038,yes,yes
8039,yes,yes
8040,h,h
8041,yes,yes
8043,peacock,peacock
8044,heart,heart
8045,it is a brown bear with a pink heart,brown
8046,yes,yes
8047,pink,pink
8048,yes,yes
8049,yes,yes
8050,a circle,circle
8051,red orange yellow,orange
8052,yes,yes
8053,yes,yes
8054,yes,yes
8055,yes,yes
8056,yes,yes
8057,yes,yes
8058,red,red
8060,yes,yes
8061,yes,yes
8063,black,black
8064,black,black
8065,a butterfly,butterfly
8066,yes,yes
8067,yes,yes
8068,red,red
8069,green,green
8070,yes,yes
8071,yes,yes
8072,yes,yes
8073,yes,yes
8074,yes,yes
8075,yes,yes
8076,yes,yes
8077,red,red
8079,,circle
8080,gold,gold
8081,red blue and white,red
8082,yes,yes
8083,yes,yes
8085,yes,yes
8086,yes,yes
8087,yes,yes
8088,pink,pink
8089,,beige
8090,heart,heart
8091,yes,yes
8092,pink,pink
8093,yes,yes
8094,yes,yes
8095,black,black
8096,blue flowers,blue
8097,yes,yes
8098,yes,yes
8099,yes,yes
8100,yes,yes
8101,n,n
8102,black,black
8103,yes,yes
8104,heart shape,heart
8106,yes,yes
8107,yes,yes
8109,red,red
8110,red,red
8111,blue,blue
8112,yes,yes
8113,clear,clear
8115,blue,blue
8117,yes,yes
8118,yes,yes
8119,yes,yes
8120,yes,yes
8121,the pattern is white and brown,white
8122,black,black
8123,black and gold chevron pattern,chevron
8124,yes,yes
8125,yes,yes
8126,yes,yes
8127,lion,lion
8128,red,red
8129,yes,yes
8130,red,red
8132,yes,yes
8133,red blue yellow orange green,blue
8135,the case is made of brown and yellow,brown
8136,yes,yes
8137,yes,yes
8138,yes,yes
8139,yes,yes
8140,black,black
8143,yes,yes
8144,yes,yes
8145,a cat,cat
8146,yes,yes
8147,a butterfly,butterfly
8148,black,black
8149,yes,yes
8150,yellow,yellow
8152,pink flower,pink
8153,black,black
8154,yes,yes
8155,yes,yes
8156,hearts,hearts
8157,yes,yes
8159,yes,yes
8160,,orange
8161,black,black
8162,yes,yes
8163,pink,pink
8164,yes,yes
8165,blue,blue
8166,yes,yes
8167,brick pattern,brick
8168,yes,yes
8169,panda,panda
8170,it is a red bow,red
8171,yes,yes
8172,heart,heart
8173,yes,yes
8174,yes,yes
8175,yes,yes
8176,it is a brown case with the words,brown
8177,yes,yes
8179,yes,yes
8181,yes,yes
8183,yes,yes
8184,yes,yes
8185,pink,pink
8186,yes,yes
8187,yes,yes
8188,lion,lion
8189,yes,yes
8190,red,red
8191,red,red
8192,yes,yes
8193,black and white,black
8194,yes,yes
8195,heart,hearts
8196,,pink
8197,yes,yes
8198,black,black
8199,purple flowers,purple
8202,the case design is a colorful abstract painting,abstract
8204,red blue yellow green orange,blue
8205,pink,pink
8206,yes,yes
8207,yes,yes
8208,heart,hearts
8209,yes,yes
8210,yes,yes
8211,yes,yes
8214,yes,yes
8217,yes,yes
8218,yes,yes
8219,yes,yes
8220,yes,yes
8221,lion,lion
8223,,oval
8224,wood,wood
8225,yes,yes
8226,yes,yes
8227,yes,yes
8228,white,white
8229,heart,heart
8231,red,red
8233,blue,blue
8234,yes,yes
8236,black and white swirls,black
8237,,hearts
8238,the background is a dark brown color,brown
8239,glitter,glitter
8240,yes,yes
8241,yes,yes
8242,,blue
8243,yes,yes
8244,yes,yes
8245,yes,yes
8246,,brown
8247,yes,yes
8248,yes,yes
8249,yes,yes
8250,blue,blue
8251,red glitter,red
8252,yes,yes
8260,yes,yes
8261,yes,yes
8263,yes,yes
8264,black,black
8265,yes,yes
8266,pink,pink
8267,yes,yes
8268,a butterfly,butterfly
8269,yes,yes
8271,yes,yes
8272,yes,yes
8273,yes,yes
8275,red glitter with a crown,red
8276,blue,blue
8278,yes,yes
8279,yes,yes
8280,black,black
8282,yes,yes
8284,,glossy
8285,black,black
8286,red,red
8287,yes,yes
8288,green,green
8289,yes,yes
8290,yes,yes
8291,yes,yes
8293,yes,yes
8294,yes,yes
8295,stone,stone
8296,yes,yes
8297,red,red
8298,yes,yes
8300,pink,pink
8302,yes,yes
8303,yes,yes
8304,red blue white black,red
8305,yes,yes
8306,yes,yes
8308,c,c
8309,yes,yes
8310,yes,yes
8311,yes,yes
8312,blue,blue
8313,blue,blue
8314,yes,yes
8315,,heart
8316,yes,yes
8317,black,black
8318,yes,yes
8319,the sky is blue,blue
8320,black,black
8321,yes,yes
8323,yes,yes
8324,orange,orange
8325,yes,yes
8327,wood,wood
8328,yellow,yellow
8329,blue,blue
8331,yes,yes
8332,black,black
8333,yes,yes
8334,yes,yes
8335,yes,yes
8336,yes,yes
8337,yes,yes
8338,yes,yes
8340,yes,yes
8342,yes,yes
8343,yes,yes
8346,yes,yes
8347,black and white,black
8348,yes,yes
8349,blue,blue
8350,yes,yes
8352,red,red
8353,yes,yes
8354,yes,yes
8355,yes,yes
8356,love,love
8357,yellow,yellow
8358,,black
8359,red,red
8360,red glitter with a crown,red
8361,pink,pink
8362,black and white,black
8363,yes,yes
8364,yellow,yellow
8365,orange,orange
8367,yes,yes
8368,heart,heart
8369,yes,yes
8370,heart,heart
8371,yellow,yellow
8372,heart,heart
8374,butterfly,butterfly
8376,yes,yes
8377,yes,yes
8378,black,black
8379,yes,yes
8380,yes,yes
8381,yes,yes
8386,yes,yes
8387,triangle,triangle
8388,yes,yes
8389,yes,yes
8390,black and pink,pink
8391,blue,blue
8392,gold,gold
8393,,pink
8394,yes,yes
8395,pink flowers,pink
8396,blue,blue
8397,black,black
8398,yes,yes
8399,yes,yes
8400,yes,yes
8401,butterfly,butterfly
8403,orange,orange
8405,yes,yes
8407,yes,yes
8408,red blue yellow orange,red
8409,pink,pink
8410,yellow,yellow
8411,blue,blue
8412,it is a triangle,triangle
8413,black,black
8416,yes,yes
8418,yes,yes
8420,yes,yes
8421,black,black
8422,yes,yes
8423,yes,yes
8424,green,green
8425,yes,yes
8428,red,red
8429,black,black
8430,black,black
8431,black,black
8432,yes,yes
8433,yes,yes
8435,black,black
8436,blue,blue
8437,yes,yes
8439,yes,yes
8440,pink,pink
8441,yes,yes
8442,a teddy bear,bear
8443,black,black
8444,blue,blue
8446,yes,yes
8448,yes,yes
8449,blue peacock feather,blue
8450,gold and pink,pink
8451,yes,yes
8452,red,red
8453,yes,yes
8454,black,black
8455,clear,clear
8459,yes,yes
8460,yes,yes
8461,,heart
8462,unicorn,unicorn
8463,black,black
8464,yes,yes
8466,black,black
8467,yes,yes
8468,yes,yes
8469,it is a rectangle,rectangle
8470,yes,yes
8471,yes,yes
8472,yes,yes
8474,yes,yes
8475,purple,purple
8476,yes,yes
8477,yes,yes
8478,yes,yes
8479,yes,yes
8481,blue,blue
8482,yes,yes
8483,heart,heart
8484,,pink
8486,yes,yes
8487,blue,blue
8488,black,black
8489,yes,yes
8490,orange,orange
8492,yes,yes
8493,yes,yes
8494,yes,yes
8495,yes,yes
8496,yes,yes
8498,yes,yes
8499,yes,yes
8500,yes,yes
8501,panda,pandas
8502,orange,orange
8503,orange,orange
8504,yes,yes
8505,yes,yes
8506,yes,yes
8507,yellow,yellow
8508,,pink
8509,black,black
8510,yes,yes
8511,heart,heart
8512,black and pink,black
8513,yes,yes
8515,blue,blue
8516,yes,yes
8518,wood,wood
8519,yes,yes
8520,white,white
8521,blue,blue
8523,yes,yes
8524,pink,pink
8526,orange,orange
8527,black,black
8528,yes,yes
8529,yes,yes
8530,circles,circle
8532,the surface pattern is a wood grain pattern that is,wood
8533,pink tulips,pink
8534,yes,yes
8535,black,black
8537,pink,pink
8538,yes,yes
8540,yes,yes
8541,yes,yes
8542,,wood
8543,yes,yes
8545,yes,yes
8546,wood,wood
8547,yes,yes
8549,yes,yes
8550,yes,yes
8551,yes,yes
8554,gold,gold
8555,yes,yes
8556,blue,blue
8557,yes,yes
8558,yes,yes
8559,yes,yes
8560,heart,heart
8562,yes,yes
8563,yes,yes
8564,yes,yes
8565,the main background is blue and purple,blue
8566,yes,yes
8567,yes,yes
8568,black,black
8570,pink,pink
8571,yes,yes
8572,yes,yes
8573,yes,yes
8574,blue,blue
8575,yes,yes
8576,red blue yellow orange green,blue
8577,yes,yes
8578,yes,yes
8579,scorpio,scorpion
8580,yes,yes
8582,tiger,tiger
8583,red,red
8584,yes,yes
8585,yellow,yellow
8586,red,red
8587,blue,blue
8588,yes,yes
8589,red,red
8590,the shape of the hearts are circles,heart
8591,yes,yes
8592,q,q
8593,pink,pink
8594,brown,brown
8595,yes,yes
8597,yes,yes
8598,yes,yes
8599,its a chevron pattern,chevron
8600,the background is orange,orange
8603,yes,yes
8604,yes,yes
8605,a dog,dog
8606,puppy dog,dog
8607,it is a chevron pattern,chevron
8608,blue,blue
8609,yes,yes
8611,black,black
8612,orange,orange
8613,yes,yes
8614,yes,yes
8616,yes,yes
8618,yes,yes
8619,yes,yes
8621,black,black
8623,black,black
8624,blue,blue
8625,pink,pink
8626,red blue yellow orange,orange
8627,yes,yes
8628,the decoration is a heart,heart
8630,yes,yes
8631,yes,yes
8632,yes,yes
8633,black,black
8634,red,red
8635,purple,purple
8639,a,a
8640,yes,yes
8641,,heart
8642,black,black
8645,yes,yes
8646,yes,yes
8647,yes,yes
8648,yes,yes
8649,yes,yes
8650,yes,yes
8651,pink,pink
8652,,blue
8654,black,black
8655,yes,yes
8656,yes,yes
8657,yes,yes
8659,yes,yes
8662,heart,heart
8663,yes,yes
8664,yes,yes
8665,yes,yes
8666,,hearts
8667,yes,yes
8668,yes,yes
8670,yes,yes
8671,yes,yes
8672,yes,yes
8674,yes,yes
8675,yes,yes
8677,yes,yes
8678,yes,yes
8679,the sky is blue and the ferris wheel is,blue
8680,yes,yes
8681,yes,yes
8682,the designs dominant shape is a circle,circle
8683,yes,yes
8684,pink and gold glitter,pink
8685,blue,blue
8686,yes,yes
8687,yes,yes
8688,yes,yes
8689,yes,yes
8690,black,black
8691,red,red
8692,the case is black,black
8693,yes,yes
8694,yellow,yellow
8695,black,black
8696,yes,yes
8697,blue,blue
8698,pink,pink
8700,pink,pink
8701,yes,yes
8702,yes,yes
8704,yellow,yellow
8706,,blue
8707,yes,yes
8710,yes,yes
8711,yes,yes
8712,black,black
8714,anchor and waves,anchor
8715,hearts,hearts
8716,blue with gold,gold
8718,yes,yes
8719,red,red
8720,heart,heart
8721,yes,yes
8722,bear,bear
8723,yes,yes
8724,yes,yes
8725,red,red
8726,yes,yes
8727,,black
8728,yes,yes
8729,yes,yes
8730,yes,yes
8732,yes,yes
8733,yes,yes
8734,yes,yes
8735,yes,yes
8736,yes,yes
8738,yes,yes
8739,blue,blue
8740,yellow,yellow
8741,black and white,white
8743,yes,yes
8744,yes,yes
8746,red,red
8747,yes,yes
8748,yes,yes
8749,yellow and orange,yellow
8750,black,black
8751,blue denim,blue
8752,yes,yes
8753,red,red
8755,yes,yes
8756,blue,blue
8757,yes,yes
8758,yes,yes
8759,blue,blue
8760,black,black
8761,peacock,peacock
8762,,circle
8763,yes,yes
8764,yes,yes
8765,a snake,snake
8766,yes,yes
8769,woven,woven
8770,guitar,guitar
8772,purple flowers,purple
8773,yes,yes
8774,yes,yes
8775,yes,yes
8778,yes,yes
8779,red,red
8780,red glitter,red
8781,blue,blue
8782,yes,yes
8783,parrot,parrot
8784,goose,goose
8785,a triangle,triangle
8786,black,black
8787,yes,yes
8788,yes,yes
8789,black,black
8790,orange,orange
8791,yes,yes
8792,yes,yes
8793,yes,yes
8795,yes,yes
8796,yes,yes
8797,yes,yes
8798,yes,yes
8799,yes,yes
8800,orange,orange
8801,blue,blue
8802,yes,yes
8803,yellow,yellow
8804,yes,yes
8805,pink,pink
8806,black,black
8807,yes,yes
8808,yes,yes
8809,aries,aries
8812,black and white,white
8813,black,black
8814,black,black
8815,black,black
8817,the pattern is the blue butterflies,butterflies
8818,the background color is black,black
8819,black,black
8820,yes,yes
8821,yes,yes
8823,purple,purple
8824,a teddy bear,bear
8826,gold,gold
8827,yes,yes
8828,yes,yes
8829,yes,yes
8830,heart,heart
8831,yes,yes
8832,yes,yes
8833,pink,pink
8834,orange,orange
8835,pink,pink
8838,yes,yes
8839,lion,lion
8840,yes,yes
8841,yes,yes
8843,yes,yes
8844,black,black
8845,the sky is blue,blue
8847,grass is green,green
8848,yes,yes
8849,yes,yes
8850,pink,pink
8851,yes,yes
8852,the pattern is gold butterflies,butterflies
8853,yes,yes
8856,yes,yes
8857,yes,yes
8858,yes,yes
8859,blue,blue
8860,yes,yes
8861,it is a rectangle,rectangle
8862,blue,blue
8864,black,black
8865,red,red
8866,the case is pink with a crown,pink
8867,heart,heart
8868,black,black
8869,yes,yes
8870,yes,yes
8871,yes,yes
8872,heart,heart
8874,yes,yes
8875,yes,yes
8876,yes,yes
8877,yes,yes
8878,yes,yes
8880,yes,yes
8881,blue sky with moon,blue
8882,yes,yes
8883,yes,yes
8884,blue green red orange yellow,blue
8885,blue,blue
8887,yes,yes
8888,black,black
8890,yes,yes
8891,red,red
8892,yes,yes
8893,yes,yes
8895,yes,yes
8897,a unicorn,unicorn
8900,black,black
8901,yes,yes
8902,yes,yes
8903,black,black
8905,,black
8906,pink,pink
8907,orange,orange
8908,,yellow
8909,black,black
8910,yellow,yellow
8911,yes,yes
8912,black,black
8914,yes,yes
8916,yes,yes
8917,yes,yes
8919,yes,yes
8920,blue,blue
8922,yes,yes
8923,black and white,black
8924,purple flowers,purple
8926,the pattern is wood,wood
8927,yes,yes
8928,orange,orange
8929,yes,yes
8930,black,black
8931,yes,yes
8934,the upper portion is a blue sky with a red,blue
8935,black,black
8936,yes,yes
8937,red,red
8938,yes,yes
8939,yes,yes
8940,yes,yes
8941,blue,blue
8942,the background color of the case is black,black
8943,yes,yes
8944,yes,yes
8946,yes,yes
8947,yes,yes
8948,yes,yes
8949,black,black
8950,yes,yes
8953,yes,yes
8954,black,black
8955,yes,yes
8957,yes,yes
8958,purple,purple
8959,heart,heart
8960,white,white
8961,yes,yes
8962,yellow,yellow
8963,s,s
8964,yes,yes
8966,yes,yes
8967,yes,yes
8968,yellow,yellow
8969,yes,yes
8970,yes,yes
8971,blue,blue
8972,yes,yes
8973,yes,yes
8974,yes,yes
8975,yes,yes
8976,yes,yes
8977,black,black
8978,yes,yes
8980,black,black
8981,its a brown color,brown
8982,green,green
8983,yes,yes
8984,yes,yes
8985,a cat,cat
8987,yes,yes
8989,black and white,black
8990,pink,pink
8992,yellow,yellow
8993,yes,yes
8994,orange,orange
8995,yes,yes
8996,orange slices,orange
8997,black,black
8998,red,red
9000,yes,yes
9003,blue,blue
9004,yellow,yellow
9006,yes,yes
9007,panda,panda
9008,white,white
9009,yes,yes
9011,white,white
9012,yes,yes
9014,autumn,autumn
9015,yes,yes
9016,black,black
9017,yes,yes
9018,yes,yes
9019,yes,yes
9020,red pink black white gold,red
9021,brown,brown
9023,black,black
9025,purple flowers,purple
9027,yes,yes
9029,yes,yes
9031,gold,gold
9033,purple,purple
9034,eiffel tower,tower
9035,yes,yes
9036,a dog,dog
9037,black,black
9039,blue,blue
9041,yes,yes
9042,purple,purple
9043,yellow,yellow
9044,the water is blue,blue
9045,pink,pink
9046,pink,pink
9048,yes,yes
9049,heart,heart
9050,yes,yes
9051,,pink
9052,lion,lion
9053,yes,yes
9054,yes,yes
9056,black,black
9058,black,black
9059,heart,hearts
9061,the sky is blue,blue
9062,blue,blue
9063,yes,yes
9064,yellow,yellow
9065,blue flower,blue
9066,,red
9072,yes,yes
9073,brown,brown
9075,pink,pink
9076,a cat,cat
9077,black,black
9078,yes,yes
9079,yes,yes
9081,red blue yellow green white,blue
9082,yellow,yellow
9083,red,red
9084,yes,yes
9085,yes,yes
9086,yes,yes
9087,yes,yes
9088,yes,yes
9089,red,red
9090,yes,yes
9091,yes,yes
9092,l,l
9094,lion,lion
9095,yes,yes
9096,yes,yes
9097,wood grain pattern,wood
9098,yes,yes
9100,yes,yes
9102,black,black
9103,yes,yes
9105,black and white swirls,white
9106,pink,pink
9108,abstract art,abstract
9109,yes,yes
9110,yes,yes
9113,pink,pink
9114,yes,yes
9116,purple,purple
9117,yes,yes
9120,black,black
9122,black,black
9123,yes,yes
9124,yes,yes
9125,blue,blue
9126,yes,yes
9127,blue peacock,blue
9128,yes,yes
9130,yes,yes
9132,yes,yes
9133,yes,yes
9134,yes,yes
9135,yes,yes
9136,pink,pink
9137,,black
9138,black and white,black
9139,yes,yes
9140,black,black
9141,yes,yes
9143,yes,yes
9144,yes,yes
9146,pink,pink
9147,yes,yes
9148,red glitter,red
9149,orange,orange
9150,yes,yes
9151,yes,yes
9152,yes,yes
9153,black,black
9154,yes,yes
9155,yes,yes
9157,red,red
9158,yes,yes
9159,yes,yes
9160,black,black
9161,yes,yes
9162,yes,yes
9163,yes,yes
9164,tiger,tiger
9165,pink,pink
9166,yes,yes
9167,black,black
9169,yes,yes
9170,yes,yes
9171,yes,yes
9172,yes,yes
9173,yes,yes
9174,yes,yes
9177,tiger,tiger
9179,the background is blue and red,blue
9180,yes,yes
9181,,black
9182,yes,yes
9183,z,z
9184,yes,yes
9185,red,red
9186,black,black
9187,heart,heart
9189,yes,yes
9190,,panda
9191,yellow,yellow
9192,gold,gold
9194,the triangle,triangle
9195,yellow,yellow
9196,blue,blue
9197,yes,yes
9198,gold,gold
9199,,hearts
9202,pink,pink
9203,sky blue,blue
9204,yes,yes
9205,the pattern is a chevron pattern,chevron
9206,orange,orange
9207,yes,yes
9208,blue green red orange,blue
9209,yes,yes
9210,yes,yes
9211,it is a pink case with a white cat,pink
9212,yes,yes
9213,yes,yes
9214,yes,yes
9215,yes,yes
9216,black,black
9217,yes,yes
9218,yes,yes
9219,yes,yes
9220,heart,hearts
9221,yes,yes
9222,yes,yes
9223,red,red
9226,red,red
9227,the main feature is the eiffel tower,tower
9228,black,black
9229,red orange yellow green,red
9230,x,x
9231,yes,yes
9232,yes,yes
9233,yes,yes
9234,yes,yes
9236,unicorn,unicorn
9237,pink,pink
9238,black and blue,blue
9239,black,black
9241,green,green
9242,orange,orange
9243,yes,yes
9245,100 natural wood,wood
9246,black,black
9248,light gray,gray
9251,blue,blue
9252,yes,yes
9254,yes,yes
9255,dark gray,gray
9257,dark blue,blue
9259,black,black
9260,yes,yes
9261,dark brown,brown
9262,blue,blue
9266,green,green
9267,the texture is a dark brown leather,leather
9268,beige,beige
9270,brown,brown
9272,black and red,red
9273,dark gray,gray
9274,leather,leather
9275,red,red
9277,white,white
9278,green,green
9279,yes,yes
9282,black,black
9283,blue,blue
9284,round,round
9285,they are squares,square
9287,yes,yes
9288,black,black
9290,black,black
9292,yes,yes
9295,yellow,yellow
9297,yes,yes
9298,beige,beige
9299,red,red
9300,blue,blue
9303,black,black
9304,wood,wood
9305,yes,yes
9308,black,black
9309,yes,yes
9310,yes,yes
9311,yes,yes
9312,the wrap is clear,clear
9313,yes,yes
9314,yes,yes
9317,yes,yes
9318,black,black
9320,wood,wood
9324,black and white,black
9325,blue,blue
9327,black,black
9328,yes,yes
9329,beige,beige
9331,yes,yes
9332,yes,yes
9334,blue,blue
9336,the legs are straight and the chair is in a,straight
9337,yes,yes
9339,yes,yes
9340,yes,yes
9341,yes,yes
9344,red,red
9345,blue,blue
9346,gray,gray
9347,blue plaid,plaid
9348,black,black
9349,yes,yes
9350,black,black
9351,yes,yes
9353,yes,yes
9355,yes,yes
9356,the chairs are in dark brown,brown
9357,blue,blue
9358,black,black
9360,yes,yes
9361,the chair is beige,beige
9362,gray,gray
9363,gray,gray
9364,black,black
9366,yes,yes
9368,brown,brown
9369,black,black
9370,yes,yes
9371,yes,yes
9375,yes,yes
9376,yes,yes
9377,black,black
9378,dark brown,brown
9381,the chairs are dark blue,blue
9382,black,black
9383,blue,blue
9384,yes,yes
9386,yes,yes
9387,blue,blue
9388,brown,brown
9389,yes,yes
9390,dark brown,brown
9392,yes,yes
9394,yes,yes
9395,black and white,black
9397,yes,yes
9402,red,red
9403,yes,yes
9404,yes,yes
9408,black,black
9409,beige,beige
9410,,beige
9411,white,white
9412,yes,yes
9413,yes,yes
9414,black,black
9415,its yellow,yellow
9417,yes,yes
9418,black,black
9419,yes,yes
9420,wood,wood
9421,yes,yes
9422,yes,yes
9424,yes,yes
9425,yes,yes
9427,yes,yes
9429,yes,yes
9431,pink,pink
9432,navy,navy
9436,white,white
9438,black,black
9439,beige,beige
9440,blue,blue
9443,white,white
9444,green,green
9445,black,black
9446,yes,yes
9447,black,black
9450,black,black
9452,black,black
9453,light beige,beige
9454,gray,gray
9455,yes,yes
9456,dark gray,gray
9457,gray,gray
9460,blue,blue
9461,yes,yes
9462,the seat is covered with a fabric that is made,fabric
9463,white,white
9464,yes,yes
9465,yes,yes
9466,blue,blue
9467,grey,grey
9468,black,black
9469,leather,leather
9470,dark gray,gray
9471,yes,yes
9472,yes,yes
9473,yes,yes
9475,brown,brown
9476,yes,yes
9477,yes,yes
9478,orange,orange
9482,yes,yes
9483,gray,gray
9486,yes,yes
9488,green,green
9489,the legs are dark brown,brown
9490,yes,yes
9491,yes,yes
9492,yes,yes
9493,white,white
9494,gray,gray
9495,white,white
9497,blue,blue
9498,grey,grey
9499,red,red
9500,yes,yes
9502,yes,yes
9503,black,black
9504,the visible material is a fabric that is made from,fabric
9505,yes,yes
9506,brown,brown
9507,dark gray,gray
9508,yes,yes
9509,yes,yes
9510,black,black
9511,blue,blue
9512,white,white
9513,the legs are dark brown,brown
9515,yes,yes
9517,the frame is a dark brown,brown
9519,black,black
9520,white,white
9521,dark brown,brown
9522,yes,yes
9523,light beige,beige
9525,blue,blue
9526,black,black
9527,yes,yes
9528,white,white
9529,yes,yes
9530,dark gray,gray
9531,yes,yes
9532,grey,grey
9537,beige,beige
9539,light blue,blue
9540,yellow,yellow
9541,the legs are straight,straight
9542,yes,yes
9544,dark brown,brown
9546,yes,yes
9548,yes,yes
9549,yes,yes
9551,black,black
9552,the legs are straight,straight
9554,yes,yes
9556,yes,yes
9557,blue,blue
9558,the pattern is chevron,chevron
9559,black,black
9560,dark brown,brown
9561,round,round
9563,black,black
9565,dark brown,brown
9566,yes,yes
9567,red,red
9571,white,white
9572,blue,blue
9573,brown,brown
9574,gray,gray
9575,beige,beige
9578,yes,yes
9579,yes,yes
9580,beige,beige
9581,gray,gray
9582,beige,beige
9587,the canopy,canopy
9588,yes,yes
9589,yes,yes
9591,white,white
9592,yes,yes
9593,dark brown,brown
9594,dark brown,brown
9595,black,black
9596,white,white
9597,they are brown,brown
9598,yes,yes
9599,herringbone,herringbone
9600,black,black
9602,black and red,red
9603,green,green
9604,pink,pink
9606,round,round
9607,heart shape,heart
9608,round,round
9609,yellow gold,gold
9611,pink,pink
9613,the earrings are round,round
9614,yes,yes
9615,they are a pair of silver infinity earrings,infinity
9618,blue,blue
9620,yellow gold,gold
9621,turtle,turtle
9622,its a square,square
9623,square,square
9624,pink,pink
9625,yes,yes
9626,pink,pink
9627,silver,silver
9628,yes,yes
9630,oval,oval
9632,they are square,square
9633,blue,blue
9634,purple,purple
9635,they are white,white
9636,the earrings are arrow shaped,arrow
9637,they are silver,silver
9638,heart,heart
9640,they are a pair of gold plated infinity ear,infinity
9641,the shape of the object is a leaf,leaf
9643,they are yellow gold with blue sapphires,gold
9645,blue,blue
9646,red blue and white,red
9647,cross,cross
9648,yes,yes
9650,they are blue,blue
9651,round,round
9652,green,green
9653,blue,blue
9654,gold,gold
9655,pink,pink
9656,they are yellow gold,gold
9658,square,square
9660,round,round
9661,yellow gold,gold
9662,silver,silver
9663,green,green
9664,yellow gold,gold
9665,yes,yes
9667,heart shape,heart
9670,green,green
9675,they are round,round
9678,pink,pink
9679,pink,pink
9680,oval,oval
9681,pink,pink
9682,the stones are square,square
9683,purple,purple
9684,they are pink,pink
9685,yellow gold,gold
9687,blue,blue
9688,blue,blue
9690,yes,yes
9691,cross,cross
9692,pink,pink
9693,yellow gold,gold
9694,its a square cut pink diamond,square
9695,green,green
9696,heart shape,heart
9697,purple,purple
9698,they are pink,pink
9699,round,round
9703,its a flower,flower
9704,pearls color is white,white
9705,heart shape,heart
9706,blue,blue
9707,cross,cross
9709,heart shape,heart
9710,green,green
9711,round,round
9712,its pink,pink
9714,they are pink,pink
9715,they are silver,silver
9716,blue,blue
9717,heart,heart
9718,cross,cross
9719,round,round
9720,they are pink,pink
9723,yes,yes
9724,they are round,round
9725,round,round
9726,yes,yes
9727,yes,yes
9728,yellow gold,gold
9729,they are ducks,duck
9731,yellow gold,gold
9732,oval,oval
9734,blue,blue
9735,red,red
9736,yes,yes
9738,yellow gold,gold
9739,they are yellow gold,gold
9742,it is a round pearl stud earring,round
9743,yes,yes
9744,round,round
9745,yes,yes
9748,its a cross,cross
9749,its a square,square
9750,cross,cross
9752,round,round
9753,pearls color is white,white
9754,cross,cross
9756,cross,cross
9757,heart shape,heart
9758,the earring shape is a round ball,round
9762,green,green
9763,they are yellow gold with blue stones,gold
9764,green,green
9765,yes,yes
9767,the letter v,v
9769,pink,pink
9773,yes,yes
9774,blue,blue
9775,yellow gold,gold
9778,round,round
9779,the earrings are curved,curved
9783,they are round,round
9785,they are pink,pink
9787,they are yellow gold,gold
9789,round,round
9792,it is a square shape,square
9793,blue,blue
9794,yes,yes
9795,blue,blue
9796,the earring is silver,silver
9797,round,round
9798,they are teardrop shaped,teardrop
9799,they are yellow,yellow
9800,silver,silver
9802,they are silver,silver
9803,they are yellow,yellow
9806,they are square,square
9809,yes,yes
9810,round,round
9813,they are round,round
9814,yes,yes
9815,yes,yes
9816,yes,yes
9817,yes,yes
9818,yes,yes
9819,they are silver,silver
9820,yellow gold,gold
9821,round,round
9822,they are round,round
9824,the earrings are oval,oval
9825,they are square,square
9827,round,round
9828,they are square cut diamonds,square
9829,blue,blue
9831,heart shape,heart
9832,pink,pink
9833,square,square
9834,they are round,round
9836,round,round
9837,the gemstone is a round blue topaz,round
9838,red,red
9839,blue,blue
9840,square,square
9841,the earrings are oval,oval
9842,yes,yes
9844,they are round,round
9845,blue,blue
9846,pink,pink
9848,they are silver,silver
9851,the earring is yellow gold,gold
9852,they are yellow gold,gold
9853,purple,purple
9855,yes,yes
9857,round,round
9858,the earrings are oval,oval
9860,yes,yes
9862,silver,silver
9863,yes,yes
9864,round,round
9867,they are round,round
9870,they are round,round
9871,blue topaz,blue
9872,they are square,square
9874,round,round
9875,they are square,square
9876,green,green
9877,they are square,square
9878,they are silver,silver
9880,heart shape,heart
9882,they are gold,gold
9883,they are purple,purple
9884,they are square,square
9885,round,round
9886,yes,yes
9888,the earrings are shaped like stars,star
9890,they are square,square
9891,oval,oval
9892,green,green
9893,yes,yes
9895,yes,yes
9896,yellow gold,gold
9898,round,round
9899,yes,yes
9900,round,round
9903,yes,yes
9904,yes,yes
9907,round,round
9908,the earring is silver,silver
9909,square,square
9912,round,round
9916,round,round
9917,round,round
9918,pink,pink
9919,round,round
9921,heart shape,heart
9922,yes,yes
9923,round,round
9924,yes,yes
9926,yes,yes
9927,blue,blue
9928,pink,pink
9929,round,round
9930,blue,blue
9931,they are square,square
9933,round,round
9934,yes,yes
9935,heart shape,heart
9936,yes,yes
9937,heart shape,heart
9939,its a square cut diamond,square
9940,round,round
9941,heart shape,heart
9944,they are silver,silver
9945,they are butterfly shaped,butterfly
9947,round,round
9948,butterfly,butterfly
9949,round,round
9950,round,round
9951,round,round
9952,the earrings are oval,oval
9954,silver,silver
9955,oval,oval
9957,its a square cut,square
9958,they are round,round
9959,the earrings are oval,oval
9960,14k yellow gold,gold
9962,red,red
9963,the earring is a square shape,square
9964,yes,yes
9967,cats,cat
9969,round,round
9970,yes,yes
9971,round,round
9973,the earring is silver,silver
9974,they are round,round
9977,black,black
9978,they are yellow gold,gold
9980,blue,blue
9981,the band color is yellow gold,yellow
9982,yes,yes
9985,they are yellow gold,gold
9986,round,round
9987,they are square,square
9988,yes,yes
9989,heart shape,heart
9991,round,round
9992,the earrings are round and have a white pearl,round
9995,round,round
9996,round,round
9997,they are round,round
9998,yes,yes
10000,green,green
10001,round,round
10002,round,round
10003,green,green
10005,they are silver,silver
10006,they are shaped like leaves,leaves
10008,round,round
10010,heart shape,heart
10011,yes,yes
10012,white,white
10014,they are silver,silver
10015,they are round,round
10018,yes,yes
10019,yes,yes
10020,round,round
10021,they are round,round
10022,yes,yes
10023,they are square,square
10024,they are oval,oval
10026,purple,purple
10027,red,red
10028,a bee,bee
10029,heart shape,heart
10030,yes,yes
10031,yes,yes
10032,it is a round pearl,round
10033,yellow gold,gold
10034,round,round
10035,the pearls are round,round
10036,round,round
10037,yes,yes
10038,they are oval,oval
10039,heart shape,heart
10040,yes,yes
10041,round,round
10042,heart shape,heart
10043,the shape is round,round
10044,yellow gold,gold
10046,heart shape,heart
10048,square,square
10049,round,round
10050,yes,yes
10051,heart shape,heart
10052,they are silver,silver
10053,yes,yes
10054,round,round
10057,round,round
10058,they are yellow gold,gold
10059,the earrings are oval,oval
10060,it is a starfish,starfish
10061,round,round
10062,red,red
10064,yes,yes
10067,yes,yes
10069,they are round,round
10070,they are yellow gold,gold
10071,round,round
10072,its a heart,heart
10073,rose gold,rose
10074,yes,yes
10075,it is silver,silver
10076,silver,silver
10077,it is yellow gold,gold
10078,heart,heart
10079,yes,yes
10080,it is gold,gold
10081,yes,yes
10082,yes,yes
10083,heart shape,heart
10084,it is silver,silver
10086,silver,silver
10087,silver,silver
10089,its yellow gold,gold
10093,silver,silver
10094,yes,yes
10095,yes,yes
10096,yes,yes
10098,yes,yes
10101,green,green
10104,it is a round pendant,round
10105,the pendant is blue,blue
10106,heart,heart
10109,gold,gold
10110,yes,yes
10111,yellow,yellow
10112,yes,yes
10113,a pelican,pelican
10114,yes,yes
10115,it is silver,silver
10116,its a square,square
10117,yes,yes
10118,it is silver,silver
10119,hummingbird,bird
10120,the pendant is a letter l,l
10121,its silver,silver
10122,blue,blue
10123,gold,gold
10125,its a crescent moon,crescent
10126,yes,yes
10128,the pendant is gold plated,gold
10129,heart,heart
10131,yes,yes
10132,heart,heart
10133,its a bee,bee
10134,its a square,square
10135,its a silver necklace with a white heart,silver
10136,yes,yes
10137,it is a yellow citrine,yellow
10138,silver,silver
10139,it is a round pendant,round
10140,they are round,round
10141,the bracelet is silver,silver
10143,yes,yes
10144,it is a heart shaped pendant with blue flowers,heart
10145,white,white
10146,brown,brown
10148,it is a flower shaped pendant with emerald,flower
10150,the beads are round,round
10151,it is gold plated,gold
10152,heart,heart
10153,it is a flower,flower
10154,it is a heart shaped cross with a ruby stone,cross
10155,silver,silver
10156,yes,yes
10157,its a heart with a ruby,heart
10163,its silver,silver
10164,it is silver,silver
10165,silver,silver
10166,heart,heart
10167,yes,yes
10168,gold,gold
10169,the pendant is a circle,circle
10170,it is silver,silver
10171,yes,yes
10172,yes,yes
10173,its a starfish,starfish
10175,it is a cat,cat
10176,yes,yes
10177,yes,yes
10178,its a silver necklace with a st george,silver
10179,heart,heart
10180,silver,silver
10181,butterfly,butterfly
10182,it is a heart shaped ruby,heart
10183,they are hearts,hearts
10185,pink,pink
10186,the letter u,u
10187,heart,heart
10188,yes,yes
10190,heart,heart
10192,yes,yes
10193,it is yellow gold with white diamonds,gold
10194,yes,yes
10197,silver,silver
10198,its a wing,wing
10201,black,black
10202,dolphin,dolphin
10203,a flamingo,flamingo
10204,yes,yes
10205,gold,gold
10206,it is a flower,flower
10207,yes,yes
10208,yes,yes
10209,elephant,elephant
10210,it is silver,silver
10211,blue,blue
10212,yes,yes
10213,its silver,silver
10214,yes,yes
10215,yes,yes
10216,yes,yes
10217,it is silver,silver
10218,heart,heart
10220,the necklace is silver,silver
10221,yes,yes
10222,its a heart shape,heart
10223,yes,yes
10224,yes,yes
10225,its a cross,cross
10226,they are round,round
10227,it is a silver necklace,silver
10228,blue topaz purple amethyst and white,blue
10229,yes,yes
10230,it is a diamond cross necklace,cross
10231,its a circle,circle
10232,a dog,dog
10233,yes,yes
10234,yes,yes
10236,it is silver,silver
10237,its a flower,flower
10238,yes,yes
10240,a dogs paw,paw
10241,yes,yes
10242,a cross,cross
10243,the pendant is a circle,circle
10244,it is silver,silver
10245,heart,heart
10246,black,black
10247,its gold,gold
10248,yes,yes
10249,the letter u,u
10250,yes,yes
10251,yes,yes
10252,yes,yes
10254,the initial s,s
10255,dolphin,dolphin
10258,yes,yes
10259,its a silver bracelet,silver
10261,its a cross,cross
10262,yes,yes
10263,the necklace is silver,silver
10264,its a round diamond,round
10265,its a circle,circle
10267,yes,yes
10268,silver,silver
10269,it is yellow gold,yellow
10271,its a letter,letter
10272,it is a yellow sapphire,yellow
10273,yellow,yellow
10274,yellow gold,gold
10275,its a cross,cross
10276,yes,yes
10277,yes,yes
10278,black,black
10281,the chain is silver,silver
10282,infinity,infinity
10283,it is a silver tone,silver
10284,yes,yes
10287,cross,cross
10288,round,round
10289,silver,silver
10290,its yellow gold,gold
10291,yes,yes
10292,its yellow gold,gold
10293,yes,yes
10295,the bracelet is silver,silver
10296,yes,yes
10297,heart,heart
10298,rose gold,rose
10299,cross,cross
10300,green,green
10301,yes,yes
10303,yes,yes
10306,the chain is silver,silver
10309,black,black
10310,yes,yes
10311,yes,yes
10312,yes,yes
10314,silver,silver
10315,yes,yes
10316,rose gold,gold
10320,silver,silver
10321,its a cross,cross
10322,yes,yes
10323,it is silver,silver
10325,yes,yes
10330,its a cross,cross
10331,yes,yes
10332,yellow gold,yellow
10334,yes,yes
10337,its a horseshoe shape,horseshoe
10338,its gold,gold
10339,yes,yes
10346,the pendant is gold plated,gold
10347,yes,yes
10349,heart,heart
10350,silver,silver
10353,pink,pink
10354,yes,yes
10355,the pendant is silver,silver
10356,yes,yes
10358,yes,yes
10359,yes,yes
10360,yes,yes
10361,silver,silver
10363,yes,yes
10364,yes,yes
10365,its a square,square
10366,rose gold,gold
10368,unicorn,unicorn
10369,heart,heart
10370,silver,silver
10371,its a horseshoe,horseshoe
10372,yes,yes
10373,yes,yes
10374,the stones are round,round
10376,silver,silver
10377,yes,yes
10378,it is silver,silver
10379,green,green
10380,yes,yes
10381,heart,heart
10383,its yellow gold,gold
10384,yes,yes
10385,yes,yes
10387,silver,silver
10388,its a silver bracelet,silver
10389,its a horseshoe,horseshoe
10390,yes,yes
10391,gold,gold
10392,blue,blue
10393,heart,heart
10394,yes,yes
10395,white,white
10396,apple,apple
10397,the pendant is a circle with a letter l,circle
10398,yes,yes
10401,yes,yes
10402,its yellow gold,gold
10403,it is silver,silver
10404,yes,yes
10405,yes,yes
10408,its silver,silver
10409,yes,yes
10410,rose gold,gold
10411,yes,yes
10412,bee,bee
10414,its yellow gold,gold
10415,its a square,square
10418,yellow gold,gold
10419,yes,yes
10423,yes,yes
10427,its yellow gold,gold
10428,it is a turquoise stone,turquoise
10430,yes,yes
10431,yes,yes
10432,round,round
10434,yes,yes
10436,,square
10437,yes,yes
10438,yes,yes
10442,yes,yes
10445,yes,yes
10448,yes,yes
10449,round,round
10450,yellow gold,gold
10451,green,green
10452,yes,yes
10453,yes,yes
10454,yes,yes
10457,they are round,round
10461,yellow gold,gold
10462,round,round
10463,the stones are round and yellow,round
10464,yes,yes
10466,yes,yes
10468,yes,yes
10469,yes,yes
10470,it is a round pearl,round
10471,heart shape,heart
10472,yes,yes
10474,yes,yes
10475,yes,yes
10476,yes,yes
10477,yes,yes
10479,its a rose gold ring with a cross,rose
10481,heart shape,heart
10482,green,green
10483,yes,yes
10484,heart shape,heart
10485,yes,yes
10486,yes,yes
10487,yes,yes
10491,yes,yes
10492,yes,yes
10493,a square,square
10494,white,white
10495,yes,yes
10496,yes,yes
10497,its a diamond cross,cross
10498,oval,oval
10499,yellow gold,gold
10500,yes,yes
10501,its a square,square
10502,yes,yes
10503,its silver,silver
10506,yes,yes
10507,purple,purple
10508,round,round
10509,yes,yes
10512,yes,yes
10514,yellow gold,gold
10518,yes,yes
10519,heart shape,heart
10520,blue,blue
10521,yes,yes
10522,the stones are round and blue,round
10526,a round band,round
10527,round,round
10528,white,white
10529,white,white
10531,yes,yes
10532,yes,yes
10536,red,red
10537,14k yellow gold,gold
10541,yes,yes
10542,yes,yes
10545,yes,yes
10546,yes,yes
10548,yes,yes
10549,its a diamond flower,flower
10550,it is yellow gold,gold
10553,white gold,white
10555,yes,yes
10557,yes,yes
10558,pink,pink
10560,white gold,white
10561,yes,yes
10562,blue,blue
10564,yes,yes
10566,oval,oval
10567,heart shape,heart
10568,heart shape,heart
10570,yes,yes
10572,yes,yes
10573,the stones are round,round
10575,yes,yes
10578,yes,yes
10579,yes,yes
10581,its yellow gold,gold
10583,its a bow,bow
10584,yes,yes
10585,green,green
10586,yes,yes
10587,yes,yes
10588,its yellow gold,gold
10590,yes,yes
10591,yes,yes
10594,they are yellow and white,yellow
10596,yes,yes
10597,yes,yes
10599,yes,yes
10601,red,red
10602,stainless steel,steel
10606,its a round diamond eternity band,round
10608,yes,yes
10610,yes,yes
10613,purple,purple
10614,pink,pink
10615,yes,yes
10618,white,white
10619,round,round
10621,red,red
10622,yes,yes
10623,white gold,white
10624,yes,yes
10625,heart shape,heart
10627,its yellow gold,gold
10628,yes,yes
10630,yes,yes
10636,blue,blue
10638,yellow,yellow
10640,yes,yes
10643,yes,yes
10645,yes,yes
10649,white gold,white
10650,yes,yes
10652,heart shape,heart
10654,yes,yes
10655,yes,yes
10656,yes,yes
10658,yes,yes
10659,365 wild blueberry fruit spread,blue
10660,yes,yes
10666,green,green
10668,womens 40 multi,women
10671,its a round cake with a white frosting,round
10672,yes,yes
10673,365 cracker cut cheese,cheese
10678,yes,yes
10679,orange,orange
10681,they are orange,orange
10682,milk chocolate,milk
10683,yes,yes
10685,yes,yes
10686,its yellow,yellow
10688,yes,yes
10690,broccoli and cauliflower,broccoli
10692,white,white
10693,round,round
10696,yes,yes
10698,extra large brown eggs,brown
10700,they are round,round
10707,fresh potatoes are yellow,yellow
10711,yes,yes
10712,yes,yes
10713,pineapple,pineapple
10715,black,black
10716,yes,yes
10717,yes,yes
10719,its a brown bag with a green label,brown
10722,yellow mustard,yellow
10724,capsules are round,round
10734,yes,yes
10735,the container is a round shape,round
10738,white vinegar,white
10739,yes,yes
10741,green,green
10743,orange,orange
10744,white,white
10745,its green,green
10749,yes,yes
10753,wholepaws® smoked chicken recipe dog treat,chicken
10756,decaf medium roast,decaf
10757,yes,yes
10759,the cap is white,white
10760,yes,yes
10761,dark chocolate violet marshmallows,violet
10762,yes,yes
10763,yes,yes
10764,the package is white,white
10765,yes,yes
10769,yes,yes
10770,butter pecan,butter
10771,green,green
10773,yes,yes
10774,round,round
10775,large brown,brown
10777,large brown grade a eggs,brown
10779,yes,yes
10780,yes,yes
10781,brown,brown
10782,a jar,jar
10786,red,red
10788,red,red
10793,the package is red,red
10796,yes,yes
10802,yes,yes
10803,trimmed green beans,green
10806,yes,yes
10807,yes,yes
10809,yes,yes
10810,yes,yes
10811,yes,yes
10812,orange,orange
10813,wood,wood
10817,strawberries are red,red
10818,they are round,round
10822,frosted flakes,flakes
10825,raspberry flavored vitamin c 100 mg 12 packs,raspberry
10826,they are round,round
10827,yes,yes
10828,pumpkin seeds are green,green
10830,yes,yes
10832,dark chocolate and salted caramel bears,bears
10833,,yellow
10834,yes,yes
10838,cinnamon and spice,cinnamon
10839,yes,yes
10840,yellow,yellow
10848,yes,yes
10850,blue,blue
10855,ham and cheddar sandwich,sandwich
10856,brown,brown
10864,black,black
10865,yes,yes
10866,white,white
10867,white,white
10868,yes,yes
10869,red,red
10871,black,black
10874,orange,orange
10877,the bread is white,white
10879,yes,yes
10880,cashews,cashews
10881,the bites are round,round
10883,the box is white,white
10885,green,green
10888,yes,yes
10890,yes,yes
10891,yes,yes
10893,yes,yes
10895,white,white
10898,yes,yes
10899,yes,yes
10903,brown,brown
10904,red,red
10906,the bowl is blue,blue
10908,yes,yes
10912,red,red
10915,decorating sugar green,green
10916,blue,blue
10919,its green,green
10922,its white,white
10928,yes,yes
10929,its a round container,round
10931,they are round,round
10932,the bag is white,white
10936,green,green
10939,yes,yes
10943,chocolate sandwich crèmes,chocolate
10945,yes,yes
10946,yes,yes
10947,yes,yes
10948,yes,yes
10950,extra large brown grade a eggs,brown
10952,yes,yes
10954,yes,yes
10956,the bag is white,white
10957,green,green
10958,yes,yes
10959,green,green
10960,thai curry cashews,cashews
10963,yes,yes
10964,yes,yes
10966,yogurt trail mix,mix
10968,yes,yes
10970,they are red,red
10972,yes,yes
10973,yes,yes
10975,the color of walnuts is brown,brown
10976,paper,paper
10978,yes,yes
10979,it is yellow,yellow
10981,yes,yes
10983,oyster crackers,crackers
10984,yes,yes
10992,all of them are yellow,yellow
10994,yes,yes
10995,green,green
10996,yes,yes
11000,yes,yes
11002,yes,yes
11003,yes,yes
11006,blue,blue
11007,yes,yes
11008,yes,yes
11009,yes,yes
11011,yes,yes
11017,yes,yes
11018,the bag is white,white
11019,green,green
11020,,white
11022,green,green
11025,its a clear liquid,clear
11027,red yellow green blue and white,red
11030,yes,yes
11031,yes,yes
11032,yes,yes
11033,yes,yes
11035,red,red
11037,brown,brown
11038,yes,yes
11039,chocolate almond milk pudding,chocolate
11040,green,green
11041,spaghetti alla chitarra,spaghetti
11042,hummus kale pizza,pizza
11044,yes,yes
11047,it is a dark brown liquid,brown
11048,yes,yes
11050,yes,yes
11052,yes,yes
11053,yes,yes
11056,chicken breast,chicken
11058,strawberries are red,red
11059,yes,yes
11060,yes,yes
11061,yes,yes
11062,yes,yes
11064,strawberry,strawberry
11066,yes,yes
11068,black,black
11072,yes,yes
11073,theyre green,green
11074,yes,yes
11075,semi sweet chocolate,chocolate
11077,yes,yes
11081,brown,brown
11082,yes,yes
11085,yes,yes
11086,cardboard,cardboard
11087,its a brown bag,brown
11089,yes,yes
11092,yes,yes
11093,yes,yes
11094,yes,yes
11096,black,black
11097,yes,yes
11100,pistachio,pistachio
11103,yes,yes
11106,its a square,square
11107,green,green
11108,brown,brown
11109,pink,pink
11111,pink,pink
11114,white,white
11115,brown,brown
11118,tomato sauce is made from tomatoes water salt,tomato
11119,brown,brown
11122,yes,yes
11123,the strawberries are red,red
11125,the package is white,white
11127,sesame seeds,seeds
11128,green,green
11129,blue,blue
11131,extra large brown grade a eggs,brown
11133,theyre green,green
11135,black,black
11136,orange,orange
11137,dark chocolate hazelnut truffles,hazelnut
11139,brown,brown
11140,orange,orange
11141,the waffles are round,round
11142,yes,yes
11147,its a square,square
11148,its a ring,ring
11149,yes,yes
11150,green,green
11151,theyre green,green
11152,red,red
11154,yes,yes
11160,yes,yes
11163,honey roasted peanuts,honey
11165,yes,yes
11167,yes,yes
11168,yes,yes
11169,it is yellow,yellow
11170,silver,silver
11172,yes,yes
11175,yes,yes
11177,yes,yes
11180,it is a round bottle,round
11183,yes,yes
11184,blue,blue
11187,the raspberries are a deep red,red
11189,yes,yes
11192,yes,yes
11195,yes,yes
11197,yes,yes
11199,almonds,almonds
11201,the packaging is peach tea drink mix,peach
11204,red,red
11206,white,white
11208,yes,yes
11210,cranberry juice is a clear bright red color,red
11211,yes,yes
11218,yes,yes
11222,the jar is clear,clear
11226,solimo meat flavored pasta sauce,red
11227,yes,yes
11229,the bags main color is white,white
11231,yes,yes
11232,yes,yes
11235,the food is brown,brown
11237,yes,yes
11242,yes,yes
11245,green red yellow orange purple,green
11247,chicken,chicken
11250,yes,yes
11251,yes,yes
11252,yes,yes
11253,yes,yes
11254,green,green
11256,365 organic string cheese,cheese
11264,yes,yes
11268,white,white
11271,white,white
11272,white,white
11274,yes,yes
11275,yes,yes
11278,the cow,cow
11279,yes,yes
11280,yes,yes
11281,yes,yes
11287,organic blueberry fruit 100 g,blue
11288,yes,yes
11291,brown,brown
11293,they are green,green
11296,yes,yes
11298,red,red
11302,yes,yes
11306,blueberries are a deep rich blue color,blue
11307,yes,yes
11308,white,white
11311,yes,yes
11313,plantbased breakfast patties,breakfast
11316,yes,yes
11317,green,green
11318,yes,yes
11322,yes,yes
11323,yes,yes
11324,yes,yes
11326,yes,yes
11329,white red and black,black
11331,yes,yes
11335,bag is rectangular,rectangular
11337,green,green
11339,vanilla sandwich crumbs,vanilla
11342,medium brown,brown
11343,yes,yes
11345,its white,white
11346,they are brown,brown
11351,yes,yes
11353,cashews,cashews
11354,yes,yes
11355,yes,yes
11357,mint flavored matcha green tea powder,green
11359,yes,yes
11360,yes,yes
11363,the package color is white,white
11364,green,green
11366,yes,yes
11370,yes,yes
11374,green,green
11375,yes,yes
11377,100 recycled cardboard,cardboard
11378,chicken,chicken
11381,yes,yes
11384,blue,blue
11385,red,red
11388,the teapot is a bright yellow,yellow
11398,extra large brown grade a eggs,brown
11401,broccoli slaw,broccoli
11402,fresh mozzarella cheese is a white cheese with,white
11409,roasted and unsalted almonds,almonds
11411,they are red,red
11412,it is brown,brown
11413,they are rectangular,rectangular
11415,they are dark brown,brown
11416,its brown,brown
11417,yes,yes
11421,yes,yes
11422,brown,brown
11424,yes,yes
11427,yes,yes
11431,yes,yes
11433,orange,orange
11434,red,red
11436,yes,yes
11439,cinnamon,cinnamon
11441,yes,yes
11443,yellow,yellow
11444,blueberry and chocolate chip mini muffins,chocolate
11446,yes,yes
11449,yes,yes
11451,white,white
11453,wild caught key west pink shrimp,pink
11459,the background is white,white
11461,yes,yes
11462,red,red
11464,black pepper,black
11465,green,green
11466,yes,yes
11468,grapefruit,grapefruit
11471,red,red
11472,yes,yes
11473,yes,yes
11475,green tea powder,green
11476,its white,white
11479,yes,yes
11480,green,green
11481,yes,yes
11482,the packaging is white,white
11483,the container is clear,clear
11486,ham and brie,ham
11487,red green yellow orange purple,purple
11489,the container is a round shape,round
11492,yes,yes
11493,yes,yes
11495,green,green
11497,yes,yes
11499,they are round,round
11500,large brown grade a eggs,brown
11501,yes,yes
11502,brown,brown
11503,fish squares,square
11504,green,green
11505,the wrapper is white,white
11516,green,green
11517,its green,green
11525,yes,yes
11526,the container is brown,brown
11530,caesar dressing,caesar
11533,yes,yes
11535,yes,yes
11536,yellow,yellow
11537,yes,yes
11541,yes,yes
11544,blue,blue
11546,they are white,white
11548,asparagus is a vegetable that is green,green
11560,round,round
11564,yes,yes
11567,white,white
11568,yes,yes
11569,string cheese,cheese
11571,365 organic beef broth,beef
11574,yes,yes
11578,yes,yes
11579,yes,yes
11580,yes,yes
11581,green,green
11582,they are green,green
11584,yes,yes
11586,dark chocolate,chocolate
11589,purple,purple
11593,green,green
11594,red,red
11595,its green,green
11597,liquid capsules,liquid
11598,yes,yes
11599,red,red
11600,yes,yes
11601,banana,banana
11602,orange,orange
11603,yes,yes
11604,yes,yes
11605,yes,yes
11607,green,green
11610,yes,yes
11612,yes,yes
11618,candy cane pretzels,candy
11621,turkey breast,turkey
11623,chopped pecans,pecans
11633,they are round,round
11634,the wrap filling is orange,orange
11636,red,red
11639,yes,yes
11640,blue,blue
11651,apple cinnamon,apple
11652,pepperoni,pepperoni
11654,cauliflower,cauliflower
11655,glass,glass
11657,brown,brown
11658,yes,yes
11662,yes,yes
11667,yes,yes
11668,yes,yes
11670,yes,yes
11671,yes,yes
11673,yes,yes
11674,almonds,almonds
11675,yes,yes
11676,classic chocolate cake mix,chocolate
11677,its brown,brown
11678,yes,yes
11684,banana,banana
11688,wickedly prime cashews,cashews
11689,turkey breast,turkey
11690,black,black
11691,green,green
11692,yes,yes
11693,green,green
11694,blue,blue
11695,plain,plain
11696,yes,yes
11697,the bag is white,white
11699,no,no
11701,fresh mangoes are yellow,yellow
11703,yes,yes
11705,yes,yes
11706,green,green
11709,yes,yes
11710,the container is white,white
11711,365 veggie dogs,dogs
11714,the container is a round shape,round
11716,green,green
11717,the bottle is white,white
11719,365 almond extract,extract
11722,chocolate,chocolate
11723,green,green
11726,yes,yes
11728,yes,yes
11729,yes,yes
11730,yes,yes
11737,yes,yes
11746,yes,yes
11749,yes,yes
11750,yes,yes
11751,yes,yes
11754,yes,yes
11755,its a square,square
11757,yellow,yellow
11762,yes,yes
11766,acacia fiber powder,powder
11767,yes,yes
11769,yes,yes
11773,red,red
11774,yes,yes
11778,yes,yes
11781,yellow,yellow
11786,white vinegar,white
11788,yes,yes
11790,yes,yes
11796,yes,yes
11798,orange,orange
11801,yes,yes
11802,yes,yes
11808,white,white
11809,purple sweet potato with zaatar soup,purple
11810,yes,yes
11817,yes,yes
11818,berry blend,berry
11819,yes,yes
11820,taco shells,shells
11821,they are round,round
11823,yes,yes
11827,yes,yes
11828,orange,orange
11830,they are white,white
11831,yes,yes
11832,yes,yes
11836,yes,yes
11838,,white
11840,yes,yes
11841,yes,yes
11842,green,green
11843,yes,yes
11845,yes,yes
11848,yes,yes
11850,yes,yes
11855,the crackers are round,round
11861,yes,yes
11864,the bags main color is green,green
11867,yes,yes
11868,its a square,square
11869,the spice is brown,brown
11870,yes,yes
11871,its a rectangular box,rectangular
11872,they are brown,brown
11873,brown sugar,brown
11875,yes,yes
11877,the background is white,white
11879,yes,yes
11884,yes,yes
11886,orange,orange
11887,yes,yes
11891,yes,yes
11892,yellow,yellow
11895,they are round,round
11896,yellow,yellow
11900,blue,blue
11901,green,green
11905,carrots are a color of red orange,orange
11906,black pepper,black
11909,yes,yes
11910,red,red
11911,organic blueberry fat free yogurt,blueberry
11913,yes,yes
11915,yes,yes
11916,intense black tea,black
11917,its a round container,round
11918,yes,yes
11921,orange,orange
11923,white,white
11925,blackberries,blackberries
11926,vedika rice,rice
11929,yes,yes
11931,vanilla sandwich crèmes,vanilla
11934,green,green
11937,yes,yes
11939,yes,yes
11940,large brown grade a eggs,brown
11942,yes,yes
11943,yes,yes
11944,its green,green
11946,cashews,cashews
11952,red,red
11953,white,white
11956,yes,yes
11959,yes,yes
11962,yes,yes
11964,yes,yes
11968,yes,yes
11969,white,white
11972,yes,yes
11980,giraffe,giraffe
11982,coffee ice cream,coffee
11984,yes,yes
11986,its white,white
11988,yes,yes
11995,red,red
12004,the package is white,white
12009,yes,yes
12010,green,green
12015,yes,yes
12018,yes,yes
12019,yes,yes
12022,cans,cans
12023,yes,yes
12026,ghost pepper,ghost
12028,yes,yes
12030,red,red
12031,the container is round,round
12038,maple sugar,maple
12039,yes,yes
12040,the package is white,white
12042,bread,bread
12045,yes,yes
12048,chicken breast fillets,chicken
12049,the cap is black,black
12051,its brown,brown
12053,yes,yes
12054,the writing is blue,blue
12055,yes,yes
12056,yes,yes
12060,whole almonds,almonds
12061,happy belly roasted and salted almonds,almonds
12062,yes,yes
12063,red wine vinegar,red
12065,black,black
12069,yes,yes
12071,the box border is blue,blue
12073,the formula is based on the formula of the milk,milk
12074,yes,yes
12076,its clear,clear
12078,white,white
12081,yes,yes
12082,yes,yes
12086,strawberries are red,red
12090,white,white
12092,yes,yes
12093,corn oil is a yellowish liquid,yellow
12094,vanilla,vanilla
12095,green,green
12099,the cap is white,white
12107,english muffins,muffins
12108,black sesame,black
12109,organic pasta,pasta
12112,green,green
12113,yes,yes
12114,yes,yes
12115,white,white
12117,the crackers are square,square
12118,roasted almonds,almonds
12120,glass,glass
12123,yes,yes
12124,yes,yes
12128,yes,yes
12129,yes,yes
12130,the pickles are sliced,sliced
12133,red,red
12134,happy belly mixed nuts,nuts
12136,orange,orange
12137,yes,yes
12138,strawberry guava,strawberry
12144,the cat,cat
12148,yes,yes
12151,white,white
12153,yes,yes
12154,yes,yes
12156,corn tortillas,corn
12158,savory chicken breakfast sausage,sausage
12161,strawberries are red,red
12162,paprika is a red spice that is used in,red
12163,large brown grade a eggs,brown
12164,black,black
12166,cream of mushroom,mushroom
12169,yes,yes
12170,strawberry,strawberry
12172,aluminium foil,foil
12173,yes,yes
12175,cashews,cashews
12181,mint green,green
12183,plain,plain
12186,black,black
12187,red,red
12188,red,red
12190,its blue,blue
12193,yes,yes
12195,white,white
12197,yes,yes
12201,the cookies are round,round
12202,yes,yes
12203,yes,yes
12204,blueberry,blue
12208,black,black
12210,yes,yes
12213,white,white
12214,yes,yes
12215,white,white
12219,white,white
12225,yes,yes
12226,buffalo wing almonds,buffalo
12228,yes,yes
12229,vanilla wafers,vanilla
12233,uncured pepperoni,red
12235,its yellow,yellow
12237,green,green
12239,white,white
12242,yes,yes
12243,green,green
12244,yes,yes
12249,baby kale is a dark green leafy vegetable that,green
12250,yes,yes
12251,green beans,green
12252,its a dark green,green
12253,yes,yes
12255,orange drink mix,orange
12258,the beans are green,green
12259,its pink,pink
12260,red,red
12263,yes,yes
12264,yes,yes
12267,black,black
12268,yes,yes
12270,they are orange,orange
12271,fresh mango chunks are yellow,yellow
12273,yes,yes
12275,dark chocolate with almonds,dark
12276,tortilla chips,chips
12279,yes,yes
12282,orange,orange
12283,yes,yes
12286,the box is brown,brown
12299,it is white,white
12305,its a square,square
12312,pretzel twists unsalted organic 1,pretzel
12313,yes,yes
12314,its a red sauce,red
12315,yes,yes
12316,yes,yes
12317,yes,yes
12319,the lid is red,red
12322,yes,yes
12332,white sugar,white
12334,yes,yes
12336,yes,yes
12337,brown,brown
12339,yes,yes
12341,its white,white
12344,yes,yes
12349,yes,yes
12350,white,white
12356,crackers,crackers
12357,its a dark green,green
12359,yes,yes
12362,yes,yes
12363,yes,yes
12366,365 organic chicken noodle soup,soup
12367,green,green
12368,yes,yes
12369,coconut water,coconut
12371,red,red
12375,yes,yes
12377,cracked pepper,pepper
12380,yes,yes
12384,yes,yes
12386,yes,yes
12387,pink,pink
12392,yes,yes
12394,organic raspberry yogurt,raspberry
12395,yes,yes
12406,,brown
12407,yes,yes
12409,red,red
12412,almonds,almonds
12421,yes,yes
12425,snickerdoodle,snickerdoodle
12428,yes,yes
12429,yellow,yellow
12430,the packaging is white,white
12431,yes,yes
12435,yes,yes
12436,the packaging is white,white
12437,yes,yes
12443,maple and spice,maple
12444,green,green
12445,yes,yes
12446,yes,yes
12447,red,red
12449,banana chips,banana
12450,green,green
12451,blueberry,blueberry
12453,blue,blue
12454,yes,yes
12455,yes,yes
12458,its red,red
12460,yes,yes
12461,yes,yes
12464,yes,yes
12467,its brown,brown
12468,brown,brown
12469,yes,yes
12471,yes,yes
12475,black olives,black
12478,yellow,yellow
12482,white,white
12484,yes,yes
12485,its brown,brown
12487,yes,yes
12488,glass,glass
12491,orange blossom shortbread cookies,orange
12493,the cap is white,white
12499,white cheddar shells and cheese,white
12503,white,white
12506,black,black
12507,black,black
12508,yes,yes
12509,black,black
12510,yes,yes
12512,black,black
12514,yes,yes
12515,yes,yes
12516,pink,pink
12517,yes,yes
12518,brown,brown
12519,yes,yes
12520,yes,yes
12521,black,black
12522,yes,yes
12524,black,black
12525,black,black
12527,yes,yes
12528,blue,blue
12530,yes,yes
12532,yes,yes
12533,round,round
12534,blue,blue
12535,its a star,star
12537,yes,yes
12539,yes,yes
12540,silver,silver
12542,yes,yes
12543,black,black
12545,yes,yes
12546,the pattern is a leopard print,leopard
12547,beige,beige
12548,yes,yes
12549,yes,yes
12551,black,black
12552,beige,beige
12553,this is a bucket bag,bucket
12555,red,red
12556,its a bucket bag,bucket
12559,yes,yes
12560,yes,yes
12561,yes,yes
12562,black,black
12563,yes,yes
12564,black,black
12565,yes,yes
12566,yes,yes
12567,black,black
12569,black,black
12570,yes,yes
12571,velvet,velvet
12572,yes,yes
12574,gold,gold
12575,yes,yes
12576,leather,leather
12577,it is a circle,circle
12578,yes,yes
12579,blue and white,blue
12580,yes,yes
12581,black,black
12582,yes,yes
12583,,brown
12584,black,black
12585,black,black
12586,yes,yes
12587,yes,yes
12589,the knob is a round knob,round
12592,,curved
12593,yes,yes
12594,black,black
12595,yes,yes
12598,,black
12602,yes,yes
12607,yes,yes
12608,the handle is a round knob with a black finish,round
12609,black,black
12611,yes,yes
12613,black,black
12614,yes,yes
12615,white,white
12617,rectangular,rectangular
12618,the knob is a round knob with a braid,round
12619,yes,yes
12622,yes,yes
12623,yes,yes
12625,yes,yes
12626,black,black
12627,black,black
12630,the handle is a round knob,round
12631,rectangular,rectangular
12632,black,black
12636,black,black
12637,yes,yes
12638,black,black
12639,yes,yes
12640,yes,yes
12641,yes,yes
12642,black,black
12644,yes,yes
12648,black,black
12650,black,black
12652,yes,yes
12654,yes,yes
12655,black,black
12656,black,black
12661,black,black
12664,yes,yes
12665,black,black
12668,yes,yes
12670,yes,yes
12671,round,round
12672,black,black
12674,black,black
12675,yes,yes
12676,black,black
12678,yes,yes
12680,yes,yes
12681,yes,yes
12682,yes,yes
12683,the ends are yellow,yellow
12685,black,black
12687,yes,yes
12689,yes,yes
12691,yes,yes
12692,black,black
12693,yes,yes
12694,black,black
12695,yes,yes
12696,yes,yes
12698,black,black
12700,the knob is a round knob,round
12701,yes,yes
12702,yes,yes
12703,yes,yes
12706,the handle is a round knob,round
12707,yes,yes
12708,yes,yes
12709,yes,yes
12710,black,black
12711,the handle is a round knob,round
12712,yes,yes
12714,black,black
12715,yes,yes
12718,silver,silver
12719,the knob is a round knob,round
12722,yes,yes
12724,yes,yes
12725,yes,yes
12726,yes,yes
12727,yes,yes
12729,yes,yes
12730,yes,yes
12731,black,black
12733,black,black
12735,yes,yes
12736,yes,yes
12738,yes,yes
12739,the handle is a square bar with a square head,square
12741,yes,yes
12742,black,black
12743,,silver
12744,yes,yes
12746,round,round
12747,black,black
12752,the knob is a round knob,round
12754,black,black
12757,black,black
12758,yes,yes
12759,the knob is a round knob,round
12760,black,black
12762,black,black
12763,yes,yes
12764,yes,yes
12765,the handle is a round knob,round
12766,the knob is a round knob,round
12767,white,white
12768,yes,yes
12769,square,square
12770,yes,yes
12771,yes,yes
12773,rectangular,rectangular
12774,black,black
12775,yes,yes
12776,round,round
12778,black,black
12786,black,black
12788,black,black
12793,yes,yes
12794,yes,yes
12795,square,square
12796,yes,yes
12798,yes,yes
12800,yes,yes
12801,yes,yes
12802,the doorknob is a round knob with a,round
12804,green,green
12806,yes,yes
12810,yes,yes
12811,white,white
12812,yes,yes
12814,its a square,square
12817,yes,yes
12823,yes,yes
12825,yes,yes
12829,yes,yes
12837,yellow,yellow
12840,yes,yes
12844,yes,yes
12845,orange,orange
12846,yes,yes
12854,,yellow
12856,yes,yes
12859,black,black
12862,blue,blue
12865,blue,blue
12866,green,green
12867,they are red,red
12871,black,black
12872,yes,yes
12874,white,white
12875,yes,yes
12877,the bottles are red,red
12878,yes,yes
12881,yes,yes
12884,white,white
12886,white,white
12887,red,red
12889,yes,yes
12892,green,green
12893,yes,yes
12895,yes,yes
12898,yes,yes
12900,yes,yes
12907,yellow,yellow
12910,yes,yes
12912,yes,yes
12913,yes,yes
12917,yes,yes
12920,yes,yes
12921,yes,yes
12923,its yellow,yellow
12924,yes,yes
12925,black,black
12926,black,black
12927,yes,yes
12928,yes,yes
12929,red,red
12930,black,black
12931,yes,yes
12933,black,black
12934,black,black
12935,yes,yes
12936,yes,yes
12937,white,white
12938,yes,yes
12940,blue,blue
12942,black,black
12943,beige,beige
12944,yes,yes
12947,yes,yes
12948,yes,yes
12950,orange,orange
12951,black,black
12952,yes,yes
12953,yes,yes
12954,black,black
12956,the dresser is a dark brown,brown
12958,yes,yes
12959,its a dark green,green
12960,yellow,yellow
12964,silver,silver
12967,yes,yes
12968,black,black
12969,black,black
12970,black,black
12971,black,black
12972,yes,yes
12973,black,black
12974,round,round
12975,round,round
12977,black,black
12978,black,black
12982,yes,yes
12984,yes,yes
12985,brown,brown
12987,black,black
12988,white,white
12989,white,white
12991,white,white
12993,the pretzels are brown,brown
12994,yes,yes
12995,black,black
12996,yes,yes
12998,white,white
12999,yes,yes
13000,black,black
13002,yes,yes
13003,yellow,yellow
13004,black,black
13006,yes,yes
13007,yes,yes
13009,yes,yes
13011,red,red
13012,yes,yes
13016,yes,yes
13018,black,black
13020,yes,yes
13021,chocolate,chocolate
13023,black,black
13024,grey,grey
13027,yes,yes
13029,black,black
13031,white,white
13033,black,black
13035,yellow,yellow
13036,brown,brown
13037,clear glass,glass
13038,yes,yes
13039,its a square,square
13040,white,white
13041,metal,metal
13042,white,white
13043,black,black
13046,round,round
13047,black,black
13048,round,round
13050,yes,yes
13051,yes,yes
13053,black,black
13057,yes,yes
13058,yes,yes
13059,its green,green
13060,red,red
13061,white,white
13062,laptop,laptop
13063,yes,yes
13064,yes,yes
13065,yes,yes
13066,yes,yes
13067,beige,beige
13069,yes,yes
13070,black,black
13071,the cartridge holder is a rectangular shape,rectangular
13072,black,black
13073,,blue
13076,black,black
13077,blue,blue
13079,black,black
13080,orange,orange
13082,pink,pink
13084,black,black
13085,black,black
13086,yes,yes
13087,yes,yes
13088,white,white
13089,red,red
13091,brown,brown
13092,blue,blue
13094,yes,yes
13095,silver,silver
13096,yes,yes
13097,black,black
13098,black,black
13099,yes,yes
13100,red,red
13101,yes,yes
13102,moose,moose
13103,the package is white,white
13107,black,black
13108,yes,yes
13109,yes,yes
13110,leather,leather
13111,black,black
13112,black,black
13113,yes,yes
13114,yes,yes
13117,they are made of plastic,plastic
13119,yes,yes
13120,gray,gray
13121,cube,cube
13123,yes,yes
13124,yes,yes
13125,blue,blue
13126,black,black
13127,yes,yes
13128,blue,blue
13130,gray,gray
13132,black,black
13135,yes,yes
13136,black,black
13137,wood,wood
13138,gray,gray
13139,yes,yes
13140,black,black
13141,white,white
13143,white,white
13148,,cylindrical
13149,black,black
13152,red,red
13153,black,black
13154,yes,yes
13155,white,white
13156,they are silver,silver
13159,yes,yes
13162,yes,yes
13163,black,black
13164,its a light gray,gray
13166,yes,yes
13167,black,black
13168,,purple
13169,yes,yes
13170,black,black
13171,white,white
13172,they are white,white
13173,yes,yes
13174,yes,yes
13175,blue,blue
13176,black,black
13177,white,white
13178,black,black
13179,it is a square shape,square
13180,yes,yes
13181,yes,yes
13182,black,black
13184,yes,yes
13185,white,white
13186,round,round
13187,its brown,brown
13189,blue,blue
13191,silver,silver
13192,yes,yes
13193,purple,purple
13194,white,white
13195,yes,yes
13196,yes,yes
13197,yes,yes
13198,yes,yes
13199,black,black
13201,the pattern is a leopard print,leopard
13202,black,black
13205,silver,silver
13206,black,black
13209,white,white
13210,yes,yes
13213,its a dark purple,purple
13214,gray,gray
13215,white,white
13216,yes,yes
13220,yes,yes
13221,yes,yes
13222,the contents are brown,brown
13223,white,white
13224,black,black
13225,black,black
13226,black,black
13228,black,black
13229,black,black
13230,yes,yes
13231,black,black
13234,white,white
13235,yes,yes
13238,yes,yes
13241,glass,glass
13242,blue,blue
13243,purple,purple
13245,white,white
13246,mango,mango
13247,red,red
13248,black,black
13250,blue,blue
13251,a wolf,wolf
13252,pink lemonade drink mix,pink
13254,green,green
13255,black,black
13258,black,black
13259,blue,blue
13261,green,green
13266,white,white
13267,green tea powder,green
13268,green,green
13270,brown,brown
13271,black,black
13273,black,black
13275,yes,yes
13279,white,white
13280,white,white
13281,brown,brown
13282,black,black
13284,black,black
13285,yes,yes
13287,white,white
13290,pink,pink
13291,its a bright red,red
13292,navy,navy
13293,it is a rectangular shape,rectangular
13294,black,black
13296,brown,brown
13299,yellow,yellow
13302,white,white
13303,orange,orange
13304,black,black
13305,yes,yes
13306,yes,yes
13307,black,black
13309,the flatware is silver,silver
13310,square,square
13312,yes,yes
13315,yes,yes
13317,yes,yes
13318,white,white
13319,white,white
13321,black,black
13322,black,black
13323,white,white
13325,black,black
13327,yes,yes
13329,black,black
13333,yes,yes
13334,white,white
13336,yes,yes
13338,yes,yes
13340,white,white
13341,yellow gold,gold
13343,white,white
13344,black,black
13345,black,black
13346,,rectangular
13347,black,black
13349,black,black
13350,black,black
13351,yes,yes
13352,black,black
13353,black,black
13354,white,white
13357,black,black
13358,white,white
13359,yes,yes
13360,yes,yes
13363,yes,yes
13365,its a dark red,red
13366,the liquid is blue,blue
13367,black,black
13368,gold,gold
13371,yes,yes
13372,yes,yes
13373,yes,yes
13375,black,black
13376,yes,yes
13377,they are round,round
13378,blue,blue
13381,yes,yes
13383,black,black
13387,black,black
13388,yes,yes
13390,dark brown,brown
13391,green,green
13392,black,black
13393,black,black
13396,yes,yes
13398,blue,blue
13400,white,white
13401,wood,wood
13402,the boxes are square with handles on the sides,square
13405,silver,silver
13407,they are brown,brown
13408,black,black
13411,the color of the poultry is white,white
13414,black,black
13417,red,red
13418,its yellow,yellow
13419,gray,gray
13421,blue,blue
13424,white,white
13425,yes,yes
13426,purple,purple
13428,white,white
13430,white,white
13431,white,white
13433,black,black
13435,its pink,pink
13436,black,black
13437,black,black
13438,white,white
13439,the pattern is a leopard print,leopard
13441,yes,yes
13442,black,black
13443,black,black
13444,white,white
13445,red,red
13447,black,black
13448,blue,blue
13449,yellow,yellow
13453,yes,yes
13454,its a light green,green
13455,black,black
13456,black,black
13458,yes,yes
13460,black,black
13462,silver,silver
13463,amazonbasics white labels,white
13465,round,round
13467,black,black
13468,the zipper,zipper
13469,blue,blue
13470,yes,yes
13471,green,green
13472,green,green
13474,chicken tenders,chicken
13475,yes,yes
13478,its yellow gold,gold
13479,yes,yes
13480,brown,brown
13481,ground coffee,ground
13482,yes,yes
13483,white,white
13484,black,black
13485,green,green
13486,it is a star,star
13487,the bottle is white,white
13491,yes,yes
13492,yes,yes
13493,chicken wings,wings
13497,yes,yes
13499,its a circle,circle
13502,black,black
13503,black,black
13504,black,black
13505,white,white
13506,yes,yes
13508,black,black
13510,yes,yes
13511,white,white
13512,black,black
13513,clear,clear
13514,pink,pink
13515,round,round
13516,yes,yes
13517,silver,silver
13519,black,black
13521,white,white
13522,black,black
13523,yes,yes
13524,black,black
13526,yes,yes
13527,black,black
13528,pink,pink
13529,yes,yes
13530,black,black
13533,yes,yes
13535,brown,brown
13537,black,black
13538,blue,blue
13539,white,white
13541,grey,grey
13542,yes,yes
13545,yes,yes
13546,black,black
13547,yes,yes
13548,yes,yes
13549,,cross
13551,black,black
13552,blue,blue
13553,yes,yes
13554,red,red
13556,yes,yes
13557,red wine vinegar,red
13559,yellow and white,white
13560,silver,silver
13561,,circle
13563,blue,blue
13564,white,white
13566,white,white
13568,lavender,lavender
13570,theyre all white,white
13572,yes,yes
13574,yes,yes
13576,white,white
13577,yes,yes
13578,black,black
13581,yes,yes
13582,blue,blue
13583,yes,yes
13584,white,white
13586,happy bell delux mixed nuts,nuts
13587,white,white
13588,yes,yes
13589,yes,yes
13593,its a round clock,round
13595,black,black
13596,yes,yes
13601,yes,yes
13605,pink,pink
13606,yes,yes
13607,yes,yes
13610,white,white
13612,blue,blue
13613,yes,yes
13614,yes,yes
13615,they are all white,white
13616,yes,yes
13618,white,white
13619,black,black
13620,yes,yes
13621,yes,yes
13623,yes,yes
13624,blue,blue
13625,square,square
13626,white,white
13627,,rectangular
13628,yes,yes
13629,black,black
13631,black,black
13632,red,red
13633,yes,yes
13634,yes,yes
13636,yes,yes
13638,its a square,square
13639,yes,yes
13640,green,green
13641,black,black
13642,black,black
13643,yes,yes
13644,glass,glass
13645,black,black
13646,white,white
13649,its a white bottle with a picture of a,white
13652,the shape of the overall artwork is square,square
13655,yes,yes
13656,yes,yes
13660,they are round,round
13661,green,green
13662,black,black
13665,this is a round hole for a bolt,round
13666,black,black
13667,white,white
13669,plastic,plastic
13670,its a square,square
13674,black,black
13675,yes,yes
13677,yellow,yellow
13682,the sandal is made of leather,leather
13683,yes,yes
13685,black,black
13686,brown,brown
13688,black,black
13689,black,black
13690,yellow,yellow
13691,yes,yes
13695,black,black
13696,the seats are square,square
13697,red,red
13701,the pendant is a round blue topaz,round
13703,blue,blue
13704,white,white
13705,red,red
13707,black,black
13709,the color of the blanket is blue,blue
13710,beige,beige
13711,white,white
13712,it is a clear bottle,clear
13713,black and white plaid,plaid
13715,yes,yes
13717,black,black
13719,they are white,white
13722,yes,yes
13724,black,black
13725,yes,yes
13726,yes,yes
13727,yes,yes
13729,black,black
13730,yes,yes
13731,black,black
13732,yes,yes
13734,yes,yes
13735,black,black
13736,white,white
13737,yes,yes
13738,green,green
13742,white,white
13743,brown,brown
13744,rectangle,rectangle
13746,black,black
13750,purple,purple
13751,black,black
13752,they are white,white
13754,yes,yes
13755,blue,blue
13756,yes,yes
13758,green,green
13760,its a square,square
13762,yes,yes
13763,yes,yes
13764,yes,yes
13765,white,white
13766,the pendant is a cross,cross
13767,black,black
13768,black,black
13770,wood,wood
13772,white,white
13773,red,red
13777,its pink,pink
13778,black,black
13779,black,black
13781,a cow,cow
13782,silver,silver
13784,yes,yes
13785,black,black
13786,white,white
13788,black,black
13789,black,black
13790,black,black
13791,yes,yes
13792,black,black
13793,black,black
13795,yes,yes
13796,square,square
13797,yes,yes
13798,a pumpkin,pumpkin
13799,white,white
13800,white,white
13804,black,black
13805,black,black
13808,white,white
13809,round,round
13810,black,black
13813,gold,gold
13814,red,red
13815,black,black
13817,its gray,gray
13819,black,black
13820,black,black
13821,yes,yes
13822,orange,orange
13823,blue,blue
13825,the pattern is a snake skin print,snake
13827,black,black
13830,white,white
13832,the liner is a rectangle,rectangle
13835,its a rectangle,rectangle
13836,black,black
13838,yes,yes
13839,black,black
13841,black,black
13843,yes,yes
13844,yes,yes
13845,brown,brown
13846,yes,yes
13847,yes,yes
13849,black,black
13850,dark brown,brown
13851,blue,blue
13852,yes,yes
13853,white,white
13855,green,green
13856,black,black
13857,yes,yes
13858,yes,yes
13859,white,white
13864,black,black
13866,it is a round face,round
13867,white,white
13868,black,black
13870,yes,yes
13871,white,white
13876,yes,yes
13877,black,black
13878,white,white
13879,yes,yes
13880,yes,yes
13882,black,black
13883,black,black
13884,yes,yes
13885,yes,yes
13886,white,white
13887,yes,yes
13888,yes,yes
13889,,wood
13890,black,black
13892,gray,gray
13893,black,black
13896,white,white
13897,black,black
13898,yes,yes
13900,black,black
13901,black,black
13903,it is olive green,olive
13904,white,white
13905,solid wood,wood
13906,yes,yes
13908,yes,yes
13910,heart,heart
13911,yes,yes
13915,yes,yes
13919,yes,yes
13920,black,black
13923,white,white
13924,they are red,red
13925,white,white
13926,green,green
13928,yes,yes
13930,yes,yes
13931,brown,brown
13932,black,black
13933,yes,yes
13935,round,round
13937,blue,blue
13938,yes,yes
13939,black,black
13940,yes,yes
13941,green,green
13942,,teal
13944,black,black
13945,yellow,yellow
13946,black,black
13947,black,black
13949,sweet salty kettle corn,corn
13950,black,black
13951,black,black
13952,the tip is a rounded rectangle,round
13953,black,black
13954,black,black
13955,yes,yes
13957,white,white
13959,black,black
13960,green,green
13961,yes,yes
13962,yes,yes
13964,black,black
13965,yes,yes
13966,red,red
13967,yes,yes
13968,black,black
13969,round,round
13970,yes,yes
13971,yes,yes
13972,yes,yes
13974,yes,yes
13976,yes,yes
13977,black,black
13978,yes,yes
13979,the clock is round,round
13980,black,black
13981,yes,yes
13982,white,white
13984,yes,yes
13987,yes,yes
13989,yes,yes
13991,yes,yes
13992,black,black
13993,yes,yes
13997,yes,yes
13998,yes,yes
14001,blue,blue
14002,black,black
14003,red,red
14004,gray,gray
14006,white,white
14008,black,black
14010,yes,yes
14012,,round
14013,black,black
14014,black,black
14015,white,white
14016,yes,yes
14017,yes,yes
14019,white,white
14020,black,black
14021,yes,yes
14024,white,white
14025,the heel is square,square
14026,white,white
14028,wood,wood
14029,blue,blue
14030,yes,yes
14034,yes,yes
14036,black,black
14037,black,black
14038,black,black
14039,black,black
14042,yes,yes
14043,the rack is a rectangular steel frame with a metal,rectangular
14045,yes,yes
14046,the wheels are round,round
14047,yes,yes
14048,yes,yes
14051,black,black
14052,black,black
14053,black and red,black
14054,yes,yes
14055,yes,yes
14057,black,black
14058,white,white
14059,yes,yes
14060,yes,yes
14063,yes,yes
14064,blue,blue
14071,orange zest,orange
14072,it is a circle,circle
14073,brown,brown
14074,blue,blue
14077,black,black
14079,brown,brown
14080,purple,purple
14081,yes,yes
14082,blue,blue
14083,yes,yes
14085,white,white
14086,black,black
14088,red,red
14089,yes,yes
14091,brown,brown
14094,black,black
14095,black,black
14097,,crosses
14098,its a star,star
14100,black,black
14101,red,red
14102,yes,yes
14103,yes,yes
14105,white,white
14106,gray,gray
14107,the box is white with a yellow label,yellow
14108,black,black
14109,yes,yes
14111,black,black
14112,black,black
14114,yes,yes
14115,blue,blue
14116,black,black
14117,black,black
14118,the wheels are round,round
14119,black,black
14120,they are round,round
14122,yes,yes
14123,its a horseshoe shape,horseshoe
14124,white,white
14125,yes,yes
14126,yes,yes
14127,it is a round shape,round
14128,yes,yes
14129,yes,yes
14130,yes,yes
14132,green,green
14133,,round
14134,blue,blue
14135,white,white
14136,black,black
14139,black,black
14140,white,white
14142,yes,yes
14143,white,white
14144,rooster,rooster
14145,black,black
14146,yes,yes
14148,black,black
14149,yes,yes
14150,yes,yes
14151,yes,yes
14152,the legs are black,black
14154,white,white
14156,black,black
14157,the objects main purpose is to carry laundry,laundry
14159,yes,yes
14161,green,green
14162,blue,blue
14163,blue,blue
14164,black,black
14165,yes,yes
14166,white,white
14168,yes,yes
14172,yes,yes
14175,dark gray,gray
14177,yes,yes
14178,yes,yes
14179,the topmost color is blue,blue
14180,yes,yes
14181,blue,blue
14183,green,green
14186,white,white
14187,yes,yes
14188,purple,purple
14189,brown,brown
14190,red,red
14191,yes,yes
14192,the flatwares color is silver,silver
14195,yes,yes
14198,white,white
14199,blue,blue
14200,yes,yes
14201,black,black
14202,black,black
14203,its square,square
14204,yes,yes
14205,red,red
14207,blue,blue
14208,beige,beige
14209,yes,yes
14211,black,black
14212,white,white
14213,silver,silver
14216,black,black
14217,black,black
14219,it is a round watch face,round
14221,yes,yes
14222,it is a rectangular wardrobe,rectangular
14225,black,black
14226,yes,yes
14229,black,black
14230,yes,yes
14231,yes,yes
14232,yes,yes
14233,red,red
14234,they are black,black
14235,leather,leather
14236,brown,brown
14238,yes,yes
14239,black,black
14240,blue,blue
14243,black,black
14244,yes,yes
14246,yes,yes
14247,blue,blue
14248,yes,yes
14249,mint green,green
14250,yes,yes
14251,yes,yes
14252,black,black
14253,black,black
14255,yes,yes
14256,black,black
14257,white,white
14258,it is a rectangular shape,rectangular
14259,yes,yes
14260,black,black
14261,black,black
14262,yes,yes
14263,its a blue bottle with a white label,white
14264,yes,yes
14266,yes,yes
14267,black,black
14268,brown,brown
14269,yes,yes
14270,white,white
14271,blue,blue
14272,yes,yes
14274,the loaves are rectangular,rectangular
14277,yellow,yellow
14278,round,round
14282,yes,yes
14283,black,black
14285,grey pink black white and grey,pink
14286,they are round,round
14287,black,black
14288,yes,yes
14291,brown,brown
14292,black,black
14293,leather,leather
14294,orange,orange
14295,black,black
14296,blue,blue
14297,black,black
14298,white,white
14300,its a round clock,round
14301,orange,orange
14302,black,black
14303,yes,yes
14304,red,red
14306,yes,yes
14307,red,red
14309,black,black
14310,leather,leather
14313,red,red
14316,black,black
14317,black,black
14318,black,black
14319,peppermint,peppermint
14321,its a square pedal,square
14322,yes,yes
14323,blue,blue
14324,black,black
14326,yes,yes
14327,white,white
14328,black,black
14329,yes,yes
14330,brown,brown
14333,yes,yes
14334,yes,yes
14335,green,green
14336,rose,rose
14337,yes,yes
14338,white,white
14339,suede,suede
14343,yellow,yellow
14344,yes,yes
14346,black,black
14347,black,black
14348,yes,yes
14349,black,black
14350,yes,yes
14351,black,black
14352,black,black
14353,white,white
14358,blue,blue
14359,yes,yes
14364,white,white
14366,white,white
14367,black,black
14370,yes,yes
14371,the legs are square,square
14372,they are round,round
14374,royal blue,blue
14379,blue,blue
14380,blue,blue
14381,white,white
14382,yes,yes
14384,yes,yes
14385,black,black
14386,yes,yes
14387,its a clear bottle with a white cap,white
14389,green,green
14390,yes,yes
14391,yes,yes
14393,theyre a shape called a cylindrical shape,cylindrical
14396,yes,yes
14397,yellow,yellow
14398,grey,grey
14401,it is a yellow topaz,yellow
14402,red,red
14403,yes,yes
14404,yes,yes
14405,black,black
14406,white,white
14407,yes,yes
14412,black,black
14413,red,red
14414,the toe is a flat open toe with,open
14415,black,black
14416,black,black
14418,black,black
14419,black,black
14420,rectangular,rectangular
14421,the hooks are black,black
14422,white,white
14423,black,black
14425,red,red
14428,they are square,square
14429,yes,yes
14431,black,black
14432,yes,yes
14433,blue,blue
14434,yes,yes
14436,yes,yes
14437,yes,yes
14440,white,white
14441,white,white
14444,yes,yes
14445,black,black
14446,yes,yes
14447,yes,yes
14448,black,black
14453,black,black
14454,white,white
14455,metal,metal
14457,black,black
14458,yes,yes
14459,yes,yes
14461,yes,yes
14462,yes,yes
14464,pink,pink
14466,yes,yes
14468,black,black
14469,yes,yes
14470,pink,pink
14471,yes,yes
14472,yes,yes
14474,yes,yes
14475,black,black
14477,white,white
14478,they are round,round
14479,black,black
14480,yes,yes
14482,yes,yes
14483,yes,yes
14484,black,black
14485,white,white
14486,black,black
14487,round,round
14488,blue,blue
14489,gray,gray
14490,yes,yes
14491,yes,yes
14493,yes,yes
14494,black,black
14495,black,black
14497,blue,blue
14498,yes,yes
14500,yes,yes
14501,black,black
14503,blue,blue
14505,,cabinet
14506,blue,blue
14507,yes,yes
14508,black,black
14510,black,black
14513,green,green
14514,blue,blue
14515,a cat,cat
14518,beige,beige
14519,yes,yes
14520,yes,yes
14521,dog,dog
14522,yes,yes
14524,yes,yes
14526,yes,yes
14527,the treats are shaped like a dog bone,bone
14529,black,black
14530,black,black
14534,pink,pink
14535,yes,yes
14537,yes,yes
14538,white,white
14539,a cat,cat
14540,yes,yes
14541,orange,orange
14542,black,black
14544,salmon,salmon
14545,blue,blue
14546,its blue,blue
14547,blue,blue
14548,green dental chews size tiny,green
14549,yes,yes
14550,yes,yes
14551,black,black
14553,black,black
14556,green,green
14558,beige,beige
14559,beige,beige
14560,dog,dog
14561,brown,brown
14562,beige,beige
14563,yes,yes
14567,yes,yes
14569,green,green
14570,green,green
14571,yes,yes
14572,brown,brown
14573,yes,yes
14575,yes,yes
14576,beige,beige
14577,yes,yes
14578,black,black
14579,yes,yes
14581,yellow,yellow
14583,yes,yes
14584,yes,yes
14585,blue,blue
14586,lifelong® stuffed dog biscuits,dog
14587,white,white
14588,yes,yes
14593,blue,blue
14596,yes,yes
14597,blue,blue
14598,white,white
14601,red,red
14602,yes,yes
14603,yes,yes
14605,yellow,yellow
14606,green,green
14608,blue,blue
14609,black,black
14610,yes,yes
14611,blue,blue
14612,grey,grey
14613,the object is beige,beige
14614,yes,yes
14615,blue,blue
14617,black,black
14619,yes,yes
14620,yes,yes
14621,yes,yes
14623,green,green
14624,green,green
14625,black,black
14628,yes,yes
14630,black,black
14631,blue,blue
14632,beige,beige
14633,a cat tree,cat
14635,blue,blue
14636,yes,yes
14639,whole paws blueberry cinnamon biscuits,biscuits
14640,small breed chicken flavor,chicken
14642,beige,beige
14643,yes,yes
14644,beige,beige
14645,green,green
14647,brown,brown
14648,black,black
14650,wood,wood
14651,yes,yes
14652,yes,yes
14653,yes,yes
14654,grey,grey
14657,yes,yes
14658,they are all round,round
14659,green dental chews size medium,green
14660,black,black
14663,yellow,yellow
14666,blue,blue
14667,black,black
14668,beige,beige
14672,yes,yes
14673,round,round
14674,the bed is a rectangular shape with a blue,rectangular
14676,round,round
14677,red,red
14678,yes,yes
14680,red,red
14681,yes,yes
14682,yes,yes
14683,black,black
14685,yes,yes
14686,yes,yes
14687,beige,beige
14689,yes,yes
14690,the base is square,square
14692,yes,yes
14693,yes,yes
14695,yes,yes
14697,black,black
14698,yes,yes
14699,black,black
14700,yes,yes
14701,yes,yes
14702,yes,yes
14703,the ramp is made of plastic,plastic
14705,it is a triangle shape,triangle
14707,beige,beige
14708,purple,purple
14710,yes,yes
14712,yes,yes
14715,a cat,cat
14716,blue,blue
14717,brown,brown
14718,yes,yes
14719,green,green
14720,yes,yes
14721,black,black
14722,blue,blue
14723,yes,yes
14724,yes,yes
14725,a cat,cat
14726,yes,yes
14727,yes,yes
14728,yes,yes
14729,blue,blue
14734,dog,dog
14737,blue,blue
14738,blue,blue
14739,yes,yes
14742,pink,pink
14743,grey,grey
14744,yes,yes
14745,red,red
14746,yes,yes
14748,blue,blue
14750,black,black
14751,yes,yes
14752,green,green
14753,round,round
14754,grey,grey
14755,beige,beige
14757,yes,yes
14759,white,white
14760,white,white
14764,yes,yes
14767,green,green
14768,purple,purple
14770,yes,yes
14772,grey,grey
14773,black,black
14775,red,red
14776,black,black
14777,brown,brown
14781,yes,yes
14783,orange,orange
14785,brown,brown
14786,blue,blue
14787,yes,yes
14788,yes,yes
14789,yes,yes
14791,yes,yes
14792,yes,yes
14793,yes,yes
14795,yes,yes
14796,round,round
14800,yes,yes
14803,yes,yes
14815,yes,yes
14820,yes,yes
14821,the rug is a light grey,grey
14824,red blue and white,blue
14827,yes,yes
14831,round,round
14832,rectangle,rectangle
14834,yes,yes
14835,yes,yes
14838,yes,yes
14842,plaid,plaid
14843,yes,yes
14845,yes,yes
14846,yes,yes
14847,yes,yes
14852,yes,yes
14853,yes,yes
14855,yes,yes
14856,rectangle,rectangle
14860,red,red
14862,yes,yes
14863,yes,yes
14865,yes,yes
14872,yes,yes
14874,the rug is made of wool and has a geometric,geometric
14876,yes,yes
14877,striped,striped
14880,it is a rectangle,rectangle
14882,yes,yes
14883,it is a rectangle,rectangle
14885,yes,yes
14889,yes,yes
14890,yes,yes
14892,rectangle,rectangle
14894,yes,yes
14895,rectangle,rectangle
14898,yes,yes
14900,round,round
14901,geometric,geometric
14902,yes,yes
14911,plaid,plaid
14912,rectangle,rectangle
14918,the rug is a blue and red floral pattern,floral
14920,yes,yes
14927,yes,yes
14929,yes,yes
14933,yes,yes
14936,rectangle,rectangle
14941,yes,yes
14945,yes,yes
14947,yes,yes
14948,yes,yes
14954,yes,yes
14956,yes,yes
14958,yes,yes
14961,yes,yes
14962,yes,yes
14966,yes,yes
14968,yes,yes
14969,yes,yes
14980,yes,yes
14990,its a geometric pattern,geometric
14991,yes,yes
14997,yes,yes
14998,yes,yes
15001,rectangle,rectangle
15003,yes,yes
15007,yes,yes
15015,black,black
15016,black,black
15017,black,black
15018,yes,yes
15020,yes,yes
15021,yes,yes
15023,black,black
15025,black,black
15027,white,white
15028,black,black
15029,black,black
15030,black,black
15032,yes,yes
15033,suede,suede
15035,yes,yes
15037,black,black
15038,yes,yes
15042,yes,yes
15043,black,black
15044,black,black
15046,the shoes are made of leather,leather
15047,yes,yes
15051,yes,yes
15052,black,black
15054,black,black
15055,yes,yes
15056,grey,grey
15059,yes,yes
15060,the boot is made of suede,suede
15061,grey,grey
15063,yes,yes
15064,black,black
15065,white,white
15066,the shoelaces are round but the sho,round
15068,black and green,green
15069,the shoe is made of leather and has a rubber,leather
15070,blueorange,orange
15071,brown,brown
15074,yes,yes
15076,white,white
15077,yes,yes
15079,yes,yes
15082,white,white
15086,yes,yes
15090,black,black
15091,yes,yes
15092,brown,brown
15093,yes,yes
15094,green,green
15095,yes,yes
15098,yes,yes
15100,black,black
15101,yes,yes
15102,yes,yes
15103,yes,yes
15104,white,white
15106,yes,yes
15108,black and red,red
15109,brown,brown
15110,yes,yes
15111,black,black
15112,grey,grey
15113,black,black
15114,yes,yes
15116,its a floral pattern,floral
15117,yes,yes
15118,white,white
15119,zebra print,zebra
15121,black,black
15122,yes,yes
15128,yes,yes
15131,white,white
15134,suede,suede
15136,yes,yes
15138,the shoes are striped,striped
15139,black,black
15140,gold,gold
15141,the boot is a high heel,high
15142,black,black
15143,black,black
15144,black,black
15145,yes,yes
15148,black,black
15149,black and yellow,yellow
15151,yes,yes
15153,black,black
15155,yes,yes
15156,yes,yes
15157,slipon,slipon
15158,yes,yes
15159,black,black
15160,yes,yes
15161,silver,silver
15164,red,red
15165,beige,beige
15166,yes,yes
15167,brown,brown
15168,yes,yes
15169,brown,brown
15170,it is a light pink,pink
15171,brown,brown
15174,yes,yes
15176,black,black
15177,loafers,loafer
15179,yes,yes
15182,brown,brown
15183,yes,yes
15184,yes,yes
15185,black,black
15186,the shoes closure is a buckle,buckle
15188,black,black
15190,yes,yes
15191,white,white
15193,leather,leather
15194,yes,yes
15196,yes,yes
15198,tan,tan
15199,black,black
15200,white,white
15201,black,black
15202,black,black
15203,yes,yes
15204,womens sandals,sandal
15205,grey,grey
15206,brown,brown
15207,black,black
15208,blue and white striped,striped
15210,yes,yes
15211,red,red
15213,white,white
15214,white,white
15215,brown,brown
15216,its a leopard print,leopard
15217,black,black
15218,yes,yes
15219,yes,yes
15220,brown,brown
15221,yes,yes
15222,yes,yes
15223,pink,pink
15224,yes,yes
15225,orange,orange
15226,leather,leather
15227,black,black
15228,beige,beige
15229,grey,grey
15230,it is a flat shoe with a pointed toe,flat
15231,yes,yes
15233,black,black
15234,yes,yes
15236,grey,grey
15239,yes,yes
15241,brown,brown
15242,brown,brown
15243,yes,yes
15247,brown,brown
15248,black,black
15249,black,black
15250,black,black
15251,yes,yes
15252,gold,gold
15256,grey,grey
15257,leather,leather
15258,black,black
15259,yes,yes
15260,leather,leather
15262,silver,silver
15263,yes,yes
15264,black,black
15265,blue and yellow,blue
15267,black,black
15268,camo,camouflage
15269,black and red,red
15270,yes,yes
15272,yes,yes
15273,yes,yes
15274,black,black
15275,they are green,green
15276,yes,yes
15277,brown,brown
15278,black,black
15279,white,white
15280,green,green
15281,brown,brown
15283,black,black
15284,yes,yes
15286,yes,yes
15287,blue,blue
15289,black,black
15290,yes,yes
15291,blue,blue
15292,black,black
15293,black,black
15295,yes,yes
15296,black,black
15297,black,black
15298,black,black
15299,blue,blue
15301,white,white
15302,brown,brown
15303,white,white
15306,yes,yes
15307,yes,yes
15308,black,black
15310,black,black
15312,yes,yes
15314,yes,yes
15315,white,white
15316,black,black
15317,brown,brown
15318,yes,yes
15319,yes,yes
15320,brown,brown
15321,yes,yes
15324,yes,yes
15326,yes,yes
15327,brown,brown
15329,yes,yes
15332,black,black
15334,yes,yes
15336,yes,yes
15337,blue,blue
15338,blue,blue
15339,brown,brown
15340,camouflage,camouflage
15341,yes,yes
15342,yes,yes
15343,black,black
15345,silver,silver
15346,black,black
15347,red,red
15348,yes,yes
15349,yes,yes
15351,black,black
15352,brown,brown
15353,yes,yes
15354,white,white
15355,yes,yes
15357,blue,blue
15361,black,black
15362,red,red
15364,brown,brown
15365,its a pink patent leather ballet flat,pink
15366,its a floral pattern,floral
15369,white,white
15370,mens slipon shoes,slipon
15371,black,black
15372,black,black
15373,black,black
15375,black,black
15376,dark brown,brown
15377,black,black
15378,yes,yes
15380,red,red
15381,blue,blue
15382,blue,blue
15384,brown,brown
15388,black,black
15389,black,black
15390,brown,brown
15391,black,black
15392,black,black
15395,blue,blue
15396,yes,yes
15397,brown,brown
15400,brown,brown
15403,,trailer
15406,organic vegetable broth low sodium,vegetable
15407,stainless steel,stainless
15408,mint chocolate chip ice cream,mint
15419,bcaa capsules,bcaa
15422,,creative
15423,plastic,plastic
15431,coffee,coffee
15434,a fitted sheet,fitted
15442,black,black
15445,1,10
15450,,underwear
15457,digital tire pressure gauge,gauge
15458,vitamin k,vitamin
15461,amazon,amazon
15463,sunflower,sunflower
15465,ceramic,ceramic
15467,outdoor security light,light
15476,brown,brown
15479,necklace,necklace
15482,black,black
15483,this is a bracelet,bracelet
15485,a stainless steel trash can,trash can
15491,solimo black tea in a bag,tea
15496,2,2
15500,headboard,headboard
15501,black,black
15502,wood,wood
15503,yes,yes
15507,cane sugar,cane
15509,fanny pack,fanny
15512,sandals,sandal
15513,phone,landline phone
15514,black,black
15521,a book,book
15523,6,6
15524,a chair,chair
15526,,mouthwash
15529,365 organic crunchy cinnamon squares,crunchy
15532,sweet hawaiian,hawaiian
15533,green,green
15537,paper,paper
15538,white,white
15541,earplugs,earplug
15544,leather wallet,wallet
15551,sandals,sandal
15552,this is a remote control,remote
15561,1,1
15566,solimo peanut butter,nut butter
15568,100 cotton,cotton
15572,it is a wall clock,wall
15575,hanger,clothes hanger
15580,sandals,sandal
15581,childrens cold flu,childrens
15583,the main feature of this product is the smart watch,watch
15587,backpack,backpack
15588,white,white
15592,laptop case,laptop
15593,diamond engagement ring,ring
15596,spelt green lentils and long grain brown,brown
15597,tripod,camera tripod
15598,black,black
15599,this is a tempered glass screen protector for xia,screen protector
15602,the headset,headset
15603,they are round,round
15604,espresso machine,espresso
15605,yes,yes
15611,,electronic adapter
15613,yellow,yellow
15615,365 organic mild cheddar cheese,cheese
15616,orange,orange
15620,,detergent
15621,heart,heart
15625,its a fountain pen,pen
15632,water filter,water
15638,360® citrus fruit shampoo 16 oz,shampoo
15639,leather,leather
15641,amazonbasics® bathroom cleaner,bathroom
15645,burgundy,burgundy
15649,,bronze
15650,this is a yellow gold ring with diamonds,ring
15652,365 organic old fashioned rolled oats,rolled
15654,outdoor furniture cover,furniture cover
15655,amazon,amazonbasics
15658,tropical fruit mix,fruit
15660,leather,leather
15662,wallet,wallet
15664,desk and chair,desk
15665,its gluten free,gluten
15667,1,10
15671,its a suitcase,suitcase
15672,this is a spoon,spoon
15673,power strip,power
15676,diamond cross stud earrings,earrings
15678,this is a womens boot,boot
15685,yes,yes
15688,the bulb is white,white
15689,leather,leather
15690,its a polka dot umbrella,polka
15691,sandals,sandal
15693,liquid laundry detergent,laundry detergent
15694,,instrument parts and accessories
15695,the stand is made of plastic,plastic
15699,womens sandals,sandal
15700,leather,leatherette
15723,yellow,yellow
15725,its a can,can
15726,,skin moisturizer
15728,luggage,luggage
15733,it is a leather wallet,leather
15734,a mop,mop
15735,,nut
15736,water filter,water
15737,sports drink,sports
15739,gummy stars,gummy
15741,headboard,headboard
15742,chocolate cake,chocolate
15745,yes,yes
15748,white wine,wine
15752,blue,blue
15757,canned diced tomatoes,tomatoes
15759,knitted,knitted
15760,yes,yes
15762,vitamin c serum,serum
15763,toaster,toaster
15764,it is a sonoma style chest of drawers,sonoma
15766,black,black
15767,4,4
15771,green and orange,green
15772,sandals,sandal
15778,plastic,plastic
15780,pen,pen
15782,yes,yes
15784,sandals,sandal
15785,wood,wood
15787,fabric,fabric
15791,amazon commercial,amazon
15794,yellow,yellow
15801,laundry detergent,laundry detergent
15802,pink,pink
15808,metal,metal
15814,cream cheese,cream
15815,metal,metal
15818,glass,glass
15821,blue,blue
15824,a notebook,notebook
15827,,mauve
15829,it is a step ladder,step
15830,tan,tan
15831,1,1
15832,travel duffel bag,bag
15840,100 cotton,cotton
15842,solid wood,wood
15846,the main visible color of this product is white,white
15850,car charger,charger
15858,wickedly prime roasted salted plantain,plantain
15864,whole almonds,almonds
15865,food processor,food processor
15867,sommo air freshener spray,air
15869,basil,basil
15871,amazon,amazon
15875,amazonbasics,amazonbasics
15877,green,green
15878,,instrument
15881,metal,metal
15886,vacuum sealer,vacuum sealer machine
15889,chopped walnuts,walnuts
15890,dark brown,brown
15897,green,green
15907,yellow,yellow
15912,green,green
15913,minestrone,minestrone
15916,its green,green
15920,green,green
15921,its a dark brown,brown
15922,red,red
15925,broccoli,broccoli
15926,blueberry,blueberry
15928,blue,blue
15929,the container is a jar,jar
15932,nutmeg ground,nutmeg
15934,long grain brown and wild rice,brown
15935,the container is a round plastic container,round
15939,happy belly almonds,almonds
15942,they are brown,brown
15949,yellow,yellow
15953,red,red
15958,the cookies are round,round
15959,the shape of the bottle is a round bottle,bottle
15961,dark sweet cherries,cherries
15963,chocolate chip cookie dough,chocolate
15966,white cheddar shells and cheese,white
15969,white,white
15970,white,white
15971,black,black
15972,black,black
15975,black,black
15976,pink,pink
15977,black,black
15979,blue,blue
15980,black,black
15982,black,black
15983,it is a zipper closure,zipper
15986,silver,silver
15987,beige,beige
15988,black,black
15989,black,black
15990,round,round
15991,black,black
15992,blue,blue
15993,black,black
15994,grey,grey
15998,a star,star
15999,black,black
16001,round,round
16003,silver,silver
16008,its a leopard print,leopard
16009,beige,beige
16010,red,red
16011,black,black
16013,black,black
16014,beige,beige
16015,its a bucket bag,bucket
16017,red,red
16020,velvet,velvet
16021,burgundy,burgundy
16023,black,black
16025,black,black
16030,its a crocodile skin,croc
16031,velvet,velvet
16032,the pattern is blue and white stripes,stripes
16034,glitter,glitter
16036,beige,beige
16037,silver,silver
16038,pink,pink
16039,blue,blue
16040,grey,grey
16041,black crocodile skin,croc
16042,brown,brown
16043,brown,brown
16044,black,black
16046,black,black
16047,black,black
16048,black,black
16050,round,round
16051,brass,brass
16052,round,round
16053,black,black
16055,the handle is a round shape,round
16056,silver,silver
16058,satin nickel,nickel
16059,the handle is a round knob,round
16064,black,black
16066,black,black
16068,silver,silver
16069,black,black
16070,round,round
16073,round,round
16077,the main knob is a round knob,round
16078,,silver
16079,oval,oval
16080,black,black
16081,black,black
16082,black,black
16083,satin nickel,satin
16084,the main knob is a round knob,round
16088,the handles are brushed brass,brass
16089,black,black
16093,black,black
16094,black,black
16095,brass,brass
16100,black,black
16102,black,black
16103,rectangular,rectangular
16106,yellow,yellow
16107,black,black
16109,brass,brass
16113,the handle is round,round
16119,round,round
16121,black,black
16122,square,square
16123,black,black
16124,chrome,chrome
16125,round,round
16132,black,black
16134,the handles are chrome plated,chrome
16135,brass,brass
16138,the shape of the knob is round,round
16139,black,black
16140,square,square
16142,black,black
16144,black,black
16146,satin nickel,nickel
16148,black,black
16149,brass,brass
16151,the handle is a round knob with a flat top,round
16152,round,round
16153,brass,brass
16154,black,black
16155,the handle is a square,t
16157,round,round
16159,black,black
16165,brass,brass
16167,brass,brass
16168,,nickel
16170,round,round
16171,black,black
16173,rectangular,rectangular
16174,the knob is a round knob,round
16176,black,black
16177,rectangular,rectangular
16178,black,black
16180,satin nickel,nickel
16186,black,black
16187,satin nickel,nickel
16189,,nickel
16190,round,round
16191,black,black
16193,brass,brass
16194,black,black
16195,round,round
16197,black,black
16198,brass,brass
16201,black,black
16205,the knob is a round knob,round
16207,white,white
16208,the handle is brushed brass,brass
16211,the handle is a square shape,t
16213,rectangular,rectangular
16214,brass,brass
16215,round,round
16217,black,black
16220,round,round
16225,black,black
16228,brass,brass
16229,silver,silver
16230,,nickel
16231,the handle is brushed bronze,bronze
16233,square,square
16234,its a round knob,round
16235,black,black
16236,yellow,yellow
16237,black,black
16238,round,round
16239,brass,brass
16241,the main knob is a round knob,round
16245,white,white
16246,the box is rectangular,rectangular
16259,,orange
16262,black,black
16270,its purple,purple
16271,yellow,yellow
16274,the box is orange,orange
16278,nutrisure original original vanilla,vanilla
16279,the pad is a square shape,square
16280,yellow,yellow
16281,the packaging is white,white
16285,,yellow
16286,its a tube,tube
16287,green,green
16289,black,black
16291,white,white
16293,plastic,plastic
16295,blue,blue
16298,blue,blue
16301,white,white
16303,the packaging is white with the words mama bear,white
16304,the packaging is white with green stripes,green
16310,white,white
16312,red,red
16314,its blue,blue
16324,black,black
16325,silver,silver dot
16326,scarf,scarf
16327,scarf,scarf
16328,blue,blue
16329,necktie,tie
16330,leather belt,belt
16331,its a light tan,tan
16334,red,red
16336,blue,blue
16337,black,black
16338,it is a camouflage print,camo
16340,pink,pink
16342,purple,purple
16343,leather belt,belt
16344,scarf,scarf
16345,blue reading glasses,glasses
16349,wallet,wallet
16350,red,red
16351,necktie,tie
16353,tie,tie
16354,light blue,blue
16355,purple,purple
16356,mitten,mittens
16358,blue,blue
16359,red,red
16360,baby blankets,blanket
16361,blue,blue
16362,leather gloves,gloves
16364,black,black
16365,black,black
16366,red,red
16367,light blue,blue
16368,tie,tie
16372,blue,blue
16373,leather gloves,gloves
16377,bandana,bandana
16379,purple,purple
16380,gloves,glove
16381,red,red
16382,black,black
16384,belt,belt
16386,scarf,scarf
16389,its a bright yellow and red floral print,yellow
16391,necktie,tie
16392,necktie,tie
16393,tie,tie
16395,gray,gray
16396,bow tie,bow tie
16397,blue,blue
16399,necktie,tie
16400,blue,blue
16401,black,black
16402,no show socks,socks
16404,scarf,scarf
16405,bow tie,bow tie
16407,black,black
16410,scarf,scarf
16411,black,black
16412,belt,belt
16419,bag,bag
16422,bow tie,bow tie
16423,scarf,scarf
16427,blue,blue
16429,black,black
16430,leather belt,belt
16431,a face mask with an american flag design,flag
16432,necktie,tie
16433,a white plastic bag,bag
16434,blue,blue
16435,black,black
16438,black leather,leather
16440,necktie,tie
16441,black,black
16442,belt,belt
16444,a scarf,scarf
16445,it is a pair of socks,socks
16446,blue,blue
16448,red,red
16450,blue,blue
16451,blue,navy blue
16452,cashmere scarf,scarf
16456,black,black
16457,pink,pink
16458,watch,watch
16461,bow tie,tie
16462,brown,brown
16464,bandana,bandana
16465,pink,pink
16468,cashmere scarf,scarf
16469,necktie,tie
16470,bow tie,bow tie
16471,leather wallet,wallet
16472,red,red
16473,blue,blue
16474,scarf,scarf
16475,blue,blue
16478,necktie,tie
16479,scarf,scarf
16480,orange,orange
16481,pink,pink blush
16483,blue,blue
16484,wallet,wallet
16486,product is a womens yoga pants,pants
16488,leather wallet,wallet
16490,bow tie,bow tie
16493,white,white
16495,blue,blue
16497,necktie,tie
16500,cashmere scarf,scarf
16504,belt,belt
16506,scarf,scarf
16508,its yellow with stars,yellow
16509,black,black
16516,blue,blue
16520,necktie,tie
16521,necktie,tie
16523,belt,belt
16528,100 silk,silk
16530,black,black
16531,scarf,scarf
16533,green,light green
16534,its gray,gray
16535,brown,brown
16536,necktie,tie
16540,gray,gray
16543,red,red
16548,scarf,scarf
16549,blue,blue
16551,blue,blue
16555,blue,blue
16559,necktie,tie
16560,red,red
16564,red orange yellow green blue,orange
16565,belt,belt
16570,scarf,scarf
16571,bow tie,bow tie
16574,purple,purple
16575,blue,blue
16577,scarf,scarf
16578,blue,light blue
16579,blue,blue
16580,wallet,wallet
16581,black,black
16583,necktie,tie
16584,blue,blue
16585,black,black 99143
16586,purple,purple
16587,leather belt,belt
16588,tie,tie
16591,leather belt,belt
16592,,pink
16593,red,red
16594,scarf,scarf
16595,belt,belt
16596,gloves,gloves
16598,blue,blue
16601,scarf,blanket scarf
16604,gloves,glove
16605,red blue and white,red
16606,red,red and white
16607,red,red
16610,a red and blue paisley pocket square,pocket square
16612,red,red
16615,blue and orange,orange
16616,black,black
16619,cashmere scarf,scarf
16623,necktie,tie
16624,it is a waist bag,bag
16625,turquoise,turquoise
16626,necktie,tie
16631,necktie,tie
16632,bow tie,bow tie
16633,necktie,tie
16634,red,red
16635,black,black
16640,scarf,scarf
16641,green,green
16642,bow tie,bow tie
16645,red,red
16648,,brown
16649,blue,blue
16655,black,black
16656,phone case,cellular phone case
16657,black,black
16658,red hearts,red
16663,gold,gold and black
16665,black,black
16666,blue,blue
16670,red,red
16678,,cell phone case
16679,pink,pink
16680,,cellular phone case
16681,gray,gray
16684,pink,pink
16687,white,white
16689,phone case,cellular phone case
16690,blue,blue
16692,pink,pink
16695,phone case,cellular phone case
16698,,multicolor
16699,blue,blue
16708,,yellow
16709,pink,pink
16710,pink,pink
16712,multicolor,multicolor
16714,,red
16716,red,red
16719,,cell phone case
16725,blue,blue
16730,,cellular phone case
16731,black and white,black and white
16741,gold,pink and gold
16743,blue,blue
16745,gold glitter,gold
16751,,cellular phone case
16759,black,black
16760,black,black
16761,yellow,yellow
16764,,cellular phone case
16766,red,red
16768,black,black
16774,orange,orange
16776,blue,blue
16778,black,black
16781,black,black
16785,starry night,starry night
16786,pink,pink
16788,black,black
16792,silicone,silicon
16793,pink,pink
16794,phone case,cell phone case
16797,gold,gold
16811,this is a heart shaped phone case,phone case
16814,blue,blue
16818,black,black
16821,pink,pink
16822,,multicolor
16824,,cat
16830,pink,pink
16831,beard phone case for samsung a30,phone case
16833,,cellular phone case
16835,red,red
16844,pink,pink
16848,red,red
16850,a phone case,phone case
16861,orange,orange
16869,plastic,plastic
16870,yellow,yellow
16873,phone case,cellular phone case
16875,red blue yellow orange,red
16881,orange,orange
16884,pink,pink
16885,pink,pink
16887,blue,blue
16889,black,black
16891,blue,blue
16893,green,green
16894,the phone case is green,green
16898,,cellular phone case
16902,,cat
16904,red,red
16905,,brown
16909,purple,purple
16910,red,blue red white and black
16912,black,black
16914,black and white,black and white
16926,red,red
16927,purple flowers,purple
16928,,phone case
16943,red,red
16947,red,pink and red
16949,phone case,cellular phone case
16952,,cellular phone case
16956,red,red
16957,it is a phone case,phone case
16961,black,black
16963,,black
16970,product is a phone case,phone case
16975,,cellular phone case
16977,pink,pink
16989,pink,pink
16993,love,love
16996,pink and blue,blue
17001,blue flowers,blue
17002,blue,blue
17003,white,white
17008,phone case,cell phone case
17009,blue,blue
17017,,multicolor
17018,,multicolored
17020,pink,pink
17027,,leather
17035,phone case,cellular phone case
17036,,leather
17037,blue,blue
17041,pink,pink
17050,,cellular phone case
17052,black,black
17054,purple,purple
17061,phone case,cellular phone case
17064,black,black
17066,red blue black white,blue
17079,brown,brown
17080,pink,pink
17082,,multicolor
17083,black,black
17086,,cellular phone case
17091,,multicolor
17095,wood,wood
17104,a phone case,phone case
17111,,cellular phone
17113,multicolor,multicolored
17117,red,red
17120,pink,pink
17123,red,red
17126,purple,purple
17127,red,red
17128,,cell phone
17132,a phone case,phone case
17134,,multicolor
17141,,cell phone case
17145,huawei p20 pro,huawei
17146,red,multicolored
17148,black,black
17153,pink,pink
17155,black,black
17157,gold,gold
17161,,silicone
17166,black,black
17168,,cellular phone case
17169,red,red
17176,,multicolor
17180,blue,blue
17183,blue,blue
17184,blue,blue
17185,pink,pink
17188,pink,pink
17189,,cellular phone case
17192,pink,pink
17196,pink,pink
17197,red,red
17199,t,t
17200,yellow,yellow
17202,red,red
17203,black,black and white
17210,phone case,cellular phone case
17211,blue,blue
17214,,black
17215,blue,blue
17220,blue,blue
17224,,cellular phone case
17225,black and pink,pink
17227,,cellular phone case
17229,blue,blue
17232,red,red
17235,,brown
17238,blue,blue
17246,,pink
17252,pink,pink
17262,red,red
17263,phone case,cell phone case
17266,pink,pink
17269,silicone,silicone
17274,,pink
17276,red blue yellow orange green,yellow
17277,red,red
17279,pink,pink
17287,pink,pink
17288,phone case,cell phone case
17292,,cellular phone case
17294,pink,pink
17295,pink,pink
17299,black,black
17300,gold,gold
17304,,pink
17305,pink,pink black red
17306,multicolor,multicolor
17308,pink,pink purple blue
17310,pink,pink
17312,yellow,yellow
17320,red blue yellow green orange,red blue yellow
17322,blue butterflies,blue
17323,its a colorful splash of paint,colorful
17324,yellow and blue,yellow
17326,red and white stripes,red and white
17338,blue,blue
17339,black,black
17342,phone case,cellular phone case
17344,,cellular phone case
17347,silicone,silicone
17348,gold,gold
17349,purple,purple
17350,,cellular phone case
17353,,phone case
17355,blue,blue
17356,pink,pink
17361,phone case,cellular phone case
17364,red,red
17365,pink,pink
17370,plastic,plastic
17375,phone case,cellular phone case
17376,orange,orange
17379,,mona
17380,yellow,yellow
17384,w,w
17391,black,black
17395,red,red
17396,,cell phone case
17397,red,red
17400,purple,purple
17404,blue hydrangea,blue
17405,red and white,red
17406,blue,blue
17410,,multicolor
17416,yellow,yellow
17417,blue,blue
17418,gold glitter,gold
17419,black,black
17425,pink,pink
17437,rainbow,rainbow
17440,phone case,cellular phone case
17445,black and white,black
17447,,brown
17453,,cell phone case
17454,black,black
17458,pink,pink
17465,,multicolor
17467,plastic,plastic
17468,pink,pink
17473,,cell phone case
17474,,cellular phone
17485,blue,blue
17487,lion,lion
17490,black,black
17494,,cellular phone case
17501,,gionee elife s7
17502,,cellular phone case
17503,blue,blue
17505,pink,pink
17510,purple flowers,purple
17513,orange,orange
17517,,multicolor
17519,,silicon
17521,brown,brown
17528,yellow,yellow black white
17551,it is a pink and blue color,pink
17555,black,black
17556,pink,pink
17560,,wood
17561,,white
17562,pink,pink
17563,red,red
17566,,multicolor
17567,blue denim,blue
17568,phone case,cellular phone case
17571,silicone,silicon
17574,,multicolor
17575,plastic,plastic
17576,black,black
17578,,brown
17582,black,black
17590,gold,gold
17595,blue,blue
17598,pink,pink
17602,,cellular phone case
17605,a phone case,phone case
17608,red orange yellow,red
17619,blue,blue
17622,it is a panda phone case,panda
17623,phone case,cellular phone case
17625,blue,blue
17628,,cellular phone case
17629,it is a pink phone case with a,pink
17631,black,black
17635,,multicolor
17636,red,red
17639,black,black
17641,pink,pink
17646,black,black and white
17648,clear,clear
17652,black,black
17653,rainbow glitter,rainbow
17658,,cellular phone case
17660,orange,orange
17663,red,red
17666,,cell phone case
17672,purple,purple
17673,brown,brown
17674,blue,blue
17675,gold,gold
17687,black,black
17692,orange,orange
17698,red,red
17699,black,black
17702,leather,faux leather
17703,white,white
17706,its a phone case for iphone x,iphone
17708,orange,orange
17709,blue,blue
17711,pink,pink
17713,brown,brown
17714,phone case,cellular phone case
17715,blue,blue
17717,white,white
17722,pink,pink
17731,black,black
17734,,phone case
17737,blue,blue
17744,blue,blue
17748,white,white
17749,pink glitter,pink
17753,,red
17756,orange,orange
17757,red,red
17758,green,green yellow brown
17759,,multicolor
17760,black,black
17763,,cellular phone case
17770,black,black
17783,,cellular phone case
17785,blue and pink,pink
17788,red,red and orange
17789,phone case,phone case
17811,pink,pink
17813,,cell phone case
17815,plastic,plastic
17820,black,black
17822,,leather
17828,,cellular phone case
17829,brown,brown
17830,,silicone
17831,it is pink,pink
17835,dark brown,brown
17836,gold,gold
17838,it is a blueberry donut,blue
17842,yellow,yellow
17846,black,black
17854,,pattern
17858,red blue yellow green white,blue
17864,phone case,cell phone case
17867,black,black
17869,black and white,black
17876,,cell phone case
17878,blue,blue
17881,multicolor,multicolor
17887,red,red
17890,,cellular phone case
17899,brown,brown
17901,,red
17902,phone case,cellular phone case
17903,brown,brown
17904,phone case,cell phone case
17905,pink,pink
17907,silicone,silicon
17911,phone case,cell phone case
17912,phone case,cellular phone case
17913,red and white,red
17915,this is a cartoon couple with hearts,heart
17918,orange,orange
17919,blue and pink,pink
17921,,cell phone case
17922,blue,blue
17926,blue,blue
17930,purple,purple
17935,blue,blue
17936,black,black
17938,purple,purple
17940,silicone,silicon
17941,yellow,yellow
17943,yellow,yellow
17946,black,black
17949,red brick,red
17950,pink and blue,pink
17955,a phone case,phone case
17956,white,whitegunmetal grey
17958,,cellular phone case
17960,black,black and white
17962,phone case,cellular phone case
17969,blue,blue and gold
17970,red,red
17971,red,red
17978,black,black
17981,black,black
17986,black,black
17987,orange,orange
17988,yellow,yellow blue and white
17991,clear,clear
17995,,red black and white
17996,blue,blue
17997,black,black
18002,orange,orange
18004,,gray
18005,it is a white phone case with a colorful swirl,white
18006,pink,pink
18007,,silicon
18013,blue,blue
18017,red,red
18020,black,black
18024,blue,blue
18029,blue,blue
18030,orange,orange
18035,black,black
18036,blue,blue
18042,purple,purple
18044,phone case,cell phone case
18049,blue,blue
18051,pink,pink
18055,,cellular phone case
18058,,cellular phone case
18060,,multicolor
18072,,camouflage
18073,red and white,red
18075,black,black
18077,phone case,cellular phone case
18083,,silicon
18087,phone case,cell phone case
18088,pink,pink
18089,silicone,silicon
18095,red,red and white
18107,,red
18109,pink,pink
18110,red,red
18112,,black
18114,pink glitter,pink
18115,red,red
18124,black,black
18128,,cell phone case
18134,,cell phone case
18138,,multicolor
18142,red,red
18147,black,black and white
18149,phone case,cellular phone case
18151,pink flower,pink
18153,phone case,cellular phone case
18155,black,black
18156,red,red and white
18164,blue,blue
18172,pink,pink
18176,blue,blue
18180,pink,pink
18182,orange,orange
18189,blue,blue
18190,,cell phone case
18191,,cellular phone case
18193,,cellular phone case
18196,blue,blue
18199,pink,pink
18201,red,red
18202,,blue
18203,,multicolor
18204,red,pink purple red
18207,blue,blue
18208,black and white,black and white
18214,black,black
18216,it is a black and yellow pineapple,black
18218,,cell phone case
18222,,cellular phone case
18224,red high heel shoes,red
18225,,cellular phone case
18227,red,red
18231,,silicone
18233,black,black
18236,gold,gold black yellow
18247,blue,blue
18251,phone case,cell phone case
18254,phone case,cellular phone case
18262,blue,blue
18263,purple,purple
18266,blue,blue
18267,black,black
18268,,cellular phone case
18275,black,black and red
18276,pink,pink
18277,black,black
18279,,silicon
18286,brown,brown
18288,red,red
18291,orange,orange
18297,,blue
18305,red,red
18309,gold,gold
18310,,lenovo a6600
18312,blue,blue
18315,gold,gold
18317,,cellular phone case
18318,,multicolor
18323,blue,blue
18325,phone case,cellular phone case
18326,,lenovo k8 note
18328,black,black and white
18333,,cellular phone case
18334,pink,pink
18335,blue,blue
18338,black,black and white
18344,black and white,black
18346,corn,corn
18349,white,white
18355,phone case,cellular phone case
18362,phone case,cell phone case
18368,pink,pink
18372,blue,blue
18376,green,green
18381,,cell phone case
18387,pink,pink
18389,,black
18393,,cellular phone case
18401,black,black
18403,yellow,yellow
18406,pink,pink
18412,gold glitter,gold
18413,red,red
18417,black,black
18422,,multicolor
18424,phone case,cellular phone case
18426,blue,blue
18427,black,pink and black
18430,black,black
18432,black,black
18434,black,black
18435,pink,pink
18441,silicone,silicon
18445,red roses,red
18447,red,red
18448,black,black
18451,yellow,yellow
18454,red glitter,red
18456,pink and blue,pink
18459,purple,purple
18460,,flower
18467,phone case,cellular phone case
18477,red,red blue green
18480,black,black
18481,,glitter
18489,black and white,white
18490,red hearts,red
18491,blue,blue
18492,blue,blue
18494,pink,pink
18496,4,4
18497,clear,clear
18498,phone case,cellular phone case
18502,red blue and white,blue
18508,yellow,yellow
18513,phone case,phone case
18514,white,white
18517,this is a mobile phone case,phone case
18523,black,black
18528,plastic,plastic
18536,pink,pink
18538,,girlie
18539,purple,purple
18543,pink,pink
18544,black,black
18546,,leather
18552,,multicolor
18555,white,white
18556,red,red
18557,black,black
18561,,pink
18565,black,black
18573,red,red
18574,blue,blue
18575,blue,blue
18580,pink,pink
18585,it is a blue and yellow,yellow
18586,red glitter,red
18601,yellow,yellow
18602,black,black
18606,,brown
18607,multicolor,multicolor
18610,phone case,phone case
18618,red,red
18629,red,red and black
18634,the color of the cellular phone case is brown,brown
18637,red blue black white,blue
18638,pink,pink
18639,love pink,pink
18641,orange,orange
18642,phone case,cellular phone case
18646,red,red
18648,phone case,cellular phone case
18649,red flower,red
18656,red and pink,red
18658,yellow,yellow and black
18661,blue,blue
18663,black,black
18664,orange,orange
18669,blue,blue
18670,it is a colorful abstract design,colorful
18671,red,red
18672,black and white,black and white
18673,pink,pink
18674,,brown
18675,yellow,yellow
18680,gold,gold
18687,blue,blue
18691,hammer,hammer
18693,white,white
18699,,cellular phone case
18703,blue,blue
18704,tiger,tiger
18707,phone case,cellular phone case
18708,red brick,red
18713,,samsung galaxy m31
18719,,cellular phone case
18725,a cat,cat
18727,,silicon
18728,,multicolor
18731,,multicolor
18737,red,red
18739,blue,blue
18741,,wood
18746,blue flowers,blue
18749,silicone,silicon
18752,silicone,silicon
18757,,multicolor
18759,red green yellow blue orange,yellow
18768,black,black
18776,red,red
18781,orange,orange
18782,pink,pink
18786,pink,pink
18788,blue,blue
18791,,red
18792,black,black
18795,phone case,cell phone case
18797,orange,orange
18798,brown,brown
18799,red,red
18811,blue,blue
18812,red hearts,red
18816,,cellular phone case
18823,pink,pink
18824,black,black
18827,red,red
18834,,cellular phone case
18835,its blue,blue
18838,phone case,cellular phone case
18842,orange,orange
18845,blue,blue
18849,pink,pink
18850,this is a phone case,phone case
18854,red,red
18859,multicolor stripes,multicolor
18861,the color of this product is blue,blue
18862,phone case,phone case
18864,the tree is blue,blue
18869,pink,pink
18875,phone case,cellular phone case
18879,red,red
18883,phone case,cellular phone case
18884,red,red
18886,black,black
18891,yellow and blue parrot,blue
18900,,cell phone case
18907,phone case,cellular phone case
18909,phone case,cell phone case
18911,gold,gold
18912,,blue
18914,black,black
18922,red,red
18928,purple,purple
18933,,pink green blue white
18937,yellow,yellow
18938,black,black
18939,,motorola one vision
18940,,multicolor
18947,red,red
18950,phone case,cellular phone case
18951,multicolored butterflies,multicolor
18952,,multicolor
18953,purple,purple
18954,a phone case,phone case
18959,,cellular phone case
18960,,multicolor
18962,,canvas
18968,the product is a rainbow heart phone case,rainbow
18969,red,red
18972,pink,pink
18973,,cell phone case
18975,tiger,tiger
18976,pink,pink
18977,black and white,white
18978,black,black
18982,,multicolor
18984,phone case,cellular phone case
18986,pink,pink
18987,yellow,yellow
18988,phone case,cellular phone case
18996,pink,pink
18997,blue,blue
19000,black,black
19005,black,black
19008,blue,blue
19009,black,black
19010,pink,pink
19019,red roses,red
19020,blue,blue
19024,red roses,red
19027,black girl magic,black
19036,blue,blue
19042,blue,blue
19045,,cellular phone case
19046,purple flowers,purple
19047,pink and blue,blue
19054,blue,blue
19055,,quotes
19056,red glitter,red
19058,,cell phone case
19060,,gold
19061,red hearts,red
19070,red,red
19072,its a rainbow swirl,rainbow
19075,brown,brown
19086,black,black
19088,,cellular phone
19090,phone case,cellular phone case
19091,black,black
19103,clear,clear
19106,black and white,black
19108,,cell phone case
19111,yellow,yellow
19112,a phone case,phone case
19113,pink,pink
19114,black,black
19115,phone case,cellular phone case
19117,blue,blue
19120,red,red
19121,blue,blue
19122,blue butterfly,blue
19124,,cell phone case
19126,a phone case,phone case
19128,,cellular phone case
19130,pink,pink
19133,pink,pink
19134,pink,pink
19138,phone case,cellular phone case
19139,it is a blue and white,white
19142,red,red
19149,6,62646d2b
19150,blue,blue
19151,,cell phone case
19152,phone case,cellular phone case
19159,red glitter with a crown,red
19160,a phone case,phone case
19161,blue,blue
19163,pink,pink
19164,blue and yellow,blue
19173,it is a green yellow red and,green
19175,pink,pink
19176,yellow,yellow
19179,pink,pink
19181,pink,pink
19182,blue,blue
19190,blue,blue
19192,pink,pink
19197,,cellular phone case
19205,black and gold,black
19207,pink,pink
19214,black,black
19215,blue,blue
19218,red roses,red
19222,,cell phone case
19223,black,black
19226,red,red
19228,red,red
19229,red,red
19232,orange,orange
19238,black,black
19239,pink flower,pink
19240,blue,blue
19241,black,black
19248,,motorola
19250,purple,purple
19251,pink glitter heart,pink
19259,pink,pink
19265,,multicolor
19271,red,red
19275,phone case,cellular phone case
19276,,cellular phone case
19277,red,red
19280,black,black
19283,black,black
19288,red,red
19290,black,black
19291,blue,blue
19294,black,black
19300,yellow,yellow
19304,it is a rainbow heart,rainbow
19307,pink,pink
19311,black,black and white
19316,this is a phone case for the redmi note,phone case
19317,orange,orange
19319,,samsung galaxy a8 plus
19325,purple,purple
19330,brown,brown
19343,orange,orange
19345,black,black
19348,red,red
19349,purple,purple
19350,red,red
19359,pink,pink
19360,,canvas
19361,blue,blue
19368,,multi
19371,gold,pink and gold
19372,product is a phone case,phone case
19376,blue,blue
19377,orange,orange
19394,black,black
19395,blue red white pink,red
19397,,metal
19399,phone case,cell phone case
19405,pink,pink
19408,,silicone
19409,red blue white pink black,blue
19412,red,red
19417,rainbow glitter,rainbow
19418,blue,blue
19421,black and white,white
19422,orange,orange
19423,red hearts,red
19425,,red and brown
19437,,cell phone case
19439,pink,pink
19440,,pink
19449,,canvas
19453,phone case,cell phone case
19455,a phone case,phone case
19469,black,black
19470,,moto g4 plus
19471,black,black
19472,blue,blue
19474,,multi
19478,pink,pink
19479,black,black
19480,yellow,yellow
19481,blue,blue
19482,orange,orange
19485,orange,orange
19488,blue flowers,blue
19489,purple flowers,purple
19490,,multicolor
19491,black,black and white
19493,pink,pink and black
19495,a phone case,phone case
19502,red,red
19507,pink,pink
19508,black,black and yellow
19513,brown,brown
19516,red,red
19519,pink,pink
19532,purple,purple
19540,dark brown,brown
19544,black,blue and black
19546,blue,blue
19553,blue,blue
19558,,canvas
19560,blue,blue
19564,clear,clear
19565,blue,blue
19568,red blue green,red
19569,red,red
19571,yellow,yellow
19576,yellow,yellow
19588,black,black
19589,blue,blue
19595,blue and pink,pink
19597,,silicon
19598,this is a wood phone case,phone case
19599,black,black
19600,,canvas
19601,wood,wood
19604,,cellular phone case
19606,phone case,cellular phone case
19612,it is a pink flower,pink
19613,white,purple pink and white
19614,blue orange yellow green red,blue
19618,a cell phone case,phone case
19620,a phone case,phone case
19621,pink,pink
19623,pencils,pencil
19626,,silver
19629,pink,pink
19630,,blue
19631,phone case,cellular phone case
19632,blue,blue
19640,phone case,cellular phone case
19641,black,black
19647,rainbow,rainbow
19651,pink,pink
19654,pink,pink
19656,blue,blue
19659,,silicone
19660,red,red
19662,pink tulips,pink
19665,black,black
19675,green,pink and green
19679,red,red
19682,black,black
19684,it is a white case with a green glass bottle,white
19695,black,black
19699,blue,blue
19703,,multicolor
19704,,cell phone case
19706,,gold
19711,phone case,cell phone case
19714,blue,blue
19715,pink,pink
19720,,samsung
19729,red blue black white,blue
19733,,pink
19741,black,black
19742,,cellular phone case
19743,,cellular phone case
19750,plastic,plastic
19752,phone case,cell phone case
19762,black,black
19766,black,black
19775,black,black
19778,tiger,tiger
19785,silicone,silicon
19786,blue,blue
19791,black and white,black and white
19795,pink,pink
19799,blue,blue
19801,phone case,cell phone case
19802,green,green
19807,red heart,red
19810,a phone case,phone case
19811,pink,purple pink blue white
19814,orange,orange
19817,,cellular phone case
19820,black,black
19827,brown,brown
19830,black,black
19832,red,red
19835,red,red
19836,wood,wood
19837,pink,pink
19840,,cellular phone case
19841,black,black
19842,,phone case
19845,,zenfone max m2
19847,it is a rainbow heart,rainbow
19848,pink,pink
19849,orange,orange
19850,blue,blue
19853,yellow,yellow
19857,black,black
19859,rainbow,rainbow
19860,pink,pink
19862,yellow,yellow
19864,pink,pink
19867,black,black
19868,blue,blue
19869,wood,wood
19871,black,black
19873,pink,pink
19885,,multi
19887,blue denim,blue
19891,red,red
19896,brown,brown
19897,,black
19899,,brown
19904,blue flowers,blue
19905,phone case,cellular phone case
19912,red orange yellow,red
19914,,green
19915,,cellular phone case
19916,black,black
19917,phone case,cell phone case
19918,blue,blue
19924,blue,blue
19931,pink,pink
19934,,brown
19938,red,red
19942,brick wall,brick
19949,it is made of silicone,silicon
19957,pink,pink
19959,black,black
19962,a phone case,phone case
19963,black,black
19966,silicone,silicone
19967,black,black and white
19972,blue,blue
19974,red,red
19977,red,multi colored
19981,black,black
19989,pink,pink
19990,phone case,cellular phone case
19991,phone case,cellular phone case
19992,black,black
19996,red,red
19997,,cellular phone case
20002,a phone case,phone case
20003,it is pink,pink
20004,black,black
20005,,lg v20
20006,black,black
20007,,silicone
20012,v11 pro,vivo v11 pro
20014,blue,blue
20015,white,white
20016,black,black
20022,blue,blue
20027,purple flowers,purple
20031,,cellular phone case
20035,,cell phone case
20036,blue,blue
20046,corn,corn
20048,blue,blue
20061,red blue yellow orange,red
20068,this is a phone case for huawei p,phone case
20071,yellow,yellow
20077,,cellular phone case
20081,gold glitter,gold
20087,this is a phone case for the phone,phone case
20089,red blue black white and red,blue
20091,red,red
20095,blue,blue
20099,gold,gold
20101,phone case,cellular phone case
20104,black,black and white
20111,,silicon
20113,silicone,silicon
20116,blue,blue
20119,,red
20120,gold,gold
20130,pink,pink
20132,pink,pink
20134,black,black
20136,red black grey white red,red
20139,blue,blue
20141,black,black
20142,,purple
20145,blue,blue
20147,blue,blue
20149,red,red
20151,orange,orange
20166,pink,pink
20172,black,black
20174,black,black
20178,orange blue green,orange
20180,black,black
20189,red,red
20192,red blue orange,orange
20194,brown,brown
20198,pink,pink
20201,orange,orange
20202,a phone case,phone case
20203,blue,blue
20204,black,black
20207,,samsung galaxy m21 m30s
20210,pink and blue,blue
20212,blue,blue
20214,black,black
20216,,brown
20220,,cellular phone case
20223,pink,pink
20224,this is a phone case,phone case
20227,,phone case
20233,pink,pink
20234,blue,blue
20236,black,black
20239,pink,pink
20243,red blue orange,orange
20244,,cellular phone case
20249,a phone case,phone case
20251,,cellular phone case
20255,peacock feather,peacock
20256,,cellular phone case
20265,pink,pink
20267,black,black
20271,phone case,cellular phone case
20279,blue,blue
20283,black,black and white
20285,,cell phone case
20287,gold,gold
20289,blue peacock,blue
20295,orange,orange
20302,,blue
20303,,red
20310,black,black and white
20312,black and white,white
20313,red,red
20319,black,black
20320,black,black
20327,black,black
20329,pink,pink
20331,pink and gold stripes,pink
20334,,cellular phone case
20338,multicolor,multicolored
20347,mobile phone case,phone case
20349,red,red
20350,yellow,yellow
20354,phone case,cellular phone case
20371,,multicolor
20376,black,black
20380,pink,pink
20383,multicolor,multicolor
20385,,brown
20391,,cellular phone case
20393,phone case,cellular phone case
20399,plastic,plastic
20406,pink,pink
20414,,cellular phone case
20416,this is a cell phone case with flowers,flower
20418,blue,blue
20420,blue,blue
20424,phone case,cell phone case
20426,silicone,silicon
20431,gold,gold
20444,,multicolor
20446,phone case,cellular phone case
20449,black,black
20451,,cellular phone case
20454,yellow,yellow
20456,red blue white,red
20457,yellow,yellow
20462,red blue black white,blue
20464,,cellular phone case
20467,orange,orange
20469,blue glitter,blue
20470,black,black
20477,blue,blue
20486,iphone xr case,case
20487,,samsung galaxy s10
20488,,samsung galaxy m21
20489,red,red
20491,,multicolored
20494,yellow,yellow
20495,pink and blue,blue
20499,floral,floral
20500,,cellular phone case
20503,blue glitter,blue
20504,clear silicone,silicon
20505,black,red white blue yellow pink and black
20506,red,red
20508,blue,blue
20520,,cellular phone case
20522,purple,purple
20524,orange,orange
20528,yellow,yellow
20532,,cellular phone case
20534,,blue
20536,,canvas
20538,blue,blue
20539,silicone,silicon
20541,pink,pink
20542,pink,pink
20543,green,green
20545,red glitter,red
20546,purple,purple
20549,red,red and white
20554,blue flowers,blue
20555,red,red
20557,purple,purple
20558,it is a colorful candy,colorful
20565,phone case,cellular phone case
20567,,nokia 21
20571,gold,gold
20577,blue,blue
20578,blue,blue
20579,blue,blue
20581,black,black
20588,purple,purple
20591,,multicolor
20593,gold,gold
20601,yellow,yellow
20605,pink,pink
20606,blue,blue
20609,yellow,yellow
20613,black,black
20617,,cell phone case
20618,green,green
20627,black with pink stars,pink
20632,silicone,silicon
20641,yellow,yellow
20642,yellow,yellow
20643,pink,pink
20646,phone case,cell phone case
20647,black,black
20648,blue flowers,blue
20651,phone case,cell phone case
20656,blue,blue
20659,black and white,black
20661,gold,gold
20662,pink flowers and butterflies,pink
20663,black,black
20669,pink,pink
20671,this is a phone case,phone case
20679,canvas is a type of plastic that is made,canvas
20683,blue,blue
20684,,cellular phone case
20685,red,red
20688,pink,pink
20694,phone case,cellular phone case
20702,,multicolor
20704,cactus,cactus
20707,a phone case,phone case
20710,,cellular phone case
20717,multicolor,multicolored
20720,,other
20721,red,red
20722,,pink
20724,green,green
20725,red,red
20727,this is a phone case,phone case
20732,,cellular phone case
20737,pink,pink
20738,blue,blue
20743,phone case,cellular phone case
20750,yellow,yellow
20751,,cell phone case
20752,blue macaw,blue
20753,blue,green and blue
20757,phone case,cell phone case
20758,gold,gold
20759,,plastic
20767,blue,blue
20771,,cellular phone case
20774,blue,blue
20775,red,red
20780,black and white,black
20782,pink,pink
20783,pink and blue,pink
20789,,multicolor
20793,red blue yellow green orange,red
20794,black,black
20798,black,black
20801,it is pink,pink
20806,,pink
20808,black,black
20809,red,red
20810,gold,gold
20811,,microsoft lumia 535
20816,pink,pink
20817,black,black
20821,blue,blue
20822,red yellow blue orange,red
20824,blue,blue
20825,,cell phone case
20827,dark brown,brown
20828,purple,purple
20834,blue,blue
20838,blue,blue
20843,,cellular phone case
20845,pink,pink
20848,phone case,cellular phone case
20855,pink,pink
20856,,cellular phone case
20858,samsung galaxy a9,samsung
20861,yellow,yellow
20866,blue,blue
20873,green,green
20875,blue,blue
20878,blue,blue
20886,,blue
20892,blue,blue
20899,10,10
20903,pink,pink
20909,black,black
20911,blue,blue
20912,red,red
20913,phone case,cell phone case
20914,blue red yellow orange green,blue
20917,blue,blue
20921,purple flowers,purple
20923,blue,blue
20925,green,green
20926,plastic,plastic
20931,blue,blue
20932,,cellular phone case
20944,orange,orange
20948,,skull
20949,purple,purple
20953,red,red
20954,gold glitter,gold
20959,orange,orange
20962,rainbow fish scales,rainbow
20965,brown,brown
20970,blue,blue
20972,red yellow blue orange green,red
20975,black,black
20977,red,red white and blue
20980,phone case,phone case
20983,mobile phone case,phone case
20985,yellow,yellow
20987,,cellular phone case
20989,black,black
20991,blue,blue
20993,,cell phone case
20998,,cellular phone case
21000,black,black
21001,pink,pink
21006,phone case,cellular phone case
21007,pink,pink
21008,,multicolor
21014,cats addict,cats addict
21017,gold,gold and black
21018,green,green
21031,pink,pink
21032,blue,blue
21034,yellow,yellow
21043,k,k
21049,black,black
21051,phone case,cell phone case
21058,black,black
21060,blue,blue
21064,,phone case
21071,phone case,cellular phone case
21079,,cellular phone case
21086,,cellular phone case
21089,red,red
21092,red,red
21093,blue,blue
21094,black,black
21095,it is a black and white sugar skull panda,panda
21096,black,black
21097,blue,blue
21099,pink,pink
21101,,plastic
21106,red glitter,red
21107,black,black
21111,orange,orange
21112,phone case,cell phone case
21113,,cellular phone case
21116,black and white,black
21126,phone case,phone case
21127,,silicone
21133,phone case,cellular phone case
21139,pink,pink
21142,pink,pink
21143,purple,purple
21147,,cellular phone case
21153,phone case,cell phone case
21154,yellow,yellow
21155,blue and purple,purple
21160,,cell phone case
21162,,cellular phone case
21164,white,white
21168,red,red
21173,silicone,silicone
21174,black,black
21177,blue orange red,blue
21181,red,red
21182,,huawei honor 5x
21184,it is a blue owl with pink chevron,pink
21185,,multicolor
21186,pink,pink
21191,,phone case
21195,black,black
21197,silicone,silicone
21202,pink,pink
21209,,cellular phone case
21212,blue,blue
21213,its a multi colored fish scale pattern,multi
21219,its pink,pink
21221,blue,blue
21227,red,red
21232,blue,blue
21234,black,black
21236,,pink
21237,white,white
21239,red,multicolored
21241,blue,blue
21243,,brown
21245,red,red
21249,,cell phone case
21250,blue,blue
21251,pink glitter,pink
21255,black,black
21260,blue,blue
21262,brown,brown
21263,red,red
21271,a phone case,phone case
21278,phone case,cell phone case
21280,pink,pink
21283,yellow,yellow
21284,,rainbow
21288,,samsung galaxy s7 edge
21294,black,black
21295,red yellow green blue pink,red
21298,phone case,cell phone case
21299,pink,pink
21301,red blue yellow orange green,orange
21307,red glitter,red
21308,product is a phone case,phone case
21312,blue,blue
21315,phone case,cellular phone case
21322,,silicone
21325,white,white
21326,black,black
21327,its a heart,heart
21329,blue,blue
21334,pink,pink
21338,,galaxy core 2
21344,,white
21345,red,red
21346,red,red
21349,,multicolor
21352,a phone case,phone case
21353,brown and white,brown
21354,blue,blue
21359,blue,blue
21363,pink,pink and brown
21365,red roses,red
21371,red,multicolored
21375,,cellular phone case
21377,blue,blue
21379,,silicon
21383,,phone case
21386,black,black and white
21387,blue,blue
21391,black,black pink yellow blue
21411,orange,orange
21412,,multicolored
21413,,multicolored
21414,pink and blue,pink and blue
21418,phone case,cellular phone case
21422,red,red
21437,black,black
21445,gold,gold
21454,red hearts,red
21455,pink,pink
21456,black,black
21459,,orange red and blue
21461,red,red
21462,blue,blue
21463,red brick,red
21465,,motorola play
21466,,cellular phone case
21467,blue flowers,blue
21469,red,red
21470,red,red
21471,a white dog,dog
21478,black,black
21482,black and pink,pink
21483,,cellular phone case
21491,phone case,cell phone case
21492,pink,pink
21495,,white
21496,black,black
21500,blue,blue
21505,black,black
21506,pink,pink
21508,black,black and gold
21509,gold,gold
21511,red blue black white and red,blue
21517,pink,pink
21519,it is a red color,red
21521,silicone,silicon
21526,red,red blue orange
21527,,cellular phone case
21534,,cellular phone case
21537,,cell phone case
21538,black,black
21541,blue,blue
21545,,pink
21546,blue,blue
21553,,pink red black white
21554,black,black
21557,red,red
21559,black,black
21561,phone case,cellular phone case
21566,black and gold,black and gold
21569,,tiger
21570,black,black
21571,blue,blue
21577,wood,wood
21581,blue,red yellow blue and green
21583,a phone case,phone case
21585,,red
21586,it is a black and white tiger,tiger
21596,pink,pink
21603,wood,wood
21604,blue,blue
21607,blue,blue
21608,phone case,cell phone case
21609,multicolored triangles,multicolor
21610,phone case,cellular phone case
21621,,cellular phone case
21626,blue,blue
21630,yellow,yellow
21638,black,black
21639,blue,blue
21647,blue,blue
21648,pink,pink
21650,black,black
21656,,phone case
21657,,cellular phone case
21659,yellow,yellow blue green pink orange red
21661,black girl magic,black
21662,red hearts,red
21663,red,red
21666,a phone case,phone case
21667,phone case,cellular phone case
21668,red,multicolored
21669,orange,orange
21671,,pink
21673,yellow,yellow
21675,black,pink black yellow white
21676,black and white,black
21679,red glitter,red
21681,,multicolor
21685,black,pink and black
21688,,cellular phone case
21700,multicolor,multicolored
21703,blue,blue
21708,gold,gold
21711,pink,pink
21713,,multicolor
21716,,cell phone case
21717,,cell phone case
21720,blue,blue
21721,purple,purple
21728,the basic category of this product is the phone case,phone case
21733,,black
21735,phone case,cellular phone case
21736,black,black
21737,,silicone
21738,,multicolor
21740,phone case,cellular phone case
21745,pink,pink
21746,black,black
21753,silicone,silicon
21763,pink,pink
21767,blue,blue
21769,blue,blue
21774,black,white and black
21776,purple crystals,purple
21777,blue,blue
21786,phone case,cell phone case
21792,phone case,cell phone case
21795,black,black
21796,black,black
21799,gold,gold
21800,phone case,cell phone case
21801,,multicolor
21803,,cellular phone case
21805,a phone case,phone case
21808,2,2
21824,orange,orange
21827,,plastic
21830,,plastic
21843,a phone case,phone case
21846,black,black
21847,red,red
21851,phone case,cell phone case
21853,green,green
21854,purple,purple
21855,black,black and red
21864,pink,pink
21866,blueberry,blue
21869,the product is a phone case with a girl in,phone case
21874,,multicolor
21883,black,black
21885,yellow,yellow
21895,blue,blue
21897,pink,pink
21898,black,black
21902,a phone case,phone case
21908,blue,blue
21910,phone case,cell phone case
21911,it is a colorful candy,colorful
21912,black,black
21919,,cellular phone case
21921,a,a
21923,purple,purple
21926,pink,pink
21936,red blue orange,blue
21938,red,red
21946,black,black
21947,blue,blue
21948,,black
21952,phone case,cellular phone case
21953,,black
21955,silicone,silicon
21960,,white
21962,pink,pink
21970,blue,blue
21974,phone case,cell phone case
21975,pink,pink
21976,,multicolor
21978,a phone case,phone case
21981,phone case,cell phone case
21985,plastic,plastic
21986,,multicolor
21988,it is pink,pink
21989,phone case,cell phone case
21995,orange,orange
21998,,white
22000,,silicon
22006,,multicolored
22010,blue,blue
22012,black and white,white
22015,blue,blue
22016,black and white,black
22017,pink butterfly,pink
22020,pink,pink
22022,blue glitter,blue
22025,,black
22028,red,red
22030,red blue white black gray,red
22034,blue orange red yellow green,blue
22036,blue,blue
22037,black,black
22038,pink,pink
22044,pink,pink
22045,red,red
22046,black,black
22047,,cellular phone case
22050,blue,blue
22055,black,black and red
22060,silicone,silicon
22061,purple,purple
22062,pink,pink
22063,,nokia
22066,blue,blue
22068,black,black
22071,blue,blue
22075,,cell phone case
22083,blue glitter anchor,blue
22085,its a blue and orange abstract painting,blue
22086,blue,blue and orange
22087,white,white
22088,orange,orange
22089,,cell phone case
22095,red,red
22104,purple,purple
22105,red green blue,red
22106,,cellular phone case
22107,yellow,yellow
22108,pink,pink
22117,blue,blue
22118,purple,purple
22123,phone case,phone case
22128,,multicolor
22131,,cellular phone case
22132,pink,pink and blue
22134,phone case,cellular phone case
22135,,pink black and white
22138,wood,wood
22139,purple,purple
22141,orange,orange
22144,green,green
22146,blue and pink marble,pink
22147,,white
22148,phone case,cellular phone case
22150,phone case,cellular phone case
22153,pink,pink
22164,yellow,yellow
22165,red,red
22166,pink,pink
22173,the wood grain is dark brown,brown
22181,black,black
22183,,wood
22185,phone case,cellular phone case
22186,black,black
22189,,silicon
22191,,roses
22193,pink,pink
22195,phone case,cellular phone case
22196,black,black
22200,plastic,plastic
22205,,multicolor
22216,,cell phone case
22217,pink,pink
22218,purple,purple
22219,,silicon
22221,phone case,cellular phone case
22227,purple,purple
22232,red,red
22233,,star and nut
22235,black,black
22238,black,black
22239,red,red
22247,phone case,cellular phone case
22248,blue,blue
22254,blue,blue
22255,rainbow,rainbow
22257,,cellular phone case
22258,black,black
22259,a phone case,phone case
22261,,cellular phone case
22264,,red
22270,,flowers
22272,red green blue yellow orange,red
22273,red and black,black
22275,black and white,black
22281,pink,pink
22288,green,green
22289,gold,gold
22291,blue,blue
22293,red blue white,blue
22299,,square
22304,iphone xs max case,iphone
22305,the case is in pink and blue,pink
22310,black,black
22311,blue,blue
22312,black,black
22316,red,red
22317,,pink
22318,blue flowers,blue
22320,pink flowers,pink
22321,blue,blue
22323,black,black
22325,blue red white,blue
22326,,blue
22327,,pink
22329,black,black
22340,blue flowers,blue
22364,yellow,yellow
22366,,cellular phone
22367,green,green
22371,red,red
22376,phone case,cell phone case
22384,black,black
22386,black and white,black and white
22387,red,red
22390,red,red
22393,red,red
22409,,motorola
22410,this is a phone case for samsung galaxy a,phone case
22411,red,red
22415,a phone case,phone case
22416,,cell phone
22421,,beige
22429,,cellular phone case
22431,,red white and blue
22434,black and white,black and white
22444,red,red
22449,pink,pink
22458,black,black
22463,black,black
22465,red,red
22466,blue,blue
22468,pink,pink
22470,black,black
22472,purple,purple
22473,,bear
22476,,leather
22481,red,red and white
22483,,red
22485,black,black
22486,red,red
22498,black,black
22502,white,white
22504,red,red and white
22505,silicone,silicon
22506,purple,purple
22507,red,red
22508,black,black
22509,red glitter,red
22511,pink,pink
22517,this is a phone case,phone case
22519,,multicolor
22526,,pink
22531,red and white,red
22538,black,black
22539,blue,blue and gold
22545,blue,blue
22547,,cell phone case
22552,pink,pink
22554,blue,blue
22556,black,gold and black
22559,red,red
22563,black,black
22565,brick,brick
22569,,cellular phone case
22571,pink,pink
22573,red,red
22577,yellow,yellow
22588,black,black and white
22590,red glitter,red
22598,black,black
22601,blue,blue
22602,blue,blue
22608,pink,pink
22611,,cell phone case
22613,multicolor,multicolor
22615,pink glitter,pink
22617,brown,brown
22622,pink,pink
22626,black,black
22629,black,black
22630,blue,blue
22632,black and white,white
22637,blue,blue
22641,multi colored circles,red
22644,green,green
22646,,cellular phone case
22647,red,red
22649,purple,purple
22650,black,black
22655,red,red
22657,,single clear answer based on the image and metadata provided
22661,red,red
22662,red green blue orange,red
22663,yellow,yellow
22666,samsung galaxy a5 2017,samsung galaxy a5
22675,red,red
22678,blue,blue
22681,black,black
22682,black and white,white
22688,purple,purple
22690,red yellow green and white,green
22701,,pink
22706,blue,blue
22711,phone case,cell phone case
22712,blue green yellow orange,blue
22714,brown and white,brown
22718,black,black and white
22722,red glitter,red
22723,a phone case,phone case
22724,phone case,cellular phone case
22727,,multicolor
22730,,cellular phone case
22731,black,black
22734,black,black and white
22736,red,red
22737,pink,pink
22738,orange,orange
22740,black,black
22742,black and white,black
22744,black,pink and black
22745,pink,pink
22751,blue,blue
22755,blue,blue
22756,black,black
22758,red yellow blue orange,yellow
22759,,black
22760,gold,gold
22763,black,black
22766,blue,blue
22768,black,black
22772,blue,blue
22778,10,10
22782,yellow,yellow
22788,pink,pink
22789,,brown
22793,black,black
22796,it is pink,pink
22801,red,red
22802,black,black and white
22803,black,black
22807,red glitter,red
22813,blue,blue
22814,yellow,yellow
22815,pink,pink
22816,blue,blue
22824,black,black
22826,tiger,tiger
22827,,nokia 71
22829,it is a black and pink floral pattern,pink
22831,blue,blue
22832,black,black
22837,phone case,cellular phone case
22839,black,black and blue
22840,red,red
22847,,canvas
22848,pink and blue,pink
22853,multicolor,multicolor
22855,pink,pink
22858,black and white,black
22860,,phone case
22861,black,black
22862,,multicolor
22863,purple,purple
22864,,cell phone case
22869,black,black
22876,plastic,plastic
22879,yellow,yellow
22880,,cellular phone
22886,pink,pink
22894,blue,blue
22898,black,black
22900,pink,pink
22901,phone case,phone case
22906,,cell phone case
22911,black,black
22919,purple,purple
22920,multicolor,multicolored
22921,orange,orange
22924,,cellular phone case
22935,phone case,cellular phone case
22942,black,black
22943,it is pink and gold,pink
22944,,cell phone case
22946,gold,gold
22952,blue,blue
22959,purple,purple
22961,black,black and white
22964,cat,cat
22966,phone case,cellular phone case
22967,red,red
22971,phone case,cellular phone case
22988,red,red
22994,it is a square,square
22996,,cellular phone case
22997,plastic,plastic
22998,orange,orange
22999,pink,pink
23008,red glitter,red
23010,rainbow stars,rainbow
23012,black,black
23016,black,black
23017,green,green
23018,pink and blue,pink and blue
23020,black,black
23026,red,red
23031,pink,pink
23032,black,black
23033,,phone case
23037,phone case,cell phone case
23044,,cellular phone case
23045,pink,pink
23048,blue butterflies,blue
23049,black and white,black and white
23055,black and white,black and white
23057,gold,gold
23063,black,pink and black
23069,blue,blue
23071,,multicolor
23080,black and white,black and white
23084,,cell phone case
23090,pink,pink
23091,,blue white purple
23099,red,red
23109,red,red
23113,pink,pink
23115,a phone case,phone case
23121,red,red
23122,orange,orange
23129,,cell phone case
23131,blue denim,blue
23134,pink,pink purple silver
23137,pink,pink
23143,,micromax bharat 3 q437
23144,,motorola
23146,purple,purple
23153,a phone case,phone case
23154,iphone 6s plus,iphone 6s
23156,it is a tiger,tiger
23165,purple,purple
23166,,motorola one vision
23167,,samsung
23168,blue,blue
23169,,multicolor
23170,,black
23171,,canvas
23175,pink,pink
23181,pink,pink
23183,red,red
23187,,multicolor
23190,,cellular phone case
23191,red,red
23195,,cellular phone case
23196,pink,pink
23197,gold,gold
23199,red,red
23202,red,red
23205,red,red
23206,pink,pink
23207,blue,blue
23210,plastic,plastic
23211,plastic,plastic
23217,phone case,cellular phone case
23218,,blue red white
23219,green,green
23221,red,red
23222,black,black
23223,green,green
23226,blue,blue
23231,,silicon
23242,black,pink and black
23247,,cellular phone case
23250,a phone case,phone case
23252,,pink
23254,,multicolor
23255,multicolored,multicolored
23258,pink,purple pink blue
23259,pink,pink
23261,plastic,plastic
23264,red,red
23265,,pink
23274,,multicolor
23275,blue,blue
23277,gold,gold
23280,,cellular phone case
23283,orange,orange
23288,phone case,cellular phone case
23291,black,black
23293,phone case,cellular phone case
23294,black,black
23297,blue,blue
23300,red,red
23303,blue,blue
23307,rainbow,rainbow
23310,,multicolor
23314,black,black
23318,a phone case,phone case
23331,black,black
23334,,cellular phone case
23335,phone case,cell phone case
23337,,multicolor
23340,a phone case,phone case
23341,red blue orange,blue
23342,pink and blue,pink
23344,black,black
23347,blue,blue
23348,red,red
23349,black,black
23352,blue,blue
23354,phone case,cellular phone case
23360,a phone case,phone case
23367,orange,orange
23371,black,black and white
23376,red glitter,red
23377,phone case,cellular phone case
23378,,blue
23379,phone case,cellular phone case
23380,brown,brown
23386,black,black
23392,red,red
23397,,brown
23401,blue,blue
23402,red,red
23405,,brown
23407,blue,blue
23408,purple,purple
23410,red,red
23415,red,red
23417,blue,blue
23420,pink,pink
23424,pink,pink
23427,space,space
23428,black,black
23429,yellow,yellow
23430,,multi
23437,black,black
23439,,phone case
23440,blue,blue
23451,it is a phone case,phone case
23453,black,black
23457,red yellow blue orange green,blue
23460,pink,pink
23465,pink,pink
23470,black,black
23472,red,red
23473,,blue
23474,pink glittery gold,pink
23477,a cell phone case,cell phone case
23482,red roses,red
23484,red,red
23488,,cell phone case
23490,blue glitter,blue
23494,orange,orange
23495,red,red
23497,blue orange red,blue
23498,red,red
23503,black,black
23506,,pink
23507,,cellular phone case
23513,red,red
23516,,silicon
23519,black,black
23522,black,gold and black
23523,blue,blue
23525,pink,pink
23528,,wood
23529,blue butterfly,blue
23530,brown,brown
23532,plastic,plastic
23535,purple,purple
23536,blue,blue
23539,pink and blue,pink
23540,green,green
23544,rainbow fish scales,rainbow
23546,blue,blue
23552,pink,pink
23556,red blue black white grey,blue
23560,blue,blue
23569,,multicolor
23575,red,red
23580,black,black
23585,black,black and white
23587,starry night,starry
23589,blue,blue
23596,black,black
23601,,cellular phone case
23605,black,black
23612,blue,blue
23614,,cellular phone case
23615,a phone case,phone case
23623,blue,blue
23624,red,multicolored
23625,pink,pink
23626,orange,orange
23634,orange,orange
23635,red,red
23639,red,red
23642,pink,pink
23645,black,black
23649,,plastic
23650,this is a mobile phone case,phone case
23651,red yellow blue green,blue
23654,blue,blue
23656,green,green
23658,blue,blue
23661,,artwork
23668,red yellow blue pink green,yellow
23669,gold,gold
23675,blue,blue
23677,phone case,cellular phone case
23678,phone case,cellular phone case
23684,red,red
23689,phone case,cellular phone case
23692,,multicolor
23693,plastic,plastic
23699,blue,blue
23703,,cellular phone case
23709,black,black
23710,red green yellow,yellow
23712,pink,pink
23713,blue,blue
23716,phone case,cellular phone case
23721,red,red
23731,multicolor,multicolor
23732,black,black
23733,black and white,white
23736,black,black
23738,black and white,white
23739,the color of the product is red,red
23744,,huawei p9 lite
23745,blue moon,blue
23747,a phone case,phone case
23749,,cellular phone case
23751,blue,blue
23752,red,red
23755,black,black
23757,blue,blue
23760,,phone case
23762,black,black and white
23769,phone case,cell phone case
23770,red cardinal,red
23773,,single word only
23780,pink,pink
23781,red,red
23783,black,black
23785,black,black
23787,the product is available in black color,black
23788,,red
23796,blue,blue
23802,red,red
23808,,multicolor
23809,red,red
23814,purple flowers,purple
23815,blue,blue
23817,red,red
23821,black,black
23825,pink,pink
23828,red and black,red
23832,rainbow,rainbow
23833,black,black
23836,blue,blue
23837,phone case,cellular phone case
23842,,cellular phone case
23843,a phone case,phone case
23846,red,red
23847,,samsung galaxy s10
23848,pink,pink
23849,black,black
23850,brown,brown
23853,pink,pink
23859,pink,pink
23862,red,red
23865,,multicolor
23866,the product is available in the color pink,pink
23868,purple flowers,purple
23872,pink,pink
23876,,cellular phone case
23880,,cellular phone case
23883,phone case,cell phone case
23884,,cellular phone case
23885,black and white,black
23886,multicolor,multicolor
23889,pink and blue,pink
23893,,cellular phone case
23896,phone case,cellular phone case
23899,,cell phone case
23900,blue flowers,blue
23902,blue,blue
23906,pink glitter,pink
23910,pink,pink
23912,blue,blue
23916,black,black
23917,pink,pink
23922,black,black
23927,phone case,cellular phone case
23928,blue,blue
23929,,brown
23935,purple,purple
23940,red cardinal,red
23941,phone case,cellular phone case
23947,,cellular phone case
23953,purple flowers,purple
23954,black and white,black
23955,pink,pink
23960,black,black
23964,,multicolor
23970,phone case,cellular phone case
23973,,red blue pink
23982,,leather
23985,blue,blue
23990,black and white,black and white
23992,black,black
23997,red yellow blue green,yellow
24001,black,pink black white
24003,black,black
24007,blue,blue
24014,red,red
24015,blue,blue
24018,,cell phone case
24023,orange,orange
24024,ferris wheel,ferris wheel
24028,yellow,yellow
24029,,canvas
24031,pink,pink
24037,blue,blue and silver
24038,black,black
24044,blue,blue
24050,donut,donut
24054,coffee cup,coffee cup
24055,black,black
24060,red,red
24066,blue,blue
24067,blue,blue
24070,it is pink,pink
24075,black,black
24076,pink,pink
24077,pink,pink
24082,blue,blue
24083,,plastic
24084,the bird is white,white
24085,,pink
24087,,samsung galaxy s4 gt i9500
24090,black,black and white
24095,,blue
24096,,white pink and blue
24098,red and black,red
24103,,multicolor
24104,motorcycle,motorcycle
24106,red,red
24115,it is a rainbow heart,rainbow
24116,orange,orange
24120,gold,gold
24127,yellow,yellow
24133,blue,blue
24134,it is a blue heart,blue
24139,black,black
24143,red glitter glitter case for samsung galaxy s9,red
24146,blue,blue
24148,orange,orange
24150,phone case,cellular phone case
24153,,multicolor
24155,blue,blue
24160,black,black
24167,blue,blue
24168,it is a rainbow glitter,rainbow
24169,,brown
24170,blue,blue
24172,case for iphone 5c,case
24173,red,red
24179,,silicone
24180,gold,gold
24181,red,red
24183,black,black and white
24186,,red
24190,red,red
24191,yellow,yellow
24193,black,black
24203,pink,pink
24204,black,black
24213,red,red
24215,red,red
24221,pink,pink
24223,artistic mobile phone case,phone case
24225,red and black,red and black
24227,pink,pink
24236,pink,pink
24237,,brown
24241,blue,blue
24243,black,black
24247,black and white,white
24249,phone case,cell phone case
24252,blue,blue
24255,case,cellular phone case
24257,purple,purple
24263,black and white,black
24265,phone case,cellular phone case
24268,red roses,red
24269,,multicolor
24270,plastic,plastic
24271,,samsung galaxy s7 edge
24275,pink,pink
24281,wood,wood
24284,black,black
24287,phone case,cellular phone case
24293,purple,purple
24294,red,red
24296,pink,pink
24299,red,red
24300,,sony xperia z2 cellular phone case
24301,blue,blue
24303,phone case,cellular phone case
24305,gold,gold and black
24308,samsung galaxy a50,samsung
24322,pink and blue,pink
24328,blue,blue
24340,phone case,cellular phone case
24344,purple,purple
24345,u,square
24346,red,red
24348,blue,blue
24350,black,black
24352,gold,gold
24354,black,black
24355,purple,purple
24356,pink,pink
24362,,cellular phone case
24368,phone case,cellular phone case
24372,blue,blue and yellow
24374,red,red
24376,brown,brown
24382,red green yellow,yellow
24386,phone case,cellular phone case
24390,red hearts,red
24392,,cellular phone case
24393,,pink
24398,black,black
24400,blue,blue
24402,green,green
24403,,silicon
24405,yellow,yellow
24406,blue flowers,blue
24408,pink,pink
24409,black,black
24410,yellow,yellow
24421,blue,blue
24423,blue,blue
24429,phone case,cellular phone case
24430,,plastic
24436,red,red
24438,phone case,cell phone case
24442,red,red
24443,black,black
24446,red,red
24449,yellow,yellow
24451,black,black
24454,blue,blue
24458,pink and blue,blue
24460,phone case,cellular phone case
24462,pink,pink
24463,plastic,plastic
24469,iphone xr case,iphone
24470,black,black
24473,pink,pink
24475,,quotes
24476,red,red
24477,,cell phone case
24478,blue,blue
24480,red,red
24481,red hearts,red
24484,blue,blue
24485,blue,blue
24486,it is a phone case,phone case
24488,2,2
24489,black,black
24490,pink,pink
24492,red and black,red
24494,red,red
24495,black,black
24498,,other
24502,blue,blue
24504,peacock,peacock
24505,black,black
24512,red,red
24515,a phone case,phone case
24521,black,black
24527,purple flowers,purple
24533,silicone,silicone
24536,,silicon
24539,white,white
24540,,cellular phone case
24541,phone case,cellular phone case
24542,red,red
24544,blue,blue
24545,red blue orange,red
24547,pink,pink
24550,pink,pink
24552,pink,pink
24554,,phone case
24557,pink flowers,pink
24562,,yellow
24569,blue,blue
24574,red and black,red
24578,pink,pink
24579,red,red
24582,,red and blue
24584,red,red
24585,orange,orange
24587,phone case,cellular phone case
24593,black,black
24599,,multicolor
24600,dark brown,brown
24603,,brown
24606,orange,orange
24607,black,black
24609,pink,pink
24610,blue,blue
24611,blue,blue
24618,blue,blue
24621,blue,blue
24622,pink,pink
24628,,cellular phone case
24631,silicone,silicon
24633,purple,purple
24636,black,black
24640,,silicon
24643,red yellow blue green orange,red
24644,multicolor,multicolor
24645,orange,orange
24647,blue,blue
24648,orange,orange
24651,multicolored,multicolor
24654,,phone case
24659,,cell phone case
24668,phone case,cellular phone case
24672,pink,pink
24673,black,black
24677,black,black
24682,red leaves,red
24683,,cellular phone case
24686,black,black
24695,pink,pink
24697,black and white,black
24698,pink,pink
24700,this product is available in black brown red,brown
24708,,multicolor
24709,black,black
24712,red black and white,red
24714,blue,blue
24717,black,black
24721,pink,pink
24723,purple flowers,purple
24725,red,red
24727,pink,pink
24741,phone case,cellular phone case
24743,black,black
24745,blue,blue
24748,pink,pink
24751,black and white,black
24752,a phone case,phone case
24754,blue,blue
24755,pink,pink
24757,pink,pink
24764,black,black
24766,dark brown,brown
24768,,multicolor
24788,blue,blue
24795,phone case,cellular phone case
24798,rainbow fish scales,rainbow
24801,black,black
24803,,multicolor
24805,blue,blue
24811,blue,blue
24813,phone case,cellular phone case
24828,blue,blue
24834,yellow,yellow
24835,,cell phone case
24839,,samsung
24841,blue,blue
24843,rainbow scales,rainbow
24847,purple flowers,purple
24850,,plastic
24854,,pink
24855,silicone,silicone
24858,red,red pink and blue
24861,,girlie
24863,red,red
24868,orange,orange
24869,black and white,black and white
24870,pink,pink
24871,blue,blue
24879,red,red black white
24880,yellow,yellow
24881,red,red and yellow
24883,the tree stump,tree
24892,phone case,cellular phone case
24897,phone case,cellular phone case
24901,heart,heart
24908,pink,pink
24909,black,black
24917,orange,orange
24919,blue denim,blue
24924,red brick,red
24929,,cell phone case
24930,brown,brown
24932,,multicolor
24933,black and white,black
24940,,silicon
24941,blue,blue
24942,black,pink and black
24944,black,black
24953,phone case,cellular phone case
24956,blue,blue
24957,blue,blue
24958,10,10
24961,red,red
24963,red blue yellow orange green,blue
24964,iphone 7 plus case,case
24966,pink,pink
24968,black,black
24970,red,red
24972,red,red
24973,pink,pink
24974,red blue yellow orange,red
24976,blue,blue
24982,,cellular phone case
24988,pink,pink
24989,yellow,pink black yellow and white
24993,red blue yellow orange,red
24995,red,red
24996,red,red
25002,yellow,yellow
25004,plastic,plastic
25006,this is a phone case,phone case
25008,pink,pink
25010,blue,blue
25011,black,black
25012,black,black
25019,black,black and white
25020,,silicon
25022,this is a pink bear phone case,bear
25024,case,cellular phone case
25036,white,white
25038,phone case,cell phone case
25040,orange,orange
25043,black,black
25044,red glitter,red
25047,phone case,cell phone case
25048,black,black
25052,red,multicolored
25056,,leather
25057,red,red
25060,pink,pink
25063,phone case,cellular phone case
25064,phone case,phone case
25067,,red
25069,,phone case
25072,it is a phone case,phone case
25075,blue,blue
25080,pink,pink
25082,red,red
25083,black and white,black
25087,,blue
25091,blue,blue
25094,silicone,silicone
25102,red green yellow,yellow
25105,blue,blue
25106,,multicolor
25114,,cell phone
25120,,orange
25121,rainbow glitter,rainbow
25124,phone case,cellular phone case
25126,black,black
25129,black and white,white
25132,red,red
25134,pink,pink
25136,blue,blue
25137,mobile phone case,phone case
25139,red,red
25142,blue,blue
25146,brown,brown
25147,red and black,red
25151,phone case,cellular phone case
25153,gold,gold
25163,orange,orange
25166,pink and gold stripes,pink and gold
25170,purple flowers,purple
25175,blue,blue
25182,black,black
25183,,cellular phone case
25185,blue,blue
25191,blue,blue
25199,,cellular phone case
25204,phone case,cellular phone case
25206,,skeleton
25207,black,black
25212,blue,blue
25215,it is red blue and orange,orange
25231,red,red
25232,purple flowers,purple
25239,panda,panda
25243,,multi colored
25246,,cell phone case
25248,,cell phone case
25250,,samsung
25254,phone case,cellular phone case
25258,red blue orange,red
25260,it is pink,pink
25262,blue and yellow parrot,blue
25265,phone case,cellular phone case
25266,pink,pink
25267,,black
25268,it is pink,pink
25271,,gold
25274,,cellular phone case
25275,black,black
25276,,pink
25277,gold,gold
25279,black,black
25280,gold,gold
25281,blue,blue
25284,phone case,cellular phone case
25286,blue,blue
25294,black,black
25296,phone case,cellular phone case
25297,pink,pink
25300,red,red
25301,,multicolor
25305,,multicolored
25307,mobile phone case,phone case
25309,phone case,cell phone case
25312,red blue yellow orange,blue
25313,pink flowers,pink
25316,,red
25320,red roses,red
25321,pink,pink
25326,,orange
25328,silicone,silicon
25332,purple,purple
25336,,cell phone case
25339,orange,orange
25340,,brown
25348,blue flowers,blue
25350,red,red
25357,blue,blue
25359,pink,pink
25361,red,red
25366,black,black
25375,blue,blue
25380,black and white,black and white
25381,pink,pink
25387,pink,pink
25395,black,black
25396,a phone case,phone case
25402,brown,brown
25403,,singleword answer only
25409,it is a black and white tiger,tiger
25413,black,black
25416,red,red
25419,yellow,yellow
25422,black,black
25425,blue,blue
25426,phone case,cellular phone case
25428,mobile phone case,phone case
25430,a phone case,phone case
25435,plastic,plastic
25437,plastic,plastic
25442,,cell phone case
25445,black,black
25451,,plastic
25453,black,black
25454,red blue white pink green,red
25457,mobile phone case,phone case
25458,red,red
25459,purple and green,purple
25461,black,black and white
25462,,cell phone case
25464,,other
25465,,phone
25466,black,black
25474,gold,gold
25477,orange,orange
25480,,cell phone case
25490,black,black
25493,phone case,cellular phone case
25494,,cellular phone case
25496,clear,clear
25500,pink,pink
25502,blue,blue
25503,phone case,phone case
25505,,cellular phone case
25506,pink,pink
25509,blue,blue
25510,black,black
25512,orange,orange
25515,black,black
25520,black,black
25522,phone case,cell phone case
25527,,single word only
25528,red,red blue and white
25529,,multicolor
25530,,multicolor
25532,black,black
25535,black,black
25537,rainbow stars,rainbow
25543,red,red
25558,phone case,cellular phone case
25568,,silicon
25571,blue,blue
25576,,pink
25578,it is a pink phone case with a flower,pink
25579,red,red
25580,red,red
25582,red,red
25591,,cellular phone case
25592,blue,blue
25595,phone case,cellular phone case
25600,silver,silver
25601,black and white,black
25602,blue,blue
25607,blue,blue
25608,pink,pink
25609,phone case,phone case
25616,black,black
25620,red,red
25627,pink,pink
25629,orange,orange
25631,blue,blue
25633,purple,purple
25639,,square
25644,blue,blue
25648,silicone,silicon
25653,black,black
25654,,cellular phone case
25657,gold,gold black and yellow
25660,brown,brown
25676,,marble
25686,,black
25695,blue,blue
25696,orange,orange
25700,red,red
25701,,red white and blue
25702,purple,purple
25704,,silicon
25710,red,red
25713,red,red
25715,red,red
25716,black,black and white
25717,black,black
25719,purple flowers,purple
25720,pink,pink
25730,phone case,cellular phone case
25733,orange,orange
25734,,leather
25736,phone case,cell phone case
25740,,cell phone case
25741,red,red
25745,purple flowers,purple
25746,blue butterfly,blue
25747,red,red
25748,blue,blue
25754,,phone case
25760,phone case,cell phone case
25762,black,black
25765,gold,gold
25769,blue,blue
25773,phone case,cellular phone case
25775,red,red
25776,red,red
25779,artistic mobile phone case,phone case
25786,,cellular phone case
25791,pink flower,pink
25792,black,black
25793,orange,orange
25795,red,red
25796,black,white and black
25798,pink,pink
25801,phone case,cellular phone case
25802,,blue
25804,blue,blue
25805,blue,blue
25817,a phone case,phone case
25823,blue,blue
25825,phone case,cell phone case
25827,,multicolor
25834,blue,blue
25838,phone case,cellular phone case
25843,blue,blue
25845,phone case,cell phone case
25848,blue,blue
25849,pink,pink
25852,mobile phone case,phone case
25854,,clear
25855,rainbow,rainbow
25858,red,red
25860,gold,gold
25866,balloons,balloon
25869,red roses,red
25872,,cellular phone case
25873,,multicolored
25880,yellow,yellow
25884,red mushroom,red
25895,it is pink,pink
25896,,cellular phone case
25897,blue,blue
25898,pink,pink
25914,,silicon
25916,blue,blue
25918,red,red
25922,,other
25928,red,red
25930,pink,pink
25932,blue,blue
25938,phone case,cellular phone case
25943,black,black
25949,red roses,red
25950,phone case,cell phone case
25952,blue,blue
25957,pink,pink
25961,red glitter,red
25963,black,black
25965,pink,pink
25974,red yellow black white and gold,red
25976,purple flowers,purple
25983,pink,pink
25988,pink,pink
25989,blue,blue
25997,blue,blue
26003,purple,purple
26004,heart,heart
26005,blue denim,blue
26008,a phone case,phone case
26021,black,black
26027,black,black
26031,pink,pink
26036,red,red
26037,blue and orange,orange
26038,red glitter,red
26042,phone case,cellular phone case
26044,red,red
26046,pink,pink
26050,black,black
26051,orange blue green,blue
26052,pink,pink
26054,pink,pink
26063,black,yellow and black
26064,,cellular phone case
26070,blue,blue
26078,pink,pink
26079,,other
26081,blue moon,blue
26082,,cellular phone case
26086,pink,pink
26088,silicone,silicon
26090,red,pink red blue and white
26096,orange,orange
26097,phone case,cellular phone case
26100,black,black
26101,red,red
26110,,silicon
26121,it is a pink case with a girls face,pink
26123,pink,pink
26126,orange,orange
26128,yellow with pink stars,pink
26137,red brick,red
26138,red,multicolored
26142,black,black
26144,a phone case,phone case
26146,pink and blue,pink and blue
26148,,black
26149,,cell phone case
26152,black,black
26153,,gold
26157,black,black
26159,yellow,yellow
26163,black,black
26165,blue,blue
26170,phone case,cellular phone case
26173,phone case,cell phone case
26174,,multicolor
26176,pink,pink
26179,pink,pink
26181,the design is a black and white pattern,pattern
26183,a phone case,phone case
26187,black and white,black and white
26189,black,black
26191,,other
26192,black,black
26193,,silicon
26195,blue,blue
26199,phone case,cell phone case
26201,blue,blue
26202,green leaves,green
26204,,pink blue and white
26206,blue,blue
26211,,cell phone case
26213,red and white,red and white
26215,red,red
26217,black,black
26219,black,black
26224,purple,purple
26227,pink,pink
26228,,brown
26232,phone case,cellular phone case
26239,yellow,yellow
26244,black and white,black and white
26245,pink,pink
26247,a phone case,phone case
26248,it is blue and pink,pink
26251,purple yellow blue pink,pink
26253,,cell phone case
26260,this is a mobile phone case,phone case
26261,phone case,cellular phone case
26268,phone case,cell phone case
26270,pink,pink
26271,silicone,silicon
26274,,headphone
26276,red roses,red
26282,blue,blue
26287,blue,blue
26295,phone case,cellular phone case
26298,phone case,cell phone case
26300,green,green
26301,a phone case,phone case
26303,black and white,black
26307,red,red
26308,,cellular phone case
26321,black,black
26322,it is a rainbow heart,rainbow
26324,red,red
26325,black and white,black
26327,phone case,cell phone case
26329,gold,gold and black
26332,brown,brown
26333,this is a phone case for samsung galaxy s,phone case
26337,brown,brown
26338,pink,pink
26341,,cellular phone case
26345,blue,blue
26349,,lg k7
26351,,coolpad
26352,,multicolor
26356,blue,blue
26357,phone case,cellular phone case
26358,,motorola one power
26362,,cellular phone case
26366,phone case,cellular phone case
26369,red roses,red
26371,this is a phone case for samsung galaxy s,phone case
26374,phone case,cellular phone case
26375,orange,orange
26377,,wood
26378,red,red
26383,love pink,pink
26390,black,black
26392,red,red
26394,blue,blue
26396,blue flowers,blue
26399,,multicolor
26400,red yellow blue orange,red
26404,pink,pink
26405,phone case,cellular phone case
26414,black,black
26415,black,black
26416,,phone case
26418,silicone,silicon
26420,red green blue,red
26421,blue,red and blue
26423,red,red
26427,pink,pink
26428,red,red
26430,blue,blue and black
26434,,cellular phone case
26435,red brick,red
26441,pink,pink
26445,purple,purple
26449,,multicolor
26457,plastic,plastic
26462,phone case,cellular phone case
26465,black,black
26466,black,black and white
26469,pink,pink
26471,mobile phone case,phone case
26473,black,black
26474,pink and gold stripes,pink
26477,blue,blue
26482,pink,pink
26484,blue,blue
26487,phone case,cellular phone case
26496,blue,blue
26497,phone case,cellular phone case
26501,pink,pink
26502,black,black
26506,blue,blue
26509,black,black
26510,green,green
26515,red,red
26521,,cell phone case and lightning cable bundle
26523,pink,pink
26524,black,black and white
26525,black,black
26530,black,black
26533,,multicolor
26539,red hearts,red
26543,clear,clear
26545,,nokia 21
26547,blue,blue
26548,blue,blue
26551,black,black
26553,black,black
26555,pink,pink
26558,blue,blue
26562,black,black
26566,silicone,silicone
26567,,cellular phone case
26570,pink,pink
26575,red,red
26587,phone case,cellular phone case
26596,red blue yellow green orange,red
26602,black,black
26608,blue flowers,blue
26612,,cellular phone case
26614,,blue
26617,this is a phone case,phone case
26619,pink,pink
26620,,multicolor
26621,white,white
26624,red,red
26626,,brown
26630,pink,pink
26638,yellow,yellow
26640,pink and blue,pink
26646,red,red
26647,blue,blue
26649,red,red
26660,purple flowers,purple
26661,,heart
26665,,glossy surface
26671,red,red
26674,,cellular phone case
26676,blue,blue
26680,black,black
26684,black,red black pink yellow
26687,,cell phone case
26689,smiley face,smiley faces
26694,black,black
26698,plastic,plastic
26712,black,black
26714,red,red
26715,blue,blue
26717,red,red
26718,black,black
26719,pink tulip,pink
26723,red,red
26728,,cellular phone case
26729,red,red
26732,black,black
26735,pink,pink
26736,red,red
26740,a phone case,phone case
26742,,plastic
26743,pink,pink
26751,pink,pink
26753,black,black
26756,phone case,cell phone case
26760,phone case,cell phone case
26761,pink flowers,pink
26762,yellow,yellow
26765,red,pink yellow orange and red
26768,,multicolor
26769,orange,orange
26770,black,black
26771,,cell phone case
26774,yellow,yellow
26775,black,black
26777,pink,pink
26781,black,black
26783,orange,orange
26785,red,red
26792,,cellular phone case
26797,blue,blue
26799,red glitter,red
26800,blue orange yellow red,orange
26803,phone case,cell phone case
26804,black,black
26806,,black
26811,,blue
26813,,red
26817,mobile phone case,phone case
26822,white,white
26837,red green yellow blue white,yellow
26838,blue,blue
26843,clear,clear
26847,black,black and white
26848,iphone 7 plus,iphone
26852,black,black
26855,,cell phone case
26858,a phone case,phone case
26860,,blue
26861,phone case,cellular phone case
26875,purple,purple
26877,pink,pink
26880,pink and blue,blue
26885,phone case,cellular phone case
26886,phone case,cell phone case
26888,black,black
26892,red,red
26893,black,black
26896,,lion
26900,black,black
26903,blue,blue
26906,plastic,plastic
26907,,plastic
26908,black and white,white
26913,blue,blue
26918,,cellular phone case
26919,black,black
26927,red high heel shoes,red
26928,black,black
26935,blue denim,blue
26938,silicone,silicon
26942,it is a panda phone case,panda
26944,plastic,plastic
26945,red green yellow,green
26962,4,4
26963,,brown
26966,wood,wood
26969,blue,blue
26977,pink,pink
26979,phone case,cell phone case
26981,black,black
26982,yellow,yellow
26983,red,multicolored
26984,yellow,yellow
26989,orange,orange
26993,yellow,yellow
26998,multicolor,multicolored
27000,black,black
27004,its a yellowish color,yellow
27007,black,black
27013,the case is made of red blue and white,red blue and white
27016,black,black
27017,hello kitty,hello kitty
27018,pink,pink
27019,orange,orange
27025,blue,blue
27026,red,red
27027,blue flowers,blue
27028,pink,pink
27029,green,green
27030,blue,blue
27033,yellow,yellow
27038,gold glitter,gold
27039,black,black
27043,red,red
27048,pink,pink
27061,black and white,black
27062,it is a blue moon,blue
27063,red candle,red
27066,,cellular phone case
27068,red,red
27072,black,black
27073,a phone case,phone case
27074,brown,brown
27081,red,red
27088,blue,blue
27095,blue,blue
27098,black,black and gold
27100,red green blue orange,red
27107,yellow,yellow
27110,iphone case,phone case
27130,pink,pink
27131,red,red
27133,red,red
27135,red glitter phone case with crown,phone case
27139,black,black
27142,brown,brown
27144,black,white and black
27157,case,cellular phone case
27158,red yellow blue orange,orange
27167,blue,blue
27171,a phone case,phone case
27173,4,4
27174,,white
27178,black,black
27181,black,black
27182,purple,purple
27186,phone case,cellular phone case
27188,black,black
27190,pink glitter,pink
27193,this is a phone case,phone case
27197,blue,blue
27201,pink flower,pink
27203,gold,gold
27204,pink,pink
27212,,cellular phone case
27216,pink,pink
27217,black,black and white
27218,pink,pink
27219,,multicolor
27223,red heart,red
27227,black,black
27236,purple,purple
27237,,pink and purple
27239,black,black
27240,pink,pink
27242,phone case,cell phone case
27244,phone case,cellular phone case
27246,blue hydrangea,blue
27248,black,black
27257,yellow,yellow
27259,phone case,cell phone case
27262,blue hydrangea,blue
27263,pink,pink
27265,,gionee
27270,gold,gold and black
27275,multicolor,multicolor
27276,brown,brown
27281,red,red
27283,,black and red
27293,,brown
27294,blue,blue
27297,black,black
27298,,lg stylus 2
27300,phone case,cellular phone case
27303,pink and blue,pink and blue
27304,a phone case,phone case
27305,blue,blue
27306,a phone case,phone case
27308,,cellular phone case
27317,black,black
27324,brown,brown
27328,black,black
27337,yellow and blue parrot,blue
27338,red and pink,pink
27348,black,black
27356,blue,blue
27358,blue red orange,blue
27359,black,black
27362,clear,clear
27372,blue,blue
27373,purple flowers,purple
27374,black,black
27375,,silicone
27379,red,red
27380,pink,pink
27381,,siliconplastic
27382,blue,blue
27387,purple,purple
27388,black dog,black
27389,pink,pink
27390,,cell phone case
27391,phone case,cellular phone case
27394,,cell phone
27400,white marble,white
27404,multicolor,multicolor
27406,,cell phone case
27420,black,black
27422,black,black
27426,red,red
27428,red,red
27437,,cell phone case
27442,phone case,phone case
27444,black,black
27445,blue,blue
27447,pink flowers,pink
27448,blue denim,blue
27449,black,black
27451,gold glitter,gold
27454,blue,blue
27456,wood,wood
27457,pink,pink
27461,,pink
27467,black,black
27468,yellow,yellow
27472,this is a colorful geometric pattern phone case,colorful
27475,,cellular phone case
27476,red,red
27477,blue,blue
27479,blue,blue
27480,pink,pink
27483,black and white,black
27488,pink,pink
27492,black,black
27493,phone case,cellular phone case
27495,gold,gold
27498,pink and blue,pink
27499,red,red
27502,,blue
27506,pink and blue,pink
27507,black,white and black
27511,red,red
27518,brown,brown
27519,blue,blue
27521,unicorn phone case,phone case
27523,black,black
27524,black,black
27529,,phone case
27537,black,black
27539,purple flowers,purple
27540,black,black
27553,blue,blue
27558,it is pink,pink
27562,pink,pink
27563,black,black
27564,,cat
27565,it is a colorful bubble design,colorful
27573,,multicolor
27575,red,red
27578,phone case,cell phone case
27580,black,black
27583,,cell phone case
27587,black,red and black
27601,blue,blue
27608,red orange yellow,red
27612,,yellow
27614,black,black
27616,black,black
27617,pink,pink
27627,,blue
27628,blue,blue
27630,phone case,cellular phone case
27631,blue,blue
27636,gold,gold
27637,pink flowers,pink
27640,black,black
27643,red,red
27646,pink,pink
27647,pink,pink
27651,red brick,red
27652,black,black
27654,purple,purple
27656,black,black
27658,red,red
27659,blue,blue
27662,it is pink,pink
27663,blue,blue
27664,black,black
27666,blue red white,blue
27667,,cellular phone case
27670,white,white
27674,black,black
27678,black,pink yellow and black
27680,red,red
27686,blue,blue
27687,blue,blue
27692,,vivo y55l
27694,black,black
27699,blue,blue
27701,red glitter glitter case for samsung galaxy a5,red
27702,blue,blue
27704,gold,gold
27706,yellow,yellow
27707,,purple
27709,,multicolor
27711,yellow,yellow
27714,phone case,cellular phone case
27715,,blue
27717,blue butterfly,blue
27719,phone case,cellular phone case
27724,gold glitter,gold
27730,phone case,cell phone case
27731,black,black
27734,,keyboard
27735,gold glitter,gold
27737,black,black
27738,girl boss,girl boss
27739,black,black
27742,blue flowers,blue
27745,black,black
27747,pu leather,leather
27753,red,multicolored
27754,a phone case,phone case
27755,,multicolor
27758,pink,pink
27759,,phone case
27764,,white
27767,orange,orange
27768,,cellular phone case
27770,phone case,cellular phone case
27779,red,red
27788,blue,blue
27793,black,black
27796,black,black
27799,,rainbow
27801,phone case,cell phone case
27803,purple,purple
27804,blue,blue
27808,orange,orange
27810,,cellular phone case
27813,blue,blue
27817,,silicon
27818,it is a blue and yellow graffiti,blue
27820,pink glittery chevron,pink
27821,,white
27822,phone case,cell phone case
27823,phone case,cell phone case
27829,,black
27831,blue,blue
27835,black,black
27839,,multicolor
27849,,gold
27851,,cellular phone case
27861,,gionee
27863,red glitter,red
27876,,multicolor
27878,,multicolor
27888,red,red
27891,red and black,red and black
27905,phone case,cellular phone case
27912,,multicolor
27920,gold stars,gold
27921,purple flowers,purple
27926,this is a phone case for samsung galaxy s,phone case
27931,red,red
27933,pink flower,pink
27936,black,black
27937,,multicolor
27941,red,red
27942,,cellular phone case
27945,phone case,cellular phone case
27957,orange,red and orange
27958,black,black
27959,red,red
27960,,samsung galaxy m31
27966,phone case,cellular phone case
27969,blue,blue
27971,red,red
27972,,blue
27977,a phone case,phone case
27979,gold,gold
27982,,cell phone case
27990,blue,blue
27991,silicone,silicon
27993,red,red
27995,black,black
27996,pink,pink
27998,,motorola
28003,black,black
28004,dark brown,brown
28005,blue,blue
28006,blue,blue
28009,blue,blue
28010,pink,pink
28011,red,red
28014,gold,gold
28019,red blue white black,blue
28020,red,red
28022,black,black
28026,black,black
28029,the main color of this product is blue,blue
28031,black,black
28050,brick,brick
28052,purple flowers,purple
28055,,motorola
28056,,cell phone case
28059,red,red
28061,,cellular phone case
28063,pink,pink
28065,red,red
28069,,silicon
28070,black,black
28071,pink and blue,blue
28077,green,green
28080,phone case,cellular phone case
28091,a phone case,phone case
28095,blue denim,blue
28099,red,red
28103,,floral
28105,phone case,cellular phone case
28107,,silicon
28108,red,red
28117,black,black
28118,red,red
28119,black,black
28124,mobile phone case,phone case
28127,phone case,cellular phone case
28132,black,black
28133,htc one m8,htc one m8
28136,a phone case,phone case
28137,black,black
28142,phone case,cellular phone case
28143,red,red and multicolor
28147,brown,brown
28148,red,red
28150,black,black
28153,blue yellow red,blue
28155,green,green
28159,blue,blue
28161,rainbow fish scales,rainbow
28165,u,u
28167,hello kitty,hello kitty
28169,black,black
28173,pink,pink
28175,gold,gold
28179,red glitter,red
28181,red,red
28182,blue,blue
28183,black,black
28187,black,black
28188,blue,blue
28190,pink,pink
28194,pink,pink
28195,a phone case,phone case
28198,white,white
28201,pink,pink
28205,blue,blue
28206,blue peacock,blue
28209,yellow,yellow
28213,,cellular phone case
28222,black with pink stars,black
28225,brown,brown
28228,,purple
28231,green,green
28240,yellow,yellow
28241,orange,orange
28242,red brick,red
28244,red and blue,red
28245,,cellular phone case
28247,pink,pink
28252,,cell phone case
28254,black,black
28258,gold,gold
28260,gold,gold
28264,pink,pink
28279,black,black
28280,gold,gold
28283,,cell phone case
28285,multicolor,multicolored
28292,purple,purple
28293,a phone case,phone case
28294,black,black
28296,this is a mobile phone case,phone case
28300,,rainbow
28309,red,red
28310,red blue yellow,red
28311,red and pink,red
28315,blue,blue
28318,red,red
28319,black,black
28321,black,black
28324,phone case,cell phone case
28329,red,red
28330,black,black
28333,blue,blue
28334,gold,gold
28337,red,red
28339,pink glitter,pink
28342,black,black
28344,pink,pink
28347,motorola,motorola
28351,blue,blue
28355,black,black
28359,iphone 11 pro case,iphone
28361,black,black
28362,black,black
28363,,cell phone case
28365,black,black
28367,black and white,black and white
28368,white,white
28370,green,green
28372,pink,pink
28373,mobile phone case,phone case
28376,orange,orange
28377,pink,pink
28381,phone case,cellular phone case
28386,gold glitter,gold
28391,black,black
28392,it is a rainbow glitter,rainbow
28395,white,white
28399,pink,pink
28405,black,black
28413,s4,samsung galaxy s4 mini
28415,pink and blue,pink and blue
28416,plastic,plastic
28424,,cellular phone case
28425,pink,pink
28429,,cellular phone case
28435,pink,pink
28437,purple flowers,purple
28439,yellow,yellow
28446,,multicolor
28448,orange,orange
28452,a phone case,phone case
28457,pink,pink
28460,phone case,cell phone case
28462,purple,purple
28464,blue,blue
28470,red blue and white,blue
28473,,silicon
28478,,cellular phone case
28482,,multicolor
28486,green,green
28487,blue denim,blue
28488,black,black
28489,pink,pink
28491,a mobile phone case,phone case
28495,this is a mobile phone case,phone case
28499,pink,pink
28500,white,white
28503,,stone
28505,pink,pink
28508,orange and blue,blue
28516,a phone case,phone case
28520,black,red and black
28522,,cellular phone case
28529,,cell phone case
28531,black,black
28532,black,black
28534,pink,pink
28537,,silicon
28543,pink,pink
28544,phone case,cellular phone case
28545,red,red
28550,black,black
28551,white,white
28553,orange,orange
28557,the case is blue,blue
28561,this is a phone case,phone case
28565,pink,pink
28566,,cell phone case
28569,silicone,silicon
28572,red,red
28579,blue,blue
28584,it is a brown color,brown
28585,purple,purple
28587,yellow,yellow
28588,red,red
28595,red green blue,red
28599,pink,pink
28603,it is a blue and green galaxy,blue
28606,,multicolor
28612,,cellular phone case
28614,plastic,plastic
28616,black,black
28624,black,black
28627,yellow,yellow
28629,gold,gold
28630,,multicolor
28636,black,black
28638,red,red
28641,purple,purple
28644,pink,pink
28645,pu leather,leather
28650,red,red
28651,red,red
28652,,multicolor
28653,pink,pink
28656,,black
28659,blue,blue
28660,black,black
28661,wood,wood
28662,,canvas
28665,blue,blue
28671,a phone case,phone case
28672,yellow,yellow
28674,pink,pink
28679,pink,pink
28681,,silicone
28683,red roses,red
28687,black,black
28688,,silicon
28689,red,red
28691,blue,blue
28692,red brick,red
28694,red green blue orange yellow,red
28703,black,black and white
28706,blue,blue
28708,pink,pink
28710,,silicon
28712,phone case,cell phone case
28714,green,green
28715,it is a phone case,phone case
28716,red,red
28717,,multicolor
28718,pink,pink
28721,dark brown,brown
28723,blue,blue
28728,green,green
28733,blue,blue
28735,blue,blue
28737,panda,panda
28741,,cellular phone case
28742,red,red
28745,,cellular phone case
28746,,metal
28747,purple flowers,purple
28748,,cellular phone case
28751,orange,orange
28755,pink,pink
28758,red,red
28760,pink glitter,pink
28761,purple flowers,purple
28764,wood,wood
28765,red,red
28767,phone case,cellular phone case
28772,,white
28775,phone case,cell phone case
28778,phone case,cellular phone case
28781,blue,blue
28782,red hearts,red
28783,red,red
28786,blue,blue
28788,,cellular phone case
28790,,cellular phone case
28791,phone case,cellular phone case
28793,pink and gold stripes,pink and gold
28795,red,red
28796,red,red
28797,blue,blue
28798,,cellular phone case
28799,this is a phone case for iphone x,phone case
28806,blue and pink,pink
28812,black,black and white
28816,,cellular phone case
28821,,cell phone case
28824,blue,blue
28825,,multicolored
28826,black,black
28830,red,red
28832,blue flowers,blue
28835,black and white,white
28840,canvas,canvas
28841,,cell phone case
28842,multicolor,multicolored
28845,,blue
28847,black,black and white
28848,red,red
28849,purple,purple
28860,,single word only
28863,orange,orange
28866,,samsung galaxy m21
28881,pink,pink
28884,mobile phone case,phone case
28885,,brown
28887,,multicolor
28890,blue,blue
28899,red,pink blue green and red
28903,black,black
28905,,lyf water 7s
28906,the product is a clear case with a blue sky,blue
28907,this is a phone case for moto g5,phone case
28913,green,green
28916,black,black
28918,phone case,cell phone case
28919,phone case,cell phone case
28922,white,white
28925,black,black
28927,purple,purple
28938,green,green
28939,,red
28940,,plastic
28941,,cellular phone case
28943,the phone case is made of white color,white
28944,red,red
28947,pink and blue,pink
28950,,samsung galaxy s7 edge
28953,black,black
28955,gold,gold
28956,black and white,white
28957,blue,blue
28958,cat,cat
28960,purple,purple
28963,a phone case,phone case
28967,a panda bear,bear
28968,pink,pink
28969,phone case,cellular phone case
28971,blue,blue
28980,phone case,cellular phone case
28981,it is a blue and white,white
28988,,cellular phone case
28990,red,multicolored
28991,orange,orange
28992,blue,blue
28994,,cellular phone case
29001,red,red white and black
29002,,cellular phone case
29006,phone case,cellular phone case
29007,multicolor,multicolor
29008,red,red
29011,yellow,yellow
29013,,cell phone case
29014,pink,pink
29017,silicone,silicon
29018,red,red
29019,,silicon
29020,,cell phone case
29021,black,black
29022,10,10
29025,,purple
29033,purple flowers,purple
29040,,blue
29045,black,black
29053,iphone xr,apple iphone xr
29057,blue flowers,blue
29061,red,red
29064,purple,purple
29065,purple,purple
29070,white,white
29088,red,red
29089,blue,blue
29092,red blue black white green,blue
29095,purple,purple
29099,yellow,yellow
29102,,cell phone case
29122,pink,pink
29125,yellow,yellow
29127,blue,blue
29128,red,red
29130,v,v
29136,,green
29138,phone case,cellular phone case
29139,red,red
29142,red,red
29146,a phone case,phone case
29147,blue,blue
29148,,multicolor
29152,pink,pink
29159,green,green
29168,,multicolor
29170,pink and blue,pink and blue
29171,black,black
29174,,leaves
29179,,silicone
29181,pink,pink
29183,blue,blue
29184,this is a phone case,phone case
29188,purple flowers,purple
29193,,motorola
29197,blue,blue
29201,red,red
29215,,cell phone case
29222,pink,pink
29233,pink and blue,blue
29235,red,multicolored
29237,pink,pink
29241,its a summer drink,summer
29242,purple,purple
29243,red glitter,red
29247,pink,pink
29250,black,black and white
29252,black,black
29256,black,black
29261,black,black
29262,this is a phone case,phone case
29265,orange,orange
29270,black,black
29279,,canvas
29280,blue,blue
29282,phone case,cellular phone case
29288,red yellow blue pink green,pink
29293,silicone,silicone
29297,,multicolor
29301,gold,gold
29302,pink,pink
29303,a phone case,phone case
29304,black,black
29309,this is a phone case for the motorola m,motorola
29311,orange,orange
29313,,phone case
29317,blue,blue
29322,yellow,yellow
29324,pink,pink
29327,,multicolor
29328,,phone case
29331,,pink
29332,black and white panda,white
29337,wood,wood
29338,a phone case,phone case
29339,,multicolor
29343,this is a phone case,phone case
29344,red blue white,blue
29345,red,red
29346,black,black
29350,red,red
29352,phone case,cell phone case
29353,orange,orange
29362,purple flowers,purple
29364,pink,pink
29370,phone case,cellular phone case
29373,it is a pink phone case with a white cat,pink
29374,blue,blue
29381,clear,clear
29390,phone case,cellular phone case
29392,blue,blue
29394,red,red
29403,red,red
29404,red,red
29408,black,black and white
29409,purple,purple
29410,multi colored pills,multi
29417,,itel a46
29419,red glitter,red
29421,blue red white,blue
29424,red brick,red
29426,it is a black and white image,black and white
29428,blue and yellow,yellow
29430,,cellular phone case
29432,blue,blue and gold
29435,phone case,cellular phone case
29436,,multicolor
29437,red brick,red
29438,its a gray case with graffiti,gray
29441,orange,orange
29443,,cell phone case
29453,red,red
29454,red blue and blackberry,blue
29456,this product is available in black blue green,green
29468,pink,pink
29480,purple,purple
29481,pink,pink
29483,this is a yorkie dog phone case for,dog
29485,,cellular phone case
29486,red,red
29489,pink,pink
29490,gold,gold
29492,blue,blue
29495,blue,blue
29498,it is a beautiful blue,blue
29500,,plastic
29501,black,black
29505,red,red
29512,pink,pink
29513,black and white,black and white
29515,a pineapple,pineapple
29517,a phone case,phone case
29520,pink,pink
29522,blue,blue
29527,phone case,cell phone case
29530,black,black
29531,phone case,cellular phone case
29532,blue,black and blue
29533,pink,pink purple glitter
29536,black,black
29540,blue,blue
29547,black,black
29550,pink,pink
29560,red blue black white green,blue
29561,dark brown,brown
29562,red,red
29565,white,white
29569,red,red
29570,black,black
29572,pink,pink
29577,a phone case,phone case
29579,blue,blue
29580,,brown
29583,orange,orange
29584,red,red
29585,the product is pink and gold glitter,pink
29587,,cellular phone case
29601,red,red
29602,,multicolor
29603,pink,pink
29604,a phone case,phone case
29611,phone case,cell phone case
29614,,smartphone case
29617,,multicolor
29620,silicone,silicon
29621,black,black
29623,,cellular phone case
29626,pink flower,pink
29628,,motorola
29630,black,black
29634,red blue orange,blue
29635,black,black
29640,purple,purple
29643,phone case,cellular phone case
29644,phone case,cellular phone case
29645,black,black
29646,purple,purple
29648,,silicone
29649,black,black
29657,red,red
29660,pink,pink
29661,blue,blue
29662,pink,pink
29663,,multicolor
29669,pink,pink and gray
29674,gold,gold
29681,red,red
29684,red,red
29689,red,red
29691,pink,pink
29697,gold,gold
29699,black,black
29702,phone case,cellular phone case
29705,black,black
29706,orange,orange
29711,green,green
29716,black,black
29720,black,black
29722,red brick,red
29724,red,multicolored
29726,black girl magic,black
29728,plastic,plastic
29729,phone case,cellular phone case
29730,blue,blue
29731,purple,purple
29732,plastic,plastic
29745,,redmi
29747,,samsung
29753,black,black
29759,black,black
29762,blue,blue
29764,wood,wood
29765,black,black
29767,,pink
29770,brown,brown
29771,blue,blue
29772,black,black
29773,pink,pink
29775,black,black
29778,red roses,red
29779,pink,pink
29782,,phone case
29788,phone case,cell phone case
29790,black,black
29801,red wood,red
29805,,nokia 71
29807,red blue black white,red
29808,orange,orange
29809,pink,pink
29815,blue,blue
29816,blue,blue
29822,blue,blue
29829,red,red
29843,pink,pink
29844,blue,blue
29847,pink,pink
29848,blue,blue
29849,brick wall,brick
29850,,multicolor
29854,black and white,black and white
29856,phone case,cellular phone case
29858,blue,blue
29863,,lenovo
29864,black,black
29865,,other
29866,blue,blue
29870,,red blue and brown
29871,red,red
29873,pink,pink
29879,this is a mobile phone case,phone case
29880,red,red
29882,blue flower,blue
29887,,silver
29888,it is a plastic case,plastic
29890,yellow,yellow
29895,a phone case,phone case
29898,blue,blue
29903,black,black
29908,,multicolor
29919,red blue black,blue
29920,blue,blue
29928,blue,blue
29929,,phone case
29930,,xiaomi
29931,pink,pink
29937,,black
29939,blue,blue
29941,pink,pink
29947,black,black
29949,black and white,black and white
29951,blue,blue
29957,plastic,plastic
29959,black,black
29962,black,black
29963,clear,clear
29965,phone case,cellular phone case
29970,pink,pink
29978,red,red
29980,red,red
29994,red,red
29995,brown,brown
30004,,silicone
30005,,cellular phone case
30007,,multicolor
